datetime,open,high,low,close
2026-08-25 03:05:00+00:00,4625.60171,4636.00985,4622.56737,4635.6799
2026-08-25 03:10:00+00:00,4634.9822,4639.30608,4633.9203,4636.96838
2026-08-25 03:15:00+00:00,4635.90361,4636.27613,4630.99018,4634.08105
2026-08-25 03:20:00+00:00,4634.467,4636.7135,4632.71947,4635.26137
2026-08-25 03:25:00+00:00,4635.09337,4638.06438,4630.98307,4637.02623
2026-08-25 03:30:00+00:00,4637.42266,4641.01731,4636.81877,4640.7101
2026-08-25 03:35:00+00:00,4640.18224,4641.47553,4636.88077,4638.10352
2026-08-25 03:40:00+00:00,4640.56432,4640.56432,4634.99421,4636.88938
2026-08-25 03:45:00+00:00,4636.7857,4639.02915,4632.63226,4635.21022
2026-08-25 03:50:00+00:00,4634.64783,4634.64783,4632.72485,4633.49441
2026-08-25 03:55:00+00:00,4633.59593,4637.75189,4631.06496,4632.77205
2026-08-25 04:00:00+00:00,4633.391,4635.22524,4632.17777,4634.74275
2026-08-25 04:05:00+00:00,4633.93966,4636.06861,4633.93966,4635.88199
2026-08-25 04:10:00+00:00,4635.72761,4637.7887,4635.59096,4637.64891
2026-08-25 04:15:00+00:00,4637.31185,4637.35856,4634.13504,4634.30535
2026-08-25 04:20:00+00:00,4634.65549,4636.59439,4631.34494,4631.68884
2026-08-25 04:25:00+00:00,4631.76451,4634.68599,4629.62963,4629.95311
2026-08-25 04:30:00+00:00,4630.10491,4632.35954,4628.33598,4629.04381
2026-08-25 04:35:00+00:00,4630.21412,4631.13046,4627.48727,4627.68678
2026-08-25 04:40:00+00:00,4628.01442,4628.01442,4624.91906,4626.9136
2026-08-25 04:45:00+00:00,4626.59474,4626.59474,4625.27962,4626.08233
2026-08-25 04:50:00+00:00,4625.88489,4628.77245,4625.13297,4628.53707
2026-08-25 04:55:00+00:00,4628.02575,4628.12919,4625.98881,4626.09574
2026-08-25 05:00:00+00:00,4626.19062,4628.77245,4625.24383,4628.58445
2026-08-25 05:05:00+00:00,4628.15546,4638.21892,4626.10143,4636.24872
2026-08-25 05:10:00+00:00,4637.03889,4638.76463,4635.42391,4638.6961
2026-08-25 05:15:00+00:00,4638.56694,4643.31036,4637.331,4642.63914
2026-08-25 05:20:00+00:00,4641.35699,4646.19245,4641.35699,4644.05113
2026-08-25 05:25:00+00:00,4644.40764,4646.8357,4643.17222,4646.67127
2026-08-25 05:30:00+00:00,4646.26811,4647.18078,4639.72533,4642.90166
2026-08-25 05:35:00+00:00,4642.13241,4646.54964,4641.99075,4643.98659
2026-08-25 05:40:00+00:00,4644.25253,4644.25253,4639.07961,4639.37339
2026-08-25 05:45:00+00:00,4639.61598,4641.87903,4638.83559,4639.29463
2026-08-25 05:50:00+00:00,4639.70689,4642.82878,4636.45207,4641.91288
2026-08-25 05:55:00+00:00,4639.72083,4645.32912,4639.72083,4643.00064
2026-08-25 06:00:00+00:00,4643.44147,4645.76074,4642.74107,4645.67385
2026-08-25 06:05:00+00:00,4645.47078,4648.56824,4644.28208,4647.99529
2026-08-25 06:10:00+00:00,4647.72391,4650.48363,4645.96352,4649.48145
2026-08-25 06:15:00+00:00,4649.96763,4649.96763,4646.84015,4648.07919
2026-08-25 06:20:00+00:00,4647.95669,4651.03584,4644.2157,4650.396
2026-08-25 06:25:00+00:00,4649.32596,4653.32713,4649.32596,4652.40504
2026-08-25 06:30:00+00:00,4652.05205,4653.32713,4649.43277,4653.1181
2026-08-25 06:35:00+00:00,4652.66859,4652.78952,4649.19988,4649.45608
2026-08-25 06:40:00+00:00,4649.83999,4652.20034,4648.53363,4648.82647
2026-08-25 06:45:00+00:00,4649.31562,4649.31562,4647.27205,4647.80523
2026-08-25 06:50:00+00:00,4648.13724,4648.92365,4642.70007,4643.42265
2026-08-25 06:55:00+00:00,4644.95115,4644.95115,4638.19331,4638.8173
2026-08-25 07:00:00+00:00,4640.15466,4640.58657,4636.53577,4638.8096
2026-08-25 07:05:00+00:00,4638.98877,4641.73279,4636.9285,4637.24211
2026-08-25 07:10:00+00:00,4637.59388,4641.87903,4637.59388,4640.95034
2026-08-25 07:15:00+00:00,4640.9639,4642.28355,4638.4654,4641.33394
2026-08-25 07:20:00+00:00,4640.6608,4643.60344,4639.94061,4643.38971
2026-08-25 07:25:00+00:00,4643.07251,4643.07251,4636.37751,4637.09661
2026-08-25 07:30:00+00:00,4638.72228,4638.72228,4634.77938,4635.1024
2026-08-25 07:35:00+00:00,4635.6677,4635.75374,4634.56458,4635.54656
2026-08-25 07:40:00+00:00,4635.27389,4638.81581,4635.27389,4636.14883
2026-08-25 07:45:00+00:00,4636.45602,4640.80193,4635.71918,4636.44759
2026-08-25 07:50:00+00:00,4638.09137,4638.09137,4632.03757,4632.40414
2026-08-25 07:55:00+00:00,4633.14794,4633.14794,4630.27272,4630.86802
2026-08-25 08:00:00+00:00,4630.75788,4631.38061,4626.73609,4628.53552
2026-08-25 08:05:00+00:00,4627.91499,4628.77245,4622.32334,4623.40855
2026-08-25 08:10:00+00:00,4625.59069,4625.90357,4620.64504,4625.71282
2026-08-25 08:15:00+00:00,4625.3689,4630.05834,4622.34421,4628.82853
2026-08-25 08:20:00+00:00,4628.92281,4639.56012,4627.70142,4637.33168
2026-08-25 08:25:00+00:00,4632.82266,4643.33826,4632.20308,4632.73349
2026-08-25 08:30:00+00:00,4633.61847,4634.56458,4632.84688,4633.59932
2026-08-25 08:35:00+00:00,4633.56367,4634.13371,4630.29647,4631.05703
2026-08-25 08:40:00+00:00,4632.10705,4632.10705,4625.98881,4630.20077
2026-08-25 08:45:00+00:00,4629.44802,4633.9203,4628.37564,4629.17571
2026-08-25 08:50:00+00:00,4630.66256,4630.66256,4626.39922,4627.60237
2026-08-25 08:55:00+00:00,4627.38195,4630.10658,4625.48734,4629.68676
2026-08-25 09:00:00+00:00,4629.15362,4632.38474,4625.98881,4626.2274
2026-08-25 09:05:00+00:00,4626.64889,4631.77397,4625.44744,4631.46001
2026-08-25 09:10:00+00:00,4630.81557,4631.77397,4630.05834,4630.92432
2026-08-25 09:15:00+00:00,4630.83778,4633.21993,4629.74551,4633.14488
2026-08-25 09:20:00+00:00,4632.9683,4632.9683,4629.84397,4631.02885
2026-08-25 09:25:00+00:00,4631.19734,4631.96837,4627.2362,4627.52352
2026-08-25 09:30:00+00:00,4627.88953,4635.11282,4623.17346,4633.01128
2026-08-25 09:35:00+00:00,4630.27855,4637.57362,4630.27855,4631.88164
2026-08-25 09:40:00+00:00,4633.40626,4637.80624,4630.05834,4637.48186
2026-08-25 09:45:00+00:00,4637.06498,4640.15591,4637.06498,4637.48673
2026-08-25 09:50:00+00:00,4637.99854,4642.52553,4637.99854,4639.59285
2026-08-25 09:55:00+00:00,4640.89427,4640.89427,4636.46627,4637.95045
2026-08-25 10:00:00+00:00,4637.82144,4638.27312,4633.74501,4633.98015
2026-08-25 10:05:00+00:00,4634.40048,4636.49852,4633.49087,4636.29566
2026-08-25 10:10:00+00:00,4635.78768,4638.0038,4633.9203,4635.48463
2026-08-25 10:15:00+00:00,4635.99818,4638.86441,4635.38878,4638.71365
2026-08-25 10:20:00+00:00,4638.34575,4638.34575,4636.49852,4636.8302
2026-08-25 10:25:00+00:00,4637.06141,4638.46464,4634.99421,4637.92817
2026-08-25 10:30:00+00:00,4636.97482,4637.34457,4631.69204,4635.20488
2026-08-25 10:35:00+00:00,4635.6391,4638.64923,4634.3498,4638.33454
2026-08-25 10:40:00+00:00,4637.74763,4640.80193,4637.40055,4638.54119
2026-08-25 10:45:00+00:00,4638.81596,4641.84447,4636.06414,4638.96194
2026-08-25 10:50:00+00:00,4639.43104,4641.59493,4636.81415,4641.12962
2026-08-25 10:55:00+00:00,4640.54189,4642.4782,4639.55385,4640.31399
2026-08-25 11:00:00+00:00,4641.16792,4641.16792,4638.11179,4640.10942
2026-08-25 11:05:00+00:00,4639.4531,4642.55574,4638.34796,4641.84162
2026-08-25 11:10:00+00:00,4640.14684,4643.38782,4639.51007,4640.83505
2026-08-25 11:15:00+00:00,4641.33282,4644.50019,4641.33282,4644.02505
2026-08-25 11:20:00+00:00,4643.22815,4644.89758,4641.23271,4641.48054
2026-08-25 11:25:00+00:00,4641.78364,4643.05126,4640.15591,4641.02557
2026-08-25 11:30:00+00:00,4640.75172,4643.93517,4640.75172,4642.99027
2026-08-25 11:35:00+00:00,4643.06236,4644.46612,4642.95663,4644.32083
2026-08-25 11:40:00+00:00,4644.05385,4645.36801,4641.40349,4641.72136
2026-08-25 11:45:00+00:00,4642.35339,4646.62423,4640.9037,4646.29912
2026-08-25 11:50:00+00:00,4645.64982,4647.23562,4641.66357,4642.0233
2026-08-25 11:55:00+00:00,4642.58708,4644.68184,4642.58708,4642.92177
2026-08-25 12:00:00+00:00,4643.35156,4643.35156,4634.3498,4634.959
2026-08-25 12:05:00+00:00,4635.96791,4637.95074,4635.96791,4637.40513
2026-08-25 12:10:00+00:00,4636.71829,4641.66357,4636.7135,4639.42417
2026-08-25 12:15:00+00:00,4640.13605,4640.13605,4634.47242,4635.27473
2026-08-25 12:20:00+00:00,4637.11156,4638.80864,4631.80315,4635.03883
2026-08-25 12:25:00+00:00,4634.53955,4636.7135,4632.84688,4636.53073
2026-08-25 12:30:00+00:00,4636.04642,4637.10069,4632.63226,4634.34207
2026-08-25 12:35:00+00:00,4634.30436,4634.87864,4632.83178,4634.55563
2026-08-25 12:40:00+00:00,4633.9714,4640.58657,4630.58418,4640.17281
2026-08-25 12:45:00+00:00,4639.32524,4642.52553,4636.87095,4642.08626
2026-08-25 12:50:00+00:00,4641.25949,4642.74107,4638.33558,4641.58409
2026-08-25 12:55:00+00:00,4641.9992,4641.9992,4638.64923,4638.85352
2026-08-25 13:00:00+00:00,4638.93438,4640.58657,4631.34494,4633.46844
2026-08-25 13:05:00+00:00,4632.77614,4637.28549,4628.11578,4628.52326
2026-08-25 13:10:00+00:00,4628.85186,4633.06153,4626.88906,4628.18042
2026-08-25 13:15:00+00:00,4631.18812,4631.18812,4621.92642,4627.37592
2026-08-25 13:20:00+00:00,4627.02441,4627.7414,4612.75889,4613.87238
2026-08-25 13:25:00+00:00,4615.89732,4617.23151,4609.38189,4616.84513
2026-08-25 13:30:00+00:00,4616.2709,4622.14005,4612.12065,4621.98852
2026-08-25 13:35:00+00:00,4621.72182,4624.97828,4613.39731,4619.13321
2026-08-25 13:40:00+00:00,4617.94446,4620.31864,4612.86315,4613.21887
2026-08-25 13:45:00+00:00,4613.79381,4617.65193,4607.87024,4608.38671
2026-08-25 13:50:00+00:00,4608.7711,4610.14985,4607.65793,4607.6669
2026-08-25 13:55:00+00:00,4608.08139,4614.62246,4607.65793,4610.69197
2026-08-25 14:00:00+00:00,4611.59052,4618.93764,4611.59052,4617.20958
2026-08-25 14:05:00+00:00,4617.46471,4622.99478,4615.362,4621.99554
2026-08-25 14:10:00+00:00,4622.35529,4625.56085,4622.35529,4625.05722
2026-08-25 14:15:00+00:00,4624.66924,4624.66924,4621.94773,4623.84047
2026-08-25 14:20:00+00:00,4623.87733,4623.87733,4620.21807,4623.03172
2026-08-25 14:25:00+00:00,4621.34955,4627.91559,4620.36793,4626.12565
2026-08-25 14:30:00+00:00,4626.87655,4630.06227,4622.14472,4629.54639
2026-08-25 14:35:00+00:00,4628.89368,4635.07118,4628.89368,4634.70059
2026-08-25 14:40:00+00:00,4633.71009,4637.89871,4631.94469,4632.6778
2026-08-25 14:45:00+00:00,4633.50492,4638.86441,4633.50492,4636.59863
2026-08-25 14:50:00+00:00,4636.69465,4638.98448,4633.84372,4635.72141
2026-08-25 14:55:00+00:00,4635.53372,4636.06861,4634.56458,4635.30076
2026-08-25 15:00:00+00:00,4635.20142,4636.28356,4632.43047,4633.27854
2026-08-25 15:05:00+00:00,4634.51359,4634.51359,4631.34494,4631.60076
2026-08-25 15:10:00+00:00,4631.83305,4634.3498,4631.3047,4634.00246
2026-08-25 15:15:00+00:00,4633.74245,4639.72533,4629.36041,4637.89752
2026-08-25 15:20:00+00:00,4637.66566,4644.03474,4637.66566,4642.35969
2026-08-25 15:25:00+00:00,4643.03748,4643.03748,4636.85407,4642.12554
2026-08-25 15:30:00+00:00,4641.46721,4649.2865,4641.46721,4647.70737
2026-08-25 15:35:00+00:00,4645.6625,4657.22802,4645.6625,4656.95367
2026-08-25 15:40:00+00:00,4656.42234,4657.66185,4655.01277,4655.98604
2026-08-25 15:45:00+00:00,4656.63271,4656.63271,4651.5955,4651.89868
2026-08-25 15:50:00+00:00,4652.46046,4653.15791,4648.95577,4649.72063
2026-08-25 15:55:00+00:00,4650.08276,4653.54367,4649.86515,4651.92655
2026-08-25 16:00:00+00:00,4652.12449,4653.49502,4648.68102,4649.38931
2026-08-25 16:05:00+00:00,4650.95767,4650.95767,4647.0459,4647.28223
2026-08-25 16:10:00+00:00,4647.60342,4648.76929,4642.11278,4645.44381
2026-08-25 16:15:00+00:00,4645.22943,4646.62423,4643.04556,4646.4869
2026-08-25 16:20:00+00:00,4645.86249,4646.24392,4638.43406,4639.94834
2026-08-25 16:25:00+00:00,4639.63228,4641.87903,4639.63228,4641.78944
2026-08-25 16:30:00+00:00,4641.57017,4641.90165,4639.80613,4641.7802
2026-08-25 16:35:00+00:00,4641.78588,4644.90887,4637.57362,4644.45783
2026-08-25 16:40:00+00:00,4643.87392,4645.47676,4643.60344,4644.07579
2026-08-25 16:45:00+00:00,4644.08384,4645.14517,4642.52553,4644.7291
2026-08-25 16:50:00+00:00,4643.64343,4646.59517,4643.64343,4646.37041
2026-08-25 16:55:00+00:00,4645.95881,4645.95881,4640.15591,4640.52951
2026-08-25 17:00:00+00:00,4641.01964,4643.17222,4638.64923,4638.87508
2026-08-25 17:05:00+00:00,4639.46174,4640.38738,4635.85853,4636.45603
2026-08-25 17:10:00+00:00,4637.29974,4638.78209,4634.99421,4638.55925
2026-08-25 17:15:00+00:00,4638.07434,4641.79197,4635.85369,4641.53269
2026-08-25 17:20:00+00:00,4640.78137,4644.89758,4639.57395,4640.08309
2026-08-25 17:25:00+00:00,4640.76067,4640.76067,4636.06861,4636.54271
2026-08-25 17:30:00+00:00,4637.36792,4639.51007,4636.92558,4638.54389
2026-08-25 17:35:00+00:00,4638.85191,4642.95663,4638.0038,4642.54869
2026-08-25 17:40:00+00:00,4642.43819,4644.03474,4642.07353,4643.06149
2026-08-25 17:45:00+00:00,4643.09591,4645.97658,4643.09591,4645.88115
2026-08-25 17:50:00+00:00,4645.66533,4645.91261,4641.76199,4642.27979
2026-08-25 17:55:00+00:00,4643.2847,4647.94777,4643.2847,4647.72504
2026-08-25 18:00:00+00:00,4647.06257,4648.89336,4645.29208,4645.38056
2026-08-25 18:05:00+00:00,4645.51019,4647.48803,4644.60853,4647.4124
2026-08-25 18:10:00+00:00,4647.23648,4650.59912,4646.14836,4646.95565
2026-08-25 18:15:00+00:00,4647.49226,4648.32124,4646.62423,4646.81098
2026-08-25 18:20:00+00:00,4646.81187,4649.43277,4646.81187,4648.98959
2026-08-25 18:25:00+00:00,4649.03998,4650.08138,4648.34004,4649.88708
2026-08-25 18:30:00+00:00,4649.46365,4650.15332,4646.62423,4646.7689
2026-08-25 18:35:00+00:00,4646.94604,4648.35216,4646.21363,4648.23244
2026-08-25 18:40:00+00:00,4647.97615,4650.29762,4646.8866,4650.22513
2026-08-25 18:45:00+00:00,4650.0,4652.14366,4649.21661,4651.97134
2026-08-25 18:50:00+00:00,4651.65258,4651.65258,4650.29762,4650.55474
2026-08-25 18:55:00+00:00,4650.65761,4654.82005,4650.65761,4654.44057
2026-08-25 19:00:00+00:00,4653.40516,4657.22802,4653.21548,4654.55942
2026-08-25 19:05:00+00:00,4655.0755,4660.48376,4653.76024,4660.17504
2026-08-25 19:10:00+00:00,4659.65462,4662.8742,4659.65462,4660.60525
2026-08-25 19:15:00+00:00,4660.90633,4667.44457,4660.90633,4665.99574
2026-08-25 19:20:00+00:00,4666.0101,4667.29044,4663.54262,4663.841
2026-08-25 19:25:00+00:00,4664.41735,4664.41735,4660.0494,4661.13814
2026-08-25 19:30:00+00:00,4660.95725,4661.72117,4659.1491,4659.8075
2026-08-25 19:35:00+00:00,4661.26888,4661.26888,4658.31276,4659.37826
2026-08-25 19:40:00+00:00,4658.95254,4663.44615,4658.95254,4662.85509
2026-08-25 19:45:00+00:00,4661.42139,4664.1791,4660.70097,4662.83434
2026-08-25 19:50:00+00:00,4662.032,4667.44457,4662.032,4667.16764
2026-08-25 19:55:00+00:00,4666.65665,4666.94101,4662.22202,4666.54585
2026-08-25 20:00:00+00:00,4665.54169,4667.9893,4665.48474,4665.86723
2026-08-25 20:05:00+00:00,4665.75373,4666.83529,4663.09163,4666.09824
2026-08-25 20:10:00+00:00,4665.1166,4668.97003,4665.1166,4666.91332
2026-08-25 20:15:00+00:00,4667.07715,4667.07715,4665.70242,4666.12495
2026-08-25 20:20:00+00:00,4665.8872,4667.46516,4665.8872,4667.34631
2026-08-25 20:25:00+00:00,4667.11599,4667.77923,4662.43939,4662.51605
2026-08-25 20:30:00+00:00,4662.63764,4663.74405,4662.22202,4662.88714
2026-08-25 20:35:00+00:00,4663.07482,4663.07482,4661.64349,4662.03094
2026-08-25 20:40:00+00:00,4661.90997,4662.19381,4660.70097,4660.96544
2026-08-25 20:45:00+00:00,4661.08019,4662.59652,4660.9182,4661.01279
2026-08-25 20:50:00+00:00,4661.21594,4661.3051,4659.54438,4660.73082
2026-08-25 20:55:00+00:00,4660.40773,4660.40773,4657.93971,4658.63733
2026-08-25 21:00:00+00:00,4658.73323,4658.81318,4658.09577,4658.66896
2026-08-25 21:05:00+00:00,4658.61861,4658.81931,4658.52977,4658.7182
2026-08-25 21:10:00+00:00,4658.61699,4658.81982,4658.52944,4658.64799
2026-08-25 21:15:00+00:00,4658.53324,4658.83701,4658.52977,4658.55566
2026-08-25 21:20:00+00:00,4658.63444,4658.80368,4658.52977,4658.67077
2026-08-25 21:25:00+00:00,4658.62124,4658.87567,4658.52977,4658.77546
2026-08-25 21:30:00+00:00,4658.67552,4658.8649,4658.52977,4658.56466
2026-08-25 21:35:00+00:00,4658.58107,4658.8637,4658.48672,4658.51083
2026-08-25 21:40:00+00:00,4658.55401,4658.80658,4658.52977,4658.65062
2026-08-25 21:45:00+00:00,4658.61013,4658.83789,4658.51803,4658.74615
2026-08-25 21:50:00+00:00,4658.65125,4658.90083,4658.31276,4658.55306
2026-08-25 21:55:00+00:00,4658.52342,4658.52977,4656.97979,4658.3509
2026-08-25 22:00:00+00:00,4658.3556,4661.10407,4656.14378,4660.92576
2026-08-25 22:05:00+00:00,4660.65083,4661.56659,4660.60828,4661.30781
2026-08-25 22:10:00+00:00,4660.9716,4664.29743,4660.9716,4663.69032
2026-08-25 22:15:00+00:00,4662.78386,4666.58391,4662.78386,4666.49734
2026-08-25 22:20:00+00:00,4666.30404,4667.13062,4665.64396,4666.85386
2026-08-25 22:25:00+00:00,4666.61909,4666.79774,4665.70242,4666.72924
2026-08-25 22:30:00+00:00,4666.59374,4669.03158,4666.51691,4668.39802
2026-08-25 22:35:00+00:00,4668.10896,4670.4987,4667.66243,4670.00085
2026-08-25 22:40:00+00:00,4670.0675,4670.74698,4669.40605,4669.44716
2026-08-25 22:45:00+00:00,4669.29642,4672.11548,4669.29642,4672.03675
2026-08-25 22:50:00+00:00,4671.76155,4673.55237,4671.76155,4672.79792
2026-08-25 22:55:00+00:00,4673.13986,4673.37203,4672.34629,4673.33272
2026-08-25 23:00:00+00:00,4673.27351,4673.71074,4670.71462,4670.76514
2026-08-25 23:05:00+00:00,4670.90766,4672.24221,4669.96905,4670.22869
2026-08-25 23:10:00+00:00,4670.685,4670.685,4667.49111,4668.28303
2026-08-25 23:15:00+00:00,4668.17636,4668.17636,4666.35558,4667.64825
2026-08-25 23:20:00+00:00,4667.51351,4667.66243,4662.65678,4662.88969
2026-08-25 23:25:00+00:00,4663.27887,4663.27887,4660.26657,4660.8551
2026-08-25 23:30:00+00:00,4660.89925,4661.35272,4658.7468,4661.1186
2026-08-25 23:35:00+00:00,4660.96362,4660.96362,4659.4671,4660.62119
2026-08-25 23:40:00+00:00,4660.3986,4660.3986,4656.14378,4656.41267
2026-08-25 23:45:00+00:00,4656.43057,4658.52977,4656.14378,4656.38358
2026-08-25 23:50:00+00:00,4656.72155,4657.3696,4654.41005,4655.4079
2026-08-25 23:55:00+00:00,4655.59942,4655.59942,4653.76024,4653.88108
2026-08-26 00:00:00+00:00,4654.08221,4656.68213,4652.67762,4653.4636
2026-08-26 00:05:00+00:00,4654.2528,4654.2528,4652.13687,4653.29348
2026-08-26 00:10:00+00:00,4652.96727,4654.19343,4652.4258,4652.81971
2026-08-26 00:15:00+00:00,4653.44984,4654.84336,4651.75573,4654.61451
2026-08-26 00:20:00+00:00,4653.90696,4654.14034,4645.32912,4645.57224
2026-08-26 00:25:00+00:00,4646.00102,4647.70403,4643.54231,4647.37625
2026-08-26 00:30:00+00:00,4646.65835,4653.10628,4644.41054,4651.57405
2026-08-26 00:35:00+00:00,4648.00436,4648.00436,4639.4382,4640.0255
2026-08-26 00:40:00+00:00,4640.95665,4640.95665,4636.9285,4637.02154
2026-08-26 00:45:00+00:00,4637.16442,4637.85548,4636.57028,4637.63259
2026-08-26 00:50:00+00:00,4637.32487,4638.03938,4635.21337,4637.63224
2026-08-26 00:55:00+00:00,4637.04977,4638.23941,4634.24324,4638.1566
2026-08-26 01:00:00+00:00,4637.9623,4643.84354,4637.14352,4642.95273
2026-08-26 01:05:00+00:00,4641.22322,4647.64113,4640.58657,4641.015
2026-08-26 01:10:00+00:00,4642.10539,4645.54492,4640.8739,4643.81863
2026-08-26 01:15:00+00:00,4644.43605,4650.71637,4642.55069,4647.90229
2026-08-26 01:20:00+00:00,4648.92326,4648.95756,4645.86035,4647.04445
2026-08-26 01:25:00+00:00,4647.52127,4647.52127,4643.38782,4646.35338
2026-08-26 01:30:00+00:00,4646.19113,4646.19113,4640.46415,4640.96925
2026-08-26 01:35:00+00:00,4641.84679,4646.84015,4639.94061,4644.18233
2026-08-26 01:40:00+00:00,4644.35699,4646.84015,4640.37123,4645.36762
2026-08-26 01:45:00+00:00,4644.5855,4648.88759,4643.17222,4648.34364
2026-08-26 01:50:00+00:00,4647.45447,4653.1106,4647.45447,4652.04368
2026-08-26 01:55:00+00:00,4652.05671,4661.57002,4651.15204,4661.00591
2026-08-26 02:00:00+00:00,4659.88721,4659.88721,4654.95564,4657.30375
2026-08-26 02:05:00+00:00,4657.20723,4661.06604,4657.20723,4660.96775
2026-08-26 02:10:00+00:00,4660.76901,4661.35272,4658.31276,4660.55231
2026-08-26 02:15:00+00:00,4660.14989,4661.13545,4660.14989,4661.06169
2026-08-26 02:20:00+00:00,4660.8425,4661.57002,4659.58204,4659.66977
2026-08-26 02:25:00+00:00,4659.79437,4659.79437,4657.01113,4657.10731
2026-08-26 02:30:00+00:00,4657.31896,4663.74405,4657.31896,4663.42277
2026-08-26 02:35:00+00:00,4662.79797,4665.48474,4660.26657,4662.82639
2026-08-26 02:40:00+00:00,4661.37986,4670.06024,4661.37986,4669.83441
2026-08-26 02:45:00+00:00,4669.3057,4669.3057,4666.06844,4666.41377
2026-08-26 02:50:00+00:00,4667.11644,4667.11644,4661.12246,4661.61175
2026-08-26 02:55:00+00:00,4662.66168,4662.66168,4658.7468,4658.80568
2026-08-26 03:00:00+00:00,4658.90215,4660.09021,4654.33848,4654.92236
2026-08-26 03:05:00+00:00,4655.69804,4658.31276,4649.86515,4650.10022
2026-08-26 03:10:00+00:00,4650.47388,4650.47388,4647.92006,4648.5047
2026-08-26 03:15:00+00:00,4648.19945,4649.27084,4646.62423,4646.69029
2026-08-26 03:20:00+00:00,4646.82725,4650.08138,4646.63447,4649.83335
2026-08-26 03:25:00+00:00,4649.62582,4650.08138,4648.1361,4648.18618
2026-08-26 03:30:00+00:00,4648.29992,4651.37913,4648.29992,4650.68419
2026-08-26 03:35:00+00:00,4650.56361,4651.39281,4647.84795,4650.89168
2026-08-26 03:40:00+00:00,4649.59737,4649.59737,4645.91481,4647.23268
2026-08-26 03:45:00+00:00,4646.8719,4646.8719,4643.60344,4644.40801
2026-08-26 03:50:00+00:00,4644.2875,4645.54492,4643.60344,4645.27614
2026-08-26 03:55:00+00:00,4645.17233,4645.54515,4643.60344,4644.03212
2026-08-26 04:00:00+00:00,4643.94654,4644.12229,4642.796,4643.86151
2026-08-26 04:05:00+00:00,4643.43068,4644.41059,4641.59138,4643.26455
2026-08-26 04:10:00+00:00,4643.03109,4643.81908,4643.03109,4643.21168
2026-08-26 04:15:00+00:00,4643.24142,4643.24142,4641.87903,4642.49376
2026-08-26 04:20:00+00:00,4642.21418,4642.74537,4641.66357,4641.74458
2026-08-26 04:25:00+00:00,4641.91958,4643.5223,4641.01731,4641.86432
2026-08-26 04:30:00+00:00,4641.71204,4643.17222,4641.23271,4641.43106
2026-08-26 04:35:00+00:00,4641.71643,4642.12178,4641.23271,4641.25164
2026-08-26 04:40:00+00:00,4641.27145,4641.917,4639.94061,4641.64463
2026-08-26 04:45:00+00:00,4641.57929,4641.57929,4639.07961,4639.18208
2026-08-26 04:50:00+00:00,4639.37477,4641.87903,4639.37477,4641.731
2026-08-26 04:55:00+00:00,4641.41302,4641.66357,4639.72533,4639.85154
2026-08-26 05:00:00+00:00,4640.07001,4643.44835,4640.06572,4643.28386
2026-08-26 05:05:00+00:00,4643.0602,4644.50653,4641.66357,4642.81784
2026-08-26 05:10:00+00:00,4643.28384,4646.23698,4641.87903,4642.04305
2026-08-26 05:15:00+00:00,4642.16052,4644.00572,4641.18018,4643.88817
2026-08-26 05:20:00+00:00,4643.61484,4644.46612,4642.30017,4644.22154
2026-08-26 05:25:00+00:00,4643.8124,4645.23729,4642.95663,4644.93858
2026-08-26 05:30:00+00:00,4644.54154,4647.48803,4644.54154,4645.75803
2026-08-26 05:35:00+00:00,4646.56517,4646.56517,4639.29483,4639.61589
2026-08-26 05:40:00+00:00,4640.18207,4647.01207,4638.8882,4639.6845
2026-08-26 05:45:00+00:00,4641.24878,4641.24878,4636.28356,4639.30219
2026-08-26 05:50:00+00:00,4638.86197,4640.15591,4636.78819,4640.05509
2026-08-26 05:55:00+00:00,4639.85713,4640.36001,4637.35856,4639.24742
2026-08-26 06:00:00+00:00,4639.01684,4640.54898,4634.42621,4639.51401
2026-08-26 06:05:00+00:00,4636.92995,4641.66357,4636.92995,4638.64483
2026-08-26 06:10:00+00:00,4638.78255,4639.82856,4636.7135,4638.4553
2026-08-26 06:15:00+00:00,4638.39792,4638.43406,4632.41766,4632.54602
2026-08-26 06:20:00+00:00,4632.66342,4634.13504,4626.84495,4627.27326
2026-08-26 06:25:00+00:00,4628.1212,4628.77245,4625.56085,4626.02789
2026-08-26 06:30:00+00:00,4626.38354,4630.27272,4625.3469,4628.88721
2026-08-26 06:35:00+00:00,4629.07397,4631.79692,4627.70142,4629.35775
2026-08-26 06:40:00+00:00,4628.88807,4633.76321,4628.88807,4633.54811
2026-08-26 06:45:00+00:00,4632.92993,4636.49852,4632.92993,4636.20713
2026-08-26 06:50:00+00:00,4635.87783,4636.49852,4633.27619,4633.41582
2026-08-26 06:55:00+00:00,4633.62514,4633.987,4630.62264,4633.71522
2026-08-26 07:00:00+00:00,4633.136,4638.73064,4633.136,4636.59047
2026-08-26 07:05:00+00:00,4637.46793,4639.37514,4634.54584,4634.82838
2026-08-26 07:10:00+00:00,4635.34156,4636.4082,4634.13504,4636.21932
2026-08-26 07:15:00+00:00,4635.76305,4638.10192,4634.42852,4634.98282
2026-08-26 07:20:00+00:00,4635.99988,4635.99988,4632.84688,4633.54097
2026-08-26 07:25:00+00:00,4633.42309,4635.42391,4631.58057,4631.9474
2026-08-26 07:30:00+00:00,4632.56238,4634.77938,4630.70155,4634.61182
2026-08-26 07:35:00+00:00,4634.31476,4635.54894,4630.97687,4631.48759
2026-08-26 07:40:00+00:00,4632.35155,4632.35155,4629.201,4630.5909
2026-08-26 07:45:00+00:00,4630.41858,4633.36867,4630.35166,4633.05498
2026-08-26 07:50:00+00:00,4632.63366,4635.31718,4628.12977,4628.93785
2026-08-26 07:55:00+00:00,4628.72902,4629.42009,4626.40047,4629.18824
2026-08-26 08:00:00+00:00,4628.88,4630.30104,4627.23379,4629.91756
2026-08-26 08:05:00+00:00,4629.60734,4629.62963,4624.61405,4625.36784
2026-08-26 08:10:00+00:00,4626.53646,4629.62963,4626.41684,4627.88265
2026-08-26 08:15:00+00:00,4627.7959,4627.7959,4622.99478,4624.03518
2026-08-26 08:20:00+00:00,4624.76543,4625.13297,4622.78107,4622.96003
2026-08-26 08:25:00+00:00,4623.54465,4629.14277,4623.54465,4628.91598
2026-08-26 08:30:00+00:00,4628.33254,4629.56829,4625.3469,4628.96223
2026-08-26 08:35:00+00:00,4627.99155,4630.95073,4627.99155,4628.33178
2026-08-26 08:40:00+00:00,4628.70586,4629.01839,4628.12977,4628.96618
2026-08-26 08:45:00+00:00,4628.73383,4629.4824,4627.70142,4627.82566
2026-08-26 08:50:00+00:00,4628.03808,4628.48153,4628.03808,4628.06081
2026-08-26 08:55:00+00:00,4628.07898,4628.6133,4626.50154,4627.46894
2026-08-26 09:00:00+00:00,4627.04739,4631.13046,4627.04739,4628.24062
2026-08-26 09:05:00+00:00,4628.96298,4628.96298,4624.9354,4625.30686
2026-08-26 09:10:00+00:00,4626.0381,4627.91559,4624.27746,4625.4051
2026-08-26 09:15:00+00:00,4625.91478,4626.48819,4622.24415,4622.96372
2026-08-26 09:20:00+00:00,4622.88131,4622.88131,4619.72484,4620.82445
2026-08-26 09:25:00+00:00,4620.58079,4621.31299,4616.59203,4617.80816
2026-08-26 09:30:00+00:00,4617.63907,4622.14005,4617.09393,4621.32302
2026-08-26 09:35:00+00:00,4621.38686,4621.43662,4620.64504,4620.73141
2026-08-26 09:40:00+00:00,4620.77192,4622.27283,4620.21807,4621.84065
2026-08-26 09:45:00+00:00,4620.69172,4624.91906,4620.69172,4624.79144
2026-08-26 09:50:00+00:00,4624.42813,4624.91906,4622.66073,4622.87135
2026-08-26 09:55:00+00:00,4623.2568,4625.3469,4623.2568,4624.08447
2026-08-26 10:00:00+00:00,4624.11631,4625.18688,4621.49921,4622.96825
2026-08-26 10:05:00+00:00,4621.51196,4624.70518,4620.64504,4620.82526
2026-08-26 10:10:00+00:00,4621.24107,4621.73292,4618.08442,4618.23909
2026-08-26 10:15:00+00:00,4618.30448,4620.21807,4618.2595,4618.51631
2026-08-26 10:20:00+00:00,4618.84818,4620.00462,4614.90591,4619.67647
2026-08-26 10:25:00+00:00,4619.09243,4620.38026,4613.18448,4615.00597
2026-08-26 10:30:00+00:00,4614.86251,4619.04434,4614.79623,4618.93445
2026-08-26 10:35:00+00:00,4618.55945,4623.70872,4617.98041,4623.07804
2026-08-26 10:40:00+00:00,4622.26509,4624.70518,4620.85856,4621.16385
2026-08-26 10:45:00+00:00,4621.61482,4623.33311,4621.30914,4623.26695
2026-08-26 10:50:00+00:00,4623.04576,4624.60787,4622.14005,4622.25583
2026-08-26 10:55:00+00:00,4622.53015,4623.15728,4620.00462,4620.12172
2026-08-26 11:00:00+00:00,4620.22645,4621.28221,4619.67152,4621.19212
2026-08-26 11:05:00+00:00,4620.99131,4621.28564,4617.48972,4617.83611
2026-08-26 11:10:00+00:00,4618.52786,4618.72431,4617.44088,4618.6329
2026-08-26 11:15:00+00:00,4618.4033,4622.52187,4617.91754,4622.30381
2026-08-26 11:20:00+00:00,4621.81844,4622.99478,4616.59203,4616.84091
2026-08-26 11:25:00+00:00,4617.22062,4621.09726,4617.05654,4620.90715
2026-08-26 11:30:00+00:00,4620.65502,4622.78107,4619.60627,4622.3511
2026-08-26 11:35:00+00:00,4622.78293,4622.78293,4617.65792,4617.76686
2026-08-26 11:40:00+00:00,4618.05974,4619.36438,4617.91873,4619.24704
2026-08-26 11:45:00+00:00,4619.07731,4619.74971,4617.65792,4617.69576
2026-08-26 11:50:00+00:00,4617.49648,4619.57777,4617.49648,4619.53338
2026-08-26 11:55:00+00:00,4619.38848,4625.3469,4618.61615,4625.07908
2026-08-26 12:00:00+00:00,4624.56732,4628.5582,4622.68915,4627.16774
2026-08-26 12:05:00+00:00,4627.32411,4629.84397,4626.84495,4628.71026
2026-08-26 12:10:00+00:00,4628.42538,4628.42538,4625.56085,4627.26886
2026-08-26 12:15:00+00:00,4627.14224,4629.4153,4623.78518,4629.10419
2026-08-26 12:20:00+00:00,4628.50757,4629.84397,4626.13996,4626.42721
2026-08-26 12:25:00+00:00,4626.79151,4630.48713,4625.20448,4629.1995
2026-08-26 12:30:00+00:00,4629.56699,4633.22009,4615.95273,4621.43045
2026-08-26 12:35:00+00:00,4619.45129,4624.91906,4616.87984,4621.9434
2026-08-26 12:40:00+00:00,4623.31892,4624.23446,4615.8516,4622.67926
2026-08-26 12:45:00+00:00,4619.15891,4625.98881,4618.03542,4622.74978
2026-08-26 12:50:00+00:00,4620.96801,4625.32434,4616.75864,4617.60668
2026-08-26 12:55:00+00:00,4618.72966,4618.72966,4606.67937,4615.88188
2026-08-26 13:00:00+00:00,4617.16302,4621.92642,4608.92659,4615.34143
2026-08-26 13:05:00+00:00,4617.32129,4617.32129,4610.33992,4610.63103
2026-08-26 13:10:00+00:00,4611.09314,4611.60464,4609.56947,4610.48705
2026-08-26 13:15:00+00:00,4610.66443,4613.8843,4600.6625,4610.46837
2026-08-26 13:20:00+00:00,4608.99215,4613.39731,4600.86096,4612.00524
2026-08-26 13:25:00+00:00,4610.60852,4611.7845,4605.32375,4609.88901
2026-08-26 13:30:00+00:00,4608.08685,4617.31468,4608.08685,4616.19761
2026-08-26 13:35:00+00:00,4614.77696,4619.27074,4613.82301,4615.33098
2026-08-26 13:40:00+00:00,4615.21369,4620.79125,4611.14606,4620.21002
2026-08-26 13:45:00+00:00,4619.44322,4623.20851,4618.26197,4623.1231
2026-08-26 13:50:00+00:00,4622.85464,4626.84495,4621.92642,4625.6825
2026-08-26 13:55:00+00:00,4625.82005,4630.18777,4625.56085,4629.80277
2026-08-26 14:00:00+00:00,4629.18313,4632.20308,4623.42226,4626.11014
2026-08-26 14:05:00+00:00,4625.89216,4625.89216,4622.99478,4623.19786
2026-08-26 14:10:00+00:00,4623.53994,4626.20281,4620.85856,4623.50395
2026-08-26 14:15:00+00:00,4623.52877,4623.52877,4620.00462,4622.66191
2026-08-26 14:20:00+00:00,4621.94034,4626.10509,4621.00877,4621.89274
2026-08-26 14:25:00+00:00,4623.1473,4623.1473,4617.44471,4618.67678
2026-08-26 14:30:00+00:00,4618.51842,4618.51842,4616.14495,4616.31133
2026-08-26 14:35:00+00:00,4616.83129,4618.87706,4615.10061,4615.61519
2026-08-26 14:40:00+00:00,4615.56446,4622.26396,4615.45629,4622.03353
2026-08-26 14:45:00+00:00,4621.5785,4625.51366,4612.33338,4612.68211
2026-08-26 14:50:00+00:00,4613.28988,4613.31817,4609.4252,4610.24549
2026-08-26 14:55:00+00:00,4611.89693,4613.64267,4606.38445,4607.27569
2026-08-26 15:00:00+00:00,4607.47176,4609.26683,4597.48977,4597.98348
2026-08-26 15:05:00+00:00,4598.73871,4599.931,4587.57684,4595.11579
2026-08-26 15:10:00+00:00,4592.96581,4599.18135,4589.98797,4596.88893
2026-08-26 15:15:00+00:00,4595.63381,4595.63381,4582.25287,4591.60041
2026-08-26 15:20:00+00:00,4589.29115,4594.74361,4589.29115,4592.38774
2026-08-26 15:25:00+00:00,4592.74587,4596.13273,4591.74928,4595.75998
2026-08-26 15:30:00+00:00,4595.18209,4597.48977,4595.18209,4596.65346
2026-08-26 15:35:00+00:00,4596.84671,4600.0276,4595.20248,4599.10216
2026-08-26 15:40:00+00:00,4599.43798,4603.95307,4598.54686,4603.51359
2026-08-26 15:45:00+00:00,4602.60339,4608.55534,4602.60339,4608.29145
2026-08-26 15:50:00+00:00,4607.83509,4608.93211,4599.60443,4599.8939
2026-08-26 15:55:00+00:00,4600.40025,4603.8396,4597.34621,4598.20522
2026-08-26 16:00:00+00:00,4600.19096,4600.19096,4592.00073,4596.33762
2026-08-26 16:05:00+00:00,4596.67528,4602.53292,4596.67528,4600.55901
2026-08-26 16:10:00+00:00,4600.27919,4600.27919,4597.71095,4597.88471
2026-08-26 16:15:00+00:00,4598.42521,4599.95522,4597.82699,4598.71264
2026-08-26 16:20:00+00:00,4598.47075,4598.96983,4594.32142,4594.70326
2026-08-26 16:25:00+00:00,4595.57664,4596.45829,4595.37705,4595.47465
2026-08-26 16:30:00+00:00,4595.60365,4595.60365,4593.8993,4593.95439
2026-08-26 16:35:00+00:00,4594.04256,4595.17122,4589.00815,4589.67024
2026-08-26 16:40:00+00:00,4590.69398,4591.15743,4584.80948,4591.05088
2026-08-26 16:45:00+00:00,4590.60548,4594.53251,4587.78731,4594.25141
2026-08-26 16:50:00+00:00,4593.5074,4596.22191,4589.26113,4589.53695
2026-08-26 16:55:00+00:00,4589.92851,4591.46682,4589.05053,4591.347
2026-08-26 17:00:00+00:00,4590.92663,4593.35439,4590.84985,4593.11987
2026-08-26 17:05:00+00:00,4592.4466,4596.43317,4589.80772,4596.12552
2026-08-26 17:10:00+00:00,4595.47861,4595.58824,4593.12772,4593.90226
2026-08-26 17:15:00+00:00,4594.08486,4595.97892,4593.5806,4593.82214
2026-08-26 17:20:00+00:00,4594.42918,4598.3354,4594.42918,4597.12502
2026-08-26 17:25:00+00:00,4597.22633,4597.93746,4595.16589,4597.31517
2026-08-26 17:30:00+00:00,4596.85627,4601.82848,4596.85627,4601.30455
2026-08-26 17:35:00+00:00,4600.05852,4602.35641,4596.85575,4597.89918
2026-08-26 17:40:00+00:00,4597.77091,4599.39288,4596.01066,4596.31582
2026-08-26 17:45:00+00:00,4596.91437,4598.54686,4596.91437,4597.10191
2026-08-26 17:50:00+00:00,4597.33826,4598.96983,4597.33826,4598.80289
2026-08-26 17:55:00+00:00,4598.76917,4599.45016,4594.74361,4597.12772
2026-08-26 18:00:00+00:00,4596.72178,4602.67005,4596.70987,4602.20947
2026-08-26 18:05:00+00:00,4601.62962,4604.26739,4600.87417,4601.00408
2026-08-26 18:10:00+00:00,4601.08567,4604.09042,4600.95276,4601.50206
2026-08-26 18:15:00+00:00,4602.47351,4602.47351,4596.05353,4596.64605
2026-08-26 18:20:00+00:00,4597.64211,4597.64211,4593.8907,4594.97526
2026-08-26 18:25:00+00:00,4594.85328,4594.95474,4593.53039,4594.1989
2026-08-26 18:30:00+00:00,4594.42808,4595.0184,4593.71451,4594.76651
2026-08-26 18:35:00+00:00,4594.58324,4595.96999,4592.502,4594.19236
2026-08-26 18:40:00+00:00,4594.34039,4597.27841,4593.32211,4597.16618
2026-08-26 18:45:00+00:00,4596.92999,4597.91255,4596.39882,4597.82815
2026-08-26 18:50:00+00:00,4597.61938,4597.91255,4596.22191,4597.81457
2026-08-26 18:55:00+00:00,4597.6115,4597.6115,4593.68827,4594.26498
2026-08-26 19:00:00+00:00,4594.56657,4594.85557,4590.94665,4591.35304
2026-08-26 19:05:00+00:00,4592.07014,4593.42975,4591.36823,4592.05555
2026-08-26 19:10:00+00:00,4592.55776,4595.58824,4592.55776,4593.54518
2026-08-26 19:15:00+00:00,4593.68759,4595.16589,4592.21161,4592.70852
2026-08-26 19:20:00+00:00,4592.6166,4594.03159,4590.88719,4593.83976
2026-08-26 19:25:00+00:00,4593.2729,4599.38313,4592.58962,4597.44054
2026-08-26 19:30:00+00:00,4597.89718,4600.87417,4597.89718,4599.6636
2026-08-26 19:35:00+00:00,4599.58719,4599.58719,4596.85575,4597.49446
2026-08-26 19:40:00+00:00,4597.43172,4597.43172,4595.21094,4595.62844
2026-08-26 19:45:00+00:00,4596.39802,4596.78859,4594.32142,4595.78264
2026-08-26 19:50:00+00:00,4595.53414,4596.01066,4592.63342,4593.39189
2026-08-26 19:55:00+00:00,4593.69039,4594.55578,4592.63342,4592.8099
2026-08-26 20:00:00+00:00,4593.07329,4595.16589,4592.70577,4595.00293
2026-08-26 20:05:00+00:00,4594.67083,4596.64445,4593.23542,4595.21448
2026-08-26 20:10:00+00:00,4595.65848,4595.65848,4592.63342,4592.97856
2026-08-26 20:15:00+00:00,4593.00598,4593.46706,4589.26113,4589.70638
2026-08-26 20:20:00+00:00,4589.76812,4591.86747,4584.42213,4588.06049
2026-08-26 20:25:00+00:00,4586.98949,4591.57904,4586.98949,4591.54932
2026-08-26 20:30:00+00:00,4591.49048,4591.69032,4590.73589,4591.16787
2026-08-26 20:35:00+00:00,4591.05763,4593.29397,4591.05763,4593.23042
2026-08-26 20:40:00+00:00,4593.0715,4593.26627,4591.36823,4591.52713
2026-08-26 20:45:00+00:00,4591.81903,4593.16632,4591.55811,4592.84628
2026-08-26 20:50:00+00:00,4592.38453,4594.11035,4592.38453,4592.87166
2026-08-26 20:55:00+00:00,4592.90436,4594.53821,4592.63342,4594.48089
2026-08-26 21:00:00+00:00,4594.38695,4594.78129,4593.0553,4593.76929
2026-08-26 21:05:00+00:00,4593.59749,4593.96329,4593.59749,4593.82007
2026-08-26 21:10:00+00:00,4593.7414,4593.88883,4593.67597,4593.67597
2026-08-26 21:15:00+00:00,4593.70726,4593.97323,4593.63835,4593.88045
2026-08-26 21:20:00+00:00,4593.79516,4593.93506,4593.66309,4593.80428
2026-08-26 21:25:00+00:00,4593.70555,4593.95659,4593.62803,4593.87182
2026-08-26 21:30:00+00:00,4593.70437,4593.8993,4593.47726,4593.51109
2026-08-26 21:35:00+00:00,4593.59817,4593.88958,4593.57782,4593.75945
2026-08-26 21:40:00+00:00,4593.69654,4593.82641,4593.66604,4593.78696
2026-08-26 21:45:00+00:00,4593.68924,4593.87089,4593.47726,4593.77989
2026-08-26 21:50:00+00:00,4593.65841,4594.11035,4593.47726,4593.79485
2026-08-26 21:55:00+00:00,4593.81331,4593.9443,4593.67201,4593.80466
2026-08-26 22:00:00+00:00,4593.73892,4607.0211,4590.98701,4605.41181
2026-08-26 22:05:00+00:00,4605.10288,4605.10288,4603.35121,4603.87713
2026-08-26 22:10:00+00:00,4603.95578,4604.68757,4602.56577,4603.18966
2026-08-26 22:15:00+00:00,4603.03935,4612.33338,4598.55762,4611.87004
2026-08-26 22:20:00+00:00,4610.79837,4613.18448,4606.73614,4607.38599
2026-08-26 22:25:00+00:00,4608.84149,4609.71214,4605.74797,4609.18623
2026-08-26 22:30:00+00:00,4608.06133,4611.48259,4608.06133,4610.18216
2026-08-26 22:35:00+00:00,4610.5428,4610.5428,4609.14454,4610.07914
2026-08-26 22:40:00+00:00,4609.60015,4611.26994,4609.14454,4611.04959
2026-08-26 22:45:00+00:00,4610.68504,4611.02976,4608.73938,4608.97263
2026-08-26 22:50:00+00:00,4609.4028,4609.4028,4607.65793,4607.85821
2026-08-26 22:55:00+00:00,4607.85221,4608.53806,4607.44563,4608.48408
2026-08-26 23:00:00+00:00,4608.40286,4610.60159,4606.95758,4609.77822
2026-08-26 23:05:00+00:00,4609.33691,4611.90795,4607.84722,4611.11284
2026-08-26 23:10:00+00:00,4611.32893,4614.31516,4610.41955,4611.98011
2026-08-26 23:15:00+00:00,4612.40323,4619.754,4612.40323,4619.28844
2026-08-26 23:20:00+00:00,4618.43396,4622.3537,4618.43396,4622.10269
2026-08-26 23:25:00+00:00,4622.02575,4622.47277,4620.95427,4622.24293
2026-08-26 23:30:00+00:00,4621.84762,4621.84762,4618.49375,4618.58547
2026-08-26 23:35:00+00:00,4618.97986,4622.14005,4618.97986,4619.45364
2026-08-26 23:40:00+00:00,4620.02975,4623.84982,4620.02975,4622.73258
2026-08-26 23:45:00+00:00,4622.91961,4624.21353,4622.08471,4623.62712
2026-08-26 23:50:00+00:00,4622.88699,4624.9706,4621.38717,4621.77244
2026-08-26 23:55:00+00:00,4622.45152,4623.84982,4620.85856,4623.74092
2026-08-27 00:00:00+00:00,4623.50152,4625.95848,4622.82093,4625.68715
2026-08-27 00:05:00+00:00,4624.92148,4626.54902,4618.34352,4618.59474
2026-08-27 00:10:00+00:00,4619.06646,4620.00462,4616.80517,4617.08726
2026-08-27 00:15:00+00:00,4617.2913,4619.36438,4613.51096,4613.77343
2026-08-27 00:20:00+00:00,4614.01557,4622.14005,4614.01557,4621.49899
2026-08-27 00:25:00+00:00,4620.80677,4621.07209,4618.13731,4618.47399
2026-08-27 00:30:00+00:00,4619.07601,4620.43155,4613.61015,4613.79058
2026-08-27 00:35:00+00:00,4614.10937,4616.02924,4610.41955,4614.57086
2026-08-27 00:40:00+00:00,4614.13786,4614.13786,4607.1356,4608.0797
2026-08-27 00:45:00+00:00,4610.21784,4610.21784,4605.74797,4609.61286
2026-08-27 00:50:00+00:00,4608.59459,4610.63212,4601.5093,4601.79538
2026-08-27 00:55:00+00:00,4602.32074,4604.43157,4602.1446,4603.22811
2026-08-27 01:00:00+00:00,4603.64285,4613.7904,4603.64285,4612.84421
2026-08-27 01:05:00+00:00,4610.5054,4617.87116,4610.5054,4617.68359
2026-08-27 01:10:00+00:00,4617.43186,4623.18796,4613.9569,4618.8505
2026-08-27 01:15:00+00:00,4620.09418,4624.79206,4617.65792,4618.4264
2026-08-27 01:20:00+00:00,4618.60581,4623.84982,4618.60581,4623.62355
2026-08-27 01:25:00+00:00,4623.30969,4624.49131,4619.86443,4620.117
2026-08-27 01:30:00+00:00,4620.51099,4622.3537,4619.36438,4622.14118
2026-08-27 01:35:00+00:00,4621.70043,4630.916,4620.71304,4629.85308
2026-08-27 01:40:00+00:00,4628.03872,4630.80425,4624.17454,4624.74224
2026-08-27 01:45:00+00:00,4625.56052,4631.55945,4623.42226,4630.31718
2026-08-27 01:50:00+00:00,4630.42092,4634.63864,4629.24652,4633.83068
2026-08-27 01:55:00+00:00,4632.31034,4639.29483,4632.31034,4639.19431
2026-08-27 02:00:00+00:00,4638.96172,4642.31001,4638.87336,4640.81567
2026-08-27 02:05:00+00:00,4642.11898,4642.11898,4638.53701,4640.86361
2026-08-27 02:10:00+00:00,4640.4785,4642.08781,4638.45457,4638.77806
2026-08-27 02:15:00+00:00,4639.48841,4640.58657,4638.65697,4639.51187
2026-08-27 02:20:00+00:00,4639.41525,4640.37123,4637.55657,4637.95616
2026-08-27 02:25:00+00:00,4638.62843,4638.62843,4633.55539,4634.30828
2026-08-27 02:30:00+00:00,4635.8323,4635.8323,4628.77245,4629.03561
2026-08-27 02:35:00+00:00,4629.46089,4630.77817,4624.91906,4625.08936
2026-08-27 02:40:00+00:00,4625.31642,4628.34398,4623.56561,4624.03095
2026-08-27 02:45:00+00:00,4624.5406,4630.0742,4624.5406,4629.41093
2026-08-27 02:50:00+00:00,4628.17531,4632.95536,4627.91559,4629.69213
2026-08-27 02:55:00+00:00,4629.25403,4630.34609,4628.34398,4629.68502
2026-08-27 03:00:00+00:00,4629.33225,4633.77344,4628.98671,4632.91568
2026-08-27 03:05:00+00:00,4630.77469,4634.77938,4630.77469,4631.39783
2026-08-27 03:10:00+00:00,4631.99642,4634.3498,4629.84397,4634.04513
2026-08-27 03:15:00+00:00,4633.56857,4635.18621,4633.27619,4633.41616
2026-08-27 03:20:00+00:00,4633.64656,4638.29872,4633.213,4638.06947
2026-08-27 03:25:00+00:00,4637.59583,4638.43406,4635.86756,4637.05712
2026-08-27 03:30:00+00:00,4637.13633,4637.13633,4633.9203,4634.60018
2026-08-27 03:35:00+00:00,4634.47452,4634.80379,4632.20308,4632.35921
2026-08-27 03:40:00+00:00,4632.5595,4632.63226,4629.3508,4629.58062
2026-08-27 03:45:00+00:00,4629.93064,4629.93064,4627.264,4627.62175
2026-08-27 03:50:00+00:00,4628.2656,4628.2656,4626.197,4626.22733
2026-08-27 03:55:00+00:00,4626.34986,4626.69281,4624.27746,4624.55864
2026-08-27 04:00:00+00:00,4625.00391,4627.27315,4624.48133,4627.19624
2026-08-27 04:05:00+00:00,4626.97087,4626.97087,4625.13297,4625.35589
2026-08-27 04:10:00+00:00,4625.50432,4626.17897,4624.91906,4625.63458
2026-08-27 04:15:00+00:00,4625.28095,4626.87086,4625.13297,4626.66249
2026-08-27 04:20:00+00:00,4626.29822,4626.29822,4622.99478,4623.03633
2026-08-27 04:25:00+00:00,4623.11864,4624.76276,4621.07209,4621.26572
2026-08-27 04:30:00+00:00,4621.59211,4621.59211,4619.32885,4619.51566
2026-08-27 04:35:00+00:00,4619.83816,4620.21807,4618.17016,4618.43279
2026-08-27 04:40:00+00:00,4618.90028,4620.21807,4617.57206,4619.88079
2026-08-27 04:45:00+00:00,4619.70432,4620.3367,4618.08442,4619.88529
2026-08-27 04:50:00+00:00,4619.2534,4620.64504,4619.2534,4620.19425
2026-08-27 04:55:00+00:00,4620.11403,4620.11403,4618.08442,4618.5025
2026-08-27 05:00:00+00:00,4618.40727,4618.99296,4616.51722,4618.28182
2026-08-27 05:05:00+00:00,4617.43681,4621.04284,4617.43681,4618.75544
2026-08-27 05:10:00+00:00,4619.68188,4621.49921,4619.68188,4620.8793
2026-08-27 05:15:00+00:00,4620.81148,4621.89526,4618.72431,4619.69823
2026-08-27 05:20:00+00:00,4619.21393,4621.0671,4618.91233,4619.18143
2026-08-27 05:25:00+00:00,4619.3301,4621.53629,4618.91829,4619.27838
2026-08-27 05:30:00+00:00,4619.82393,4619.8434,4609.99447,4613.07755
2026-08-27 05:35:00+00:00,4612.59186,4612.59186,4608.93211,4611.86145
2026-08-27 05:40:00+00:00,4611.63666,4611.80998,4606.28059,4610.54813
2026-08-27 05:45:00+00:00,4608.50854,4609.78196,4604.85441,4607.71657
2026-08-27 05:50:00+00:00,4608.05715,4609.80694,4601.5093,4604.19477
2026-08-27 05:55:00+00:00,4603.55492,4606.95086,4602.99194,4606.44029
2026-08-27 06:00:00+00:00,4605.15688,4607.44563,4600.45084,4603.85817
2026-08-27 06:05:00+00:00,4602.82746,4606.26087,4602.1446,4604.22325
2026-08-27 06:10:00+00:00,4603.40302,4605.82104,4599.80691,4604.80417
2026-08-27 06:15:00+00:00,4602.27341,4607.0211,4602.27341,4606.42245
2026-08-27 06:20:00+00:00,4605.89497,4609.99447,4605.89497,4608.3757
2026-08-27 06:25:00+00:00,4608.28622,4610.2584,4607.65793,4609.75921
2026-08-27 06:30:00+00:00,4609.23666,4611.48259,4607.00606,4607.70955
2026-08-27 06:35:00+00:00,4609.20302,4609.20302,4605.11167,4607.63689
2026-08-27 06:40:00+00:00,4606.77113,4608.72544,4606.77113,4608.62898
2026-08-27 06:45:00+00:00,4608.42844,4609.57257,4604.26355,4604.682
2026-08-27 06:50:00+00:00,4605.53605,4605.78207,4602.78008,4605.10884
2026-08-27 06:55:00+00:00,4604.60235,4604.90369,4597.5016,4597.95512
2026-08-27 07:00:00+00:00,4598.70543,4602.56823,4598.70543,4601.80087
2026-08-27 07:05:00+00:00,4600.9326,4605.48253,4600.46436,4605.26004
2026-08-27 07:10:00+00:00,4604.87136,4604.87136,4601.65736,4601.70093
2026-08-27 07:15:00+00:00,4602.03741,4604.59665,4597.70115,4597.93708
2026-08-27 07:20:00+00:00,4598.27884,4598.79782,4596.64445,4597.59833
2026-08-27 07:25:00+00:00,4597.38933,4597.99207,4593.8993,4597.69338
2026-08-27 07:30:00+00:00,4597.20665,4602.28902,4595.37705,4595.66606
2026-08-27 07:35:00+00:00,4596.17169,4597.48977,4595.79944,4596.16106
2026-08-27 07:40:00+00:00,4596.38315,4598.3354,4595.96103,4598.16019
2026-08-27 07:45:00+00:00,4597.75924,4598.96983,4596.85575,4597.05774
2026-08-27 07:50:00+00:00,4597.4,4599.07371,4596.85575,4598.73252
2026-08-27 07:55:00+00:00,4597.94501,4602.56823,4597.94501,4601.94053
2026-08-27 08:00:00+00:00,4601.55861,4605.7558,4600.45084,4605.5065
2026-08-27 08:05:00+00:00,4605.1655,4607.11862,4604.27077,4606.82224
2026-08-27 08:10:00+00:00,4606.51289,4606.51289,4602.78008,4604.537
2026-08-27 08:15:00+00:00,4604.18794,4606.08569,4602.58525,4604.77419
2026-08-27 08:20:00+00:00,4604.93863,4607.33947,4600.6625,4602.58044
2026-08-27 08:25:00+00:00,4602.06214,4604.05157,4601.5093,4601.58471
2026-08-27 08:30:00+00:00,4601.73759,4601.96976,4600.23921,4600.37209
2026-08-27 08:35:00+00:00,4600.55186,4600.55186,4597.91255,4598.8756
2026-08-27 08:40:00+00:00,4598.70421,4599.09916,4596.55565,4597.84904
2026-08-27 08:45:00+00:00,4597.65132,4598.13036,4595.37705,4597.93991
2026-08-27 08:50:00+00:00,4597.39665,4600.0276,4597.39665,4599.86081
2026-08-27 08:55:00+00:00,4599.7656,4603.68366,4599.10635,4603.07259
2026-08-27 09:00:00+00:00,4601.89543,4601.89543,4594.91039,4595.55283
2026-08-27 09:05:00+00:00,4596.53878,4596.95593,4594.11035,4595.25163
2026-08-27 09:10:00+00:00,4595.44755,4598.3354,4595.37705,4596.56714
2026-08-27 09:15:00+00:00,4596.96994,4597.67009,4595.3739,4595.84749
2026-08-27 09:20:00+00:00,4596.86144,4596.94605,4594.95474,4596.88125
2026-08-27 09:25:00+00:00,4596.72896,4598.35857,4593.06643,4593.82184
2026-08-27 09:30:00+00:00,4594.74474,4599.39288,4593.52549,4593.99698
2026-08-27 09:35:00+00:00,4594.98242,4595.45786,4581.48165,4584.59054
2026-08-27 09:40:00+00:00,4584.46504,4584.63231,4582.11144,4583.25076
2026-08-27 09:45:00+00:00,4582.99304,4584.24468,4582.08182,4582.33447
2026-08-27 09:50:00+00:00,4582.98438,4585.6835,4582.53139,4583.76001
2026-08-27 09:55:00+00:00,4584.40104,4584.40104,4579.59333,4579.78406
2026-08-27 10:00:00+00:00,4580.10746,4582.69233,4568.50473,4569.49183
2026-08-27 10:05:00+00:00,4571.11088,4577.2875,4569.60986,4575.07441
2026-08-27 10:10:00+00:00,4575.27589,4582.53139,4575.27589,4579.97779
2026-08-27 10:15:00+00:00,4580.05345,4583.94487,4577.85526,4580.27925
2026-08-27 10:20:00+00:00,4579.50022,4582.3214,4579.50022,4582.21126
2026-08-27 10:25:00+00:00,4582.02599,4582.10514,4580.63341,4580.86944
2026-08-27 10:30:00+00:00,4581.30867,4581.30867,4579.20108,4579.33125
2026-08-27 10:35:00+00:00,4579.49279,4579.87427,4576.42859,4578.65107
2026-08-27 10:40:00+00:00,4578.42401,4585.5012,4576.24016,4585.2257
2026-08-27 10:45:00+00:00,4584.45984,4587.30394,4584.45984,4587.21103
2026-08-27 10:50:00+00:00,4586.89297,4588.62034,4586.89297,4588.48976
2026-08-27 10:55:00+00:00,4588.0572,4590.31444,4588.0572,4590.19275
2026-08-27 11:00:00+00:00,4589.81325,4590.31444,4588.09362,4590.25683
2026-08-27 11:05:00+00:00,4590.07083,4591.02166,4588.83994,4590.75777
2026-08-27 11:10:00+00:00,4590.33392,4591.49854,4590.15228,4590.20437
2026-08-27 11:15:00+00:00,4590.54995,4592.84435,4590.54995,4592.08545
2026-08-27 11:20:00+00:00,4591.98709,4595.16589,4591.07399,4593.69946
2026-08-27 11:25:00+00:00,4593.98244,4596.01066,4593.0553,4593.32361
2026-08-27 11:30:00+00:00,4593.78746,4599.18135,4593.78746,4598.86472
2026-08-27 11:35:00+00:00,4598.12541,4599.10291,4594.32142,4595.12251
2026-08-27 11:40:00+00:00,4595.22562,4599.81601,4594.32713,4598.76388
2026-08-27 11:45:00+00:00,4598.84122,4598.84122,4595.37705,4595.54623
2026-08-27 11:50:00+00:00,4595.80066,4597.22123,4594.73412,4596.83968
2026-08-27 11:55:00+00:00,4596.31555,4600.57107,4596.31555,4597.90563
2026-08-27 12:00:00+00:00,4598.28767,4601.29757,4597.67835,4601.11445
2026-08-27 12:05:00+00:00,4600.7234,4600.7234,4593.8993,4594.74439
2026-08-27 12:10:00+00:00,4594.46519,4595.60015,4593.85515,4595.05688
2026-08-27 12:15:00+00:00,4594.6865,4595.58824,4592.63342,4595.24432
2026-08-27 12:20:00+00:00,4594.96604,4599.60443,4594.53251,4598.53707
2026-08-27 12:25:00+00:00,4598.10547,4598.10547,4593.98204,4594.26598
2026-08-27 12:30:00+00:00,4594.81942,4596.00784,4593.12962,4595.76635
2026-08-27 12:35:00+00:00,4595.35085,4595.56247,4588.41883,4588.74838
2026-08-27 12:40:00+00:00,4589.27174,4590.17821,4587.9978,4588.34553
2026-08-27 12:45:00+00:00,4588.58459,4590.00914,4584.80127,4585.134
2026-08-27 12:50:00+00:00,4585.60993,4585.9576,4580.85204,4581.12109
2026-08-27 12:55:00+00:00,4581.33621,4586.73516,4581.33621,4585.17275
2026-08-27 13:00:00+00:00,4585.49045,4589.09783,4581.48165,4588.64306
2026-08-27 13:05:00+00:00,4588.05797,4590.52516,4586.73516,4587.04576
2026-08-27 13:10:00+00:00,4587.03202,4591.63674,4586.52479,4590.92204
2026-08-27 13:15:00+00:00,4589.63467,4589.63467,4583.16146,4587.75923
2026-08-27 13:20:00+00:00,4587.30188,4588.41883,4585.99245,4587.02204
2026-08-27 13:25:00+00:00,4587.15233,4593.8993,4586.23177,4591.31121
2026-08-27 13:30:00+00:00,4591.99003,4592.08182,4580.25668,4581.26094
2026-08-27 13:35:00+00:00,4582.83353,4582.83353,4575.82136,4576.64986
2026-08-27 13:40:00+00:00,4577.73817,4581.27176,4573.9377,4580.82417
2026-08-27 13:45:00+00:00,4579.88431,4581.27176,4569.96618,4570.37643
2026-08-27 13:50:00+00:00,4571.30693,4583.19796,4571.30693,4574.78935
2026-08-27 13:55:00+00:00,4577.19266,4577.19266,4570.59281,4573.79754
2026-08-27 14:00:00+00:00,4573.77798,4573.77798,4567.49602,4568.53859
2026-08-27 14:05:00+00:00,4569.87487,4579.17392,4568.48543,4577.01194
2026-08-27 14:10:00+00:00,4576.45951,4576.45951,4574.14692,4574.39227
2026-08-27 14:15:00+00:00,4574.81379,4581.05321,4574.35616,4580.70154
2026-08-27 14:20:00+00:00,4580.2513,4583.06649,4579.69628,4580.63537
2026-08-27 14:25:00+00:00,4582.81641,4582.81641,4574.35616,4578.71441
2026-08-27 14:30:00+00:00,4577.01738,4585.47322,4577.01738,4584.38165
2026-08-27 14:35:00+00:00,4583.88552,4590.73589,4583.88552,4590.57534
2026-08-27 14:40:00+00:00,4590.38547,4596.06503,4587.36395,4594.51902
2026-08-27 14:45:00+00:00,4592.41732,4598.3354,4592.41732,4595.65074
2026-08-27 14:50:00+00:00,4595.26449,4595.26449,4592.21161,4592.25054
2026-08-27 14:55:00+00:00,4592.35418,4594.2415,4588.47712,4591.10189
2026-08-27 15:00:00+00:00,4590.99684,4594.95474,4590.18398,4593.7931
2026-08-27 15:05:00+00:00,4594.24053,4594.24053,4591.36823,4591.55055
2026-08-27 15:10:00+00:00,4591.8959,4594.32693,4591.8959,4594.21236
2026-08-27 15:15:00+00:00,4593.94999,4597.51804,4593.47726,4596.97738
2026-08-27 15:20:00+00:00,4595.56471,4598.12397,4590.10374,4590.45579
2026-08-27 15:25:00+00:00,4591.01398,4594.14912,4589.12609,4593.80096
2026-08-27 15:30:00+00:00,4592.84062,4598.3354,4592.84062,4596.20518
2026-08-27 15:35:00+00:00,4596.47224,4599.39288,4595.9015,4599.30358
2026-08-27 15:40:00+00:00,4599.11439,4604.91935,4598.35166,4604.65995
2026-08-27 15:45:00+00:00,4603.7449,4604.06016,4600.6625,4603.78311
2026-08-27 15:50:00+00:00,4603.41437,4608.94393,4603.41437,4608.10992
2026-08-27 15:55:00+00:00,4606.03499,4610.84471,4606.03499,4610.74223
2026-08-27 16:00:00+00:00,4610.50617,4612.61774,4608.49617,4608.9688
2026-08-27 16:05:00+00:00,4609.3399,4612.97168,4606.38445,4606.48583
2026-08-27 16:10:00+00:00,4606.48129,4607.30765,4605.91547,4606.01372
2026-08-27 16:15:00+00:00,4606.13418,4606.87288,4603.3993,4603.59437
2026-08-27 16:20:00+00:00,4603.931,4607.44563,4602.61898,4607.18704
2026-08-27 16:25:00+00:00,4606.65551,4607.98229,4606.38445,4607.86703
2026-08-27 16:30:00+00:00,4607.78232,4608.48888,4606.80886,4608.34279
2026-08-27 16:35:00+00:00,4607.86064,4611.05732,4607.14346,4609.70339
2026-08-27 16:40:00+00:00,4610.27951,4611.90795,4608.01209,4611.07913
2026-08-27 16:45:00+00:00,4610.62176,4614.88873,4609.94641,4611.42322
2026-08-27 16:50:00+00:00,4611.53656,4616.37891,4610.30866,4616.11875
2026-08-27 16:55:00+00:00,4615.54236,4616.94207,4612.54613,4614.4102
2026-08-27 17:00:00+00:00,4613.93731,4616.37891,4612.75889,4614.61543
2026-08-27 17:05:00+00:00,4614.04531,4616.92698,4610.63212,4610.91034
2026-08-27 17:10:00+00:00,4611.13086,4612.19471,4608.93211,4610.94712
2026-08-27 17:15:00+00:00,4611.0314,4611.03955,4608.93211,4608.97847
2026-08-27 17:20:00+00:00,4608.93305,4611.0233,4608.93305,4610.21605
2026-08-27 17:25:00+00:00,4610.26711,4612.13857,4610.25289,4610.38525
2026-08-27 17:30:00+00:00,4610.5453,4611.48259,4609.78196,4611.38862
2026-08-27 17:35:00+00:00,4611.18592,4611.59357,4608.7197,4610.12183
2026-08-27 17:40:00+00:00,4609.60531,4613.82301,4607.69105,4612.6124
2026-08-27 17:45:00+00:00,4612.62628,4613.18448,4606.80886,4607.16341
2026-08-27 17:50:00+00:00,4607.71117,4610.63212,4607.44563,4609.23747
2026-08-27 17:55:00+00:00,4608.88437,4609.17477,4605.53585,4605.64749
2026-08-27 18:00:00+00:00,4605.95671,4607.0211,4602.78008,4603.78755
2026-08-27 18:05:00+00:00,4603.63563,4608.3778,4602.99194,4608.04786
2026-08-27 18:10:00+00:00,4607.4662,4607.4662,4604.05157,4605.61048
2026-08-27 18:15:00+00:00,4605.32496,4607.30943,4604.81666,4606.98546
2026-08-27 18:20:00+00:00,4606.57024,4608.08258,4603.92877,4605.93009
2026-08-27 18:25:00+00:00,4605.2128,4605.2128,4602.35641,4602.4378
2026-08-27 18:30:00+00:00,4602.54025,4604.25063,4601.63579,4603.81663
2026-08-27 18:35:00+00:00,4603.05825,4604.29896,4601.08586,4604.29088
2026-08-27 18:40:00+00:00,4604.13725,4604.68757,4604.13725,4604.52357
2026-08-27 18:45:00+00:00,4604.37087,4606.80886,4604.37087,4606.69969
2026-08-27 18:50:00+00:00,4606.46073,4611.48259,4604.57636,4611.16088
2026-08-27 18:55:00+00:00,4610.54856,4610.54856,4609.35699,4610.23667
2026-08-27 19:00:00+00:00,4609.89504,4615.31361,4609.14501,4615.08434
2026-08-27 19:05:00+00:00,4614.62234,4617.2743,4613.61015,4616.82879
2026-08-27 19:10:00+00:00,4616.26364,4617.91464,4614.88763,4615.76508
2026-08-27 19:15:00+00:00,4615.66209,4615.66209,4609.78196,4610.00719
2026-08-27 19:20:00+00:00,4610.20788,4611.94213,4606.59665,4607.57598
2026-08-27 19:25:00+00:00,4607.34281,4607.87024,4604.47555,4604.77007
2026-08-27 19:30:00+00:00,4605.31287,4608.10521,4605.31287,4606.16559
2026-08-27 19:35:00+00:00,4606.67507,4608.32044,4606.67507,4607.35596
2026-08-27 19:40:00+00:00,4607.64521,4609.99447,4607.64521,4609.25207
2026-08-27 19:45:00+00:00,4609.31635,4612.75889,4608.7197,4611.47737
2026-08-27 19:50:00+00:00,4611.58225,4612.7219,4606.681,4607.81998
2026-08-27 19:55:00+00:00,4607.25499,4609.47717,4606.17227,4609.17948
2026-08-27 20:00:00+00:00,4608.63031,4609.56947,4605.11167,4605.24376
2026-08-27 20:05:00+00:00,4605.44352,4605.44352,4604.05157,4604.4636
2026-08-27 20:10:00+00:00,4604.41611,4605.96011,4604.01846,4604.55603
2026-08-27 20:15:00+00:00,4604.65885,4605.22202,4604.58918,4605.13198
2026-08-27 20:20:00+00:00,4605.01275,4605.56161,4604.88,4605.3941
2026-08-27 20:25:00+00:00,4605.334,4605.334,4602.75033,4603.5768
2026-08-27 20:30:00+00:00,4603.45089,4604.05157,4603.20383,4603.69766
2026-08-27 20:35:00+00:00,4603.60124,4603.85329,4602.04472,4603.53987
2026-08-27 20:40:00+00:00,4603.3415,4604.52668,4603.18627,4603.89565
2026-08-27 20:45:00+00:00,4604.00921,4604.05157,4602.78008,4603.19427
2026-08-27 20:50:00+00:00,4603.12245,4604.47555,4601.65082,4601.87394
2026-08-27 20:55:00+00:00,4602.23669,4602.23669,4600.0276,4601.5152
2026-08-27 21:00:00+00:00,4601.25362,4602.12306,4599.39288,4599.4941
2026-08-27 21:05:00+00:00,4599.61154,4601.0967,4599.39083,4601.03457
2026-08-27 21:10:00+00:00,4600.81307,4601.48183,4600.81307,4601.40611
2026-08-27 21:15:00+00:00,4601.31533,4601.42035,4601.08586,4601.37163
2026-08-27 21:20:00+00:00,4601.29578,4601.53467,4601.14374,4601.3775
2026-08-27 21:25:00+00:00,4601.30306,4601.6349,4600.97474,4601.16241
2026-08-27 21:30:00+00:00,4601.21175,4601.47965,4601.03102,4601.2457
2026-08-27 21:35:00+00:00,4601.24302,4601.43175,4600.92826,4601.22681
2026-08-27 21:40:00+00:00,4601.24276,4601.47774,4601.20709,4601.35631
2026-08-27 21:45:00+00:00,4601.27155,4601.42987,4601.08564,4601.10884
2026-08-27 21:50:00+00:00,4601.07674,4601.44356,4601.04416,4601.07422
2026-08-27 21:55:00+00:00,4601.13904,4601.68629,4601.06811,4601.1046
2026-08-27 22:00:00+00:00,4601.25974,4607.98141,4601.25974,4602.54076
2026-08-27 22:05:00+00:00,4603.21607,4604.34141,4601.21373,4604.05401
2026-08-27 22:10:00+00:00,4603.61424,4605.13883,4603.61424,4604.43222
2026-08-27 22:15:00+00:00,4604.81018,4605.78415,4603.44686,4605.70486
2026-08-27 22:20:00+00:00,4605.39256,4608.29952,4604.81376,4608.16435
2026-08-27 22:25:00+00:00,4608.10036,4608.29493,4607.23336,4607.66379
2026-08-27 22:30:00+00:00,4607.60686,4608.96037,4607.24272,4608.78854
2026-08-27 22:35:00+00:00,4608.39823,4609.35699,4608.29493,4609.25335
2026-08-27 22:40:00+00:00,4609.18277,4610.207,4607.79308,4608.03813
2026-08-27 22:45:00+00:00,4608.49835,4608.49835,4606.85903,4608.03328
2026-08-27 22:50:00+00:00,4607.9285,4610.27637,4607.37766,4610.17611
2026-08-27 22:55:00+00:00,4609.96651,4610.79418,4609.03353,4610.71997
2026-08-27 23:00:00+00:00,4610.49985,4611.3483,4608.7197,4610.09838
2026-08-27 23:05:00+00:00,4609.86072,4610.07059,4608.09221,4609.81153
2026-08-27 23:10:00+00:00,4609.3787,4609.3787,4603.20383,4604.11549
2026-08-27 23:15:00+00:00,4603.93454,4603.93454,4602.72239,4603.175
2026-08-27 23:20:00+00:00,4603.08448,4603.93593,4600.96574,4603.23539
2026-08-27 23:25:00+00:00,4602.86807,4602.86807,4600.6625,4600.80018
2026-08-27 23:30:00+00:00,4601.00511,4601.642,4599.81601,4599.86924
2026-08-27 23:35:00+00:00,4599.9526,4601.5093,4598.75834,4600.00183
2026-08-27 23:40:00+00:00,4600.49861,4601.72104,4598.44478,4599.94576
2026-08-27 23:45:00+00:00,4600.24664,4600.24664,4596.64445,4596.83733
2026-08-27 23:50:00+00:00,4597.16809,4597.29403,4595.16589,4595.1941
2026-08-27 23:55:00+00:00,4595.28166,4595.47881,4594.74361,4594.7955
2026-08-28 00:00:00+00:00,4594.86495,4600.23921,4594.13193,4600.07384
2026-08-28 00:05:00+00:00,4599.4333,4599.4333,4595.97756,4598.19783
2026-08-28 00:10:00+00:00,4598.37841,4602.56823,4598.37841,4601.65679
2026-08-28 00:15:00+00:00,4601.40996,4601.73148,4594.11035,4594.3097
2026-08-28 00:20:00+00:00,4594.62651,4596.60243,4592.84435,4596.14296
2026-08-28 00:25:00+00:00,4595.35782,4595.35782,4590.73589,4591.91543
2026-08-28 00:30:00+00:00,4591.53934,4592.84435,4589.68239,4589.81278
2026-08-28 00:35:00+00:00,4590.00368,4590.00368,4589.05053,4589.1342
2026-08-28 00:40:00+00:00,4589.31273,4590.62991,4589.25329,4590.57601
2026-08-28 00:45:00+00:00,4590.53752,4591.15743,4586.94555,4587.04343
2026-08-28 00:50:00+00:00,4587.26993,4589.30312,4587.25947,4587.72257
2026-08-28 00:55:00+00:00,4587.95596,4588.13815,4585.89379,4587.78786
2026-08-28 01:00:00+00:00,4586.93372,4595.58824,4585.14908,4594.81453
2026-08-28 01:05:00+00:00,4592.93192,4598.24575,4592.63342,4597.75705
2026-08-28 01:10:00+00:00,4596.8295,4601.29757,4592.63342,4593.12617
2026-08-28 01:15:00+00:00,4594.06117,4597.48009,4592.53147,4596.6014
2026-08-28 01:20:00+00:00,4595.35728,4598.75834,4593.25113,4594.3221
2026-08-28 01:25:00+00:00,4596.09421,4596.09421,4584.21197,4584.59443
2026-08-28 01:30:00+00:00,4585.28249,4587.34377,4583.52273,4586.94838
2026-08-28 01:35:00+00:00,4586.74112,4588.14255,4582.31002,4583.01208
2026-08-28 01:40:00+00:00,4584.47927,4584.47927,4578.75458,4582.64155
2026-08-28 01:45:00+00:00,4581.99875,4581.99875,4579.38361,4579.48109
2026-08-28 01:50:00+00:00,4580.01032,4582.56114,4576.44959,4576.96089
2026-08-28 01:55:00+00:00,4577.72497,4578.33532,4576.03075,4576.56189
2026-08-28 02:00:00+00:00,4576.48392,4577.96049,4575.93362,4577.71157
2026-08-28 02:05:00+00:00,4577.3007,4580.98894,4574.63716,4580.32249
2026-08-28 02:10:00+00:00,4579.48878,4582.30654,4579.38739,4581.31354
2026-08-28 02:15:00+00:00,4580.9516,4581.75778,4579.38361,4580.77092
2026-08-28 02:20:00+00:00,4580.11934,4583.27786,4580.11934,4582.95604
2026-08-28 02:25:00+00:00,4582.07042,4584.84251,4582.07042,4584.18116
2026-08-28 02:30:00+00:00,4584.00322,4588.74823,4583.19092,4584.89092
2026-08-28 02:35:00+00:00,4584.84143,4588.52402,4584.31475,4588.10715
2026-08-28 02:40:00+00:00,4587.08941,4589.26113,4584.74307,4585.09344
2026-08-28 02:45:00+00:00,4585.70719,4585.70719,4582.53139,4583.07049
2026-08-28 02:50:00+00:00,4582.97949,4587.36639,4582.97949,4586.26502
2026-08-28 02:55:00+00:00,4586.67354,4586.67354,4583.37153,4586.03769
2026-08-28 03:00:00+00:00,4585.28693,4587.36639,4584.68039,4585.0014
2026-08-28 03:05:00+00:00,4585.8085,4587.9978,4585.80015,4585.94529
2026-08-28 03:10:00+00:00,4586.18236,4587.36639,4584.29261,4584.80334
2026-08-28 03:15:00+00:00,4585.63905,4587.57684,4583.58161,4587.51814
2026-08-28 03:20:00+00:00,4587.33948,4589.26113,4586.12245,4589.02654
2026-08-28 03:25:00+00:00,4588.88475,4590.76884,4586.85875,4588.0025
2026-08-28 03:30:00+00:00,4587.57223,4589.25052,4583.98556,4584.30764
2026-08-28 03:35:00+00:00,4584.76552,4584.76552,4582.76453,4582.93997
2026-08-28 03:40:00+00:00,4583.24207,4583.24207,4581.06189,4582.26882
2026-08-28 03:45:00+00:00,4582.1003,4582.18917,4579.59333,4580.23614
2026-08-28 03:50:00+00:00,4580.23861,4580.64221,4579.24393,4579.49077
2026-08-28 03:55:00+00:00,4579.94572,4580.1276,4578.73331,4579.09285
2026-08-28 04:00:00+00:00,4579.29943,4579.80307,4579.17392,4579.54258
2026-08-28 04:05:00+00:00,4579.45054,4579.47821,4577.91613,4578.83388
2026-08-28 04:10:00+00:00,4578.19074,4580.2226,4578.19074,4580.17287
2026-08-28 04:15:00+00:00,4579.97313,4582.51464,4579.71295,4582.26668
2026-08-28 04:20:00+00:00,4581.59509,4584.21197,4581.59509,4583.49344
2026-08-28 04:25:00+00:00,4583.76268,4585.05273,4582.06393,4584.22347
2026-08-28 04:30:00+00:00,4584.14988,4584.17793,4582.3214,4582.43127
2026-08-28 04:35:00+00:00,4582.559,4582.559,4578.87071,4579.2005
2026-08-28 04:40:00+00:00,4579.61883,4580.00257,4578.12572,4579.86282
2026-08-28 04:45:00+00:00,4579.67042,4582.11144,4578.42732,4581.84921
2026-08-28 04:50:00+00:00,4581.47507,4582.53139,4580.95517,4582.14464
2026-08-28 04:55:00+00:00,4582.18468,4585.05273,4581.65366,4584.94505
2026-08-28 05:00:00+00:00,4584.77998,4585.36405,4582.74229,4582.99332
2026-08-28 05:05:00+00:00,4583.45851,4583.45851,4579.80307,4580.2449
2026-08-28 05:10:00+00:00,4580.34732,4580.34732,4578.75458,4580.10468
2026-08-28 05:15:00+00:00,4580.00109,4581.30369,4579.59139,4580.97288
2026-08-28 05:20:00+00:00,4580.17919,4584.09919,4580.17919,4583.81002
2026-08-28 05:25:00+00:00,4583.00407,4585.89379,4582.7414,4582.97164
2026-08-28 05:30:00+00:00,4583.38676,4584.44046,4578.89928,4579.35466
2026-08-28 05:35:00+00:00,4580.14978,4580.14978,4575.44111,4576.09526
2026-08-28 05:40:00+00:00,4577.53134,4577.58748,4572.26464,4572.62521
2026-08-28 05:45:00+00:00,4573.26187,4575.1933,4572.47371,4575.11716
2026-08-28 05:50:00+00:00,4575.09512,4575.89352,4572.24391,4574.65821
2026-08-28 05:55:00+00:00,4574.79359,4577.07799,4574.79359,4576.54182
2026-08-28 06:00:00+00:00,4576.10123,4576.6383,4572.42547,4573.17067
2026-08-28 06:05:00+00:00,4574.33269,4580.08228,4574.33269,4579.55264
2026-08-28 06:10:00+00:00,4578.29667,4583.16146,4578.29667,4583.09748
2026-08-28 06:15:00+00:00,4582.96237,4584.84251,4581.85759,4582.56751
2026-08-28 06:20:00+00:00,4584.12985,4585.47322,4580.8218,4585.28031
2026-08-28 06:25:00+00:00,4584.93473,4585.47322,4582.89596,4584.31606
2026-08-28 06:30:00+00:00,4584.37847,4585.66312,4583.58161,4583.67624
2026-08-28 06:35:00+00:00,4583.92025,4587.57684,4583.92025,4586.51779
2026-08-28 06:40:00+00:00,4586.21066,4587.74173,4585.05273,4587.2089
2026-08-28 06:45:00+00:00,4586.49696,4596.93787,4586.49696,4595.84856
2026-08-28 06:50:00+00:00,4593.6282,4606.38445,4593.6282,4605.40123
2026-08-28 06:55:00+00:00,4605.11106,4611.69024,4604.05157,4611.31102
2026-08-28 07:00:00+00:00,4610.76115,4612.40951,4605.11167,4607.54138
2026-08-28 07:05:00+00:00,4607.66608,4607.96419,4600.81776,4601.23399
2026-08-28 07:10:00+00:00,4601.82783,4602.62509,4595.75787,4602.0493
2026-08-28 07:15:00+00:00,4601.31488,4605.74019,4600.6625,4605.10248
2026-08-28 07:20:00+00:00,4604.10971,4611.36489,4604.10971,4610.75126
2026-08-28 07:25:00+00:00,4609.61362,4609.69858,4607.23336,4607.3725
2026-08-28 07:30:00+00:00,4607.65595,4611.86009,4606.80568,4611.40258
2026-08-28 07:35:00+00:00,4610.31181,4614.67467,4610.31181,4611.43614
2026-08-28 07:40:00+00:00,4612.09532,4612.09532,4608.5073,4609.73685
2026-08-28 07:45:00+00:00,4609.53819,4610.83446,4608.08258,4610.40829
2026-08-28 07:50:00+00:00,4609.28493,4611.90795,4609.28493,4611.82031
2026-08-28 07:55:00+00:00,4611.57086,4612.75889,4610.15822,4610.47778
2026-08-28 08:00:00+00:00,4611.19279,4614.67467,4611.19279,4613.2037
2026-08-28 08:05:00+00:00,4613.74701,4613.74701,4610.41955,4610.61877
2026-08-28 08:10:00+00:00,4610.76006,4612.33338,4610.76006,4612.13313
2026-08-28 08:15:00+00:00,4612.04284,4613.45445,4609.56947,4609.79901
2026-08-28 08:20:00+00:00,4610.19307,4610.49903,4608.5073,4610.26687
2026-08-28 08:25:00+00:00,4609.6665,4611.48259,4609.6665,4610.13469
2026-08-28 08:30:00+00:00,4610.47891,4611.05732,4608.93211,4610.29821
2026-08-28 08:35:00+00:00,4609.99966,4610.63212,4606.80886,4607.13611
2026-08-28 08:40:00+00:00,4607.60807,4607.87024,4604.10185,4604.30257
2026-08-28 08:45:00+00:00,4604.65904,4604.65904,4601.93281,4601.97219
2026-08-28 08:50:00+00:00,4602.071,4605.74797,4601.18988,4605.58594
2026-08-28 08:55:00+00:00,4605.24278,4605.24278,4601.5093,4601.71281
2026-08-28 09:00:00+00:00,4601.91076,4604.3365,4601.91076,4603.25306
2026-08-28 09:05:00+00:00,4602.79041,4604.06248,4602.78008,4602.89881
2026-08-28 09:10:00+00:00,4603.11323,4603.59814,4600.87417,4601.91013
2026-08-28 09:15:00+00:00,4601.82037,4602.40161,4600.87417,4601.07025
2026-08-28 09:20:00+00:00,4601.22267,4604.36734,4600.94516,4604.19267
2026-08-28 09:25:00+00:00,4603.87155,4603.87155,4601.84279,4601.98141
2026-08-28 09:30:00+00:00,4602.15204,4603.9957,4601.29757,4602.84807
2026-08-28 09:35:00+00:00,4603.14872,4604.89961,4601.5093,4602.28292
2026-08-28 09:40:00+00:00,4602.40918,4605.52225,4601.33759,4603.47301
2026-08-28 09:45:00+00:00,4603.39618,4605.11167,4603.20383,4604.34291
2026-08-28 09:50:00+00:00,4604.11192,4606.88488,4603.77309,4606.82618
2026-08-28 09:55:00+00:00,4606.55005,4608.20467,4605.32375,4606.34321
2026-08-28 10:00:00+00:00,4606.15158,4606.15158,4603.8396,4605.18479
2026-08-28 10:05:00+00:00,4604.89727,4606.69593,4604.89727,4606.02204
2026-08-28 10:10:00+00:00,4606.06459,4608.7197,4606.06459,4607.56188
2026-08-28 10:15:00+00:00,4607.68259,4610.73522,4605.21072,4605.37385
2026-08-28 10:20:00+00:00,4605.57691,4606.37728,4602.99194,4604.12708
2026-08-28 10:25:00+00:00,4604.03074,4604.61989,4602.16346,4603.86222
2026-08-28 10:30:00+00:00,4603.06832,4608.08258,4603.06832,4607.15023
2026-08-28 10:35:00+00:00,4607.04402,4608.02656,4603.6247,4603.98387
2026-08-28 10:40:00+00:00,4604.6768,4604.6768,4602.1446,4602.31823
2026-08-28 10:45:00+00:00,4602.53297,4603.03003,4600.87417,4601.18629
2026-08-28 10:50:00+00:00,4601.48598,4601.48598,4598.3354,4598.41915
2026-08-28 10:55:00+00:00,4598.53879,4599.73556,4598.05742,4598.25016
2026-08-28 11:00:00+00:00,4598.82245,4600.23921,4597.33821,4599.11211
2026-08-28 11:05:00+00:00,4598.78003,4598.8625,4595.58824,4596.59137
2026-08-28 11:10:00+00:00,4596.42849,4597.57468,4595.15849,4597.31535
2026-08-28 11:15:00+00:00,4596.97686,4600.87417,4596.97686,4599.99108
2026-08-28 11:20:00+00:00,4600.25148,4601.17198,4597.64288,4600.0727
2026-08-28 11:25:00+00:00,4599.81921,4602.04085,4597.70115,4597.87038
2026-08-28 11:30:00+00:00,4598.12388,4600.87417,4597.57262,4598.71285
2026-08-28 11:35:00+00:00,4598.7233,4598.74796,4594.95644,4595.43865
2026-08-28 11:40:00+00:00,4596.34392,4596.34392,4591.45519,4594.72714
2026-08-28 11:45:00+00:00,4594.29973,4595.79944,4593.68827,4593.94614
2026-08-28 11:50:00+00:00,4594.36033,4595.41396,4593.47726,4593.71266
2026-08-28 11:55:00+00:00,4593.97427,4595.39495,4591.57904,4593.5199
2026-08-28 12:00:00+00:00,4593.32785,4594.78253,4591.27681,4593.87879
2026-08-28 12:05:00+00:00,4592.75736,4596.73125,4591.78988,4594.91925
2026-08-28 12:10:00+00:00,4594.41357,4595.58824,4592.69858,4595.33417
2026-08-28 12:15:00+00:00,4594.83979,4595.79944,4592.84435,4594.6524
2026-08-28 12:20:00+00:00,4593.91342,4601.33683,4593.91342,4600.92504
2026-08-28 12:25:00+00:00,4600.40387,4603.55563,4600.40387,4601.78258
2026-08-28 12:30:00+00:00,4602.06155,4602.06155,4592.84435,4593.28932
2026-08-28 12:35:00+00:00,4594.07157,4594.07157,4589.89306,4590.93983
2026-08-28 12:40:00+00:00,4590.83101,4591.81236,4589.64475,4591.63613
2026-08-28 12:45:00+00:00,4591.08472,4594.3435,4590.73589,4593.76699
2026-08-28 12:50:00+00:00,4592.37901,4596.64445,4592.34251,4596.27007
2026-08-28 12:55:00+00:00,4596.06989,4602.35641,4592.30783,4602.23938
2026-08-28 13:00:00+00:00,4601.91405,4602.27044,4598.14225,4599.32017
2026-08-28 13:05:00+00:00,4599.09603,4605.32375,4598.88503,4604.8621
2026-08-28 13:10:00+00:00,4603.79479,4603.79479,4598.41064,4600.12481
2026-08-28 13:15:00+00:00,4599.87633,4600.11803,4594.11035,4598.14123
2026-08-28 13:20:00+00:00,4597.75197,4598.94066,4596.61639,4596.84415
2026-08-28 13:25:00+00:00,4596.98573,4604.26355,4593.80853,4601.96479
2026-08-28 13:30:00+00:00,4601.08974,4604.69731,4599.81601,4600.54484
2026-08-28 13:35:00+00:00,4600.37913,4607.0211,4599.41888,4602.12256
2026-08-28 13:40:00+00:00,4602.8294,4605.53585,4602.78008,4604.59484
2026-08-28 13:45:00+00:00,4604.3057,4611.69526,4603.02494,4611.30163
2026-08-28 13:50:00+00:00,4610.53245,4610.57611,4608.93211,4610.12845
2026-08-28 13:55:00+00:00,4609.54161,4627.27315,4609.54161,4625.76549
2026-08-28 14:00:00+00:00,4623.3947,4637.16814,4579.39678,4583.08296
2026-08-28 14:05:00+00:00,4591.69456,4591.69456,4547.93524,4572.17773
2026-08-28 14:10:00+00:00,4563.85473,4582.7414,4548.01724,4549.56306
2026-08-28 14:15:00+00:00,4551.61763,4566.41856,4544.6517,4565.42507
2026-08-28 14:20:00+00:00,4563.3319,4567.59813,4552.47369,4554.94019
2026-08-28 14:25:00+00:00,4558.6025,4560.36031,4528.57531,4530.60033
2026-08-28 14:30:00+00:00,4534.20651,4567.53976,4534.20651,4565.82018
2026-08-28 14:35:00+00:00,4563.60274,4576.03075,4563.60274,4573.86556
2026-08-28 14:40:00+00:00,4573.49391,4573.49391,4561.21146,4561.60902
2026-08-28 14:45:00+00:00,4562.71088,4568.60677,4551.66136,4557.70144
2026-08-28 14:50:00+00:00,4556.96439,4568.51861,4553.26479,4567.20083
2026-08-28 14:55:00+00:00,4565.00477,4579.38361,4565.00477,4579.05612
2026-08-28 15:00:00+00:00,4578.27475,4580.01282,4573.51932,4578.4546
2026-08-28 15:05:00+00:00,4575.18433,4581.48165,4572.47371,4573.89778
2026-08-28 15:10:00+00:00,4573.87954,4575.97069,4559.483,4560.59436
2026-08-28 15:15:00+00:00,4562.76206,4564.33429,4556.19092,4556.50642
2026-08-28 15:20:00+00:00,4556.91938,4564.54263,4555.39359,4564.04434
2026-08-28 15:25:00+00:00,4563.25456,4568.08734,4563.08465,4563.32016
2026-08-28 15:30:00+00:00,4563.70831,4572.04443,4554.56367,4560.13929
2026-08-28 15:35:00+00:00,4559.73612,4561.06753,4549.35149,4551.39374
2026-08-28 15:40:00+00:00,4554.53666,4554.53666,4537.52346,4538.49653
2026-08-28 15:45:00+00:00,4540.46515,4545.4232,4533.91739,4535.33569
2026-08-28 15:50:00+00:00,4537.29794,4545.24794,4532.47518,4543.95964
2026-08-28 15:55:00+00:00,4544.45037,4544.45037,4525.91084,4526.23566
2026-08-28 16:00:00+00:00,4526.57792,4528.3779,4522.57553,4526.13936
2026-08-28 16:05:00+00:00,4525.92504,4525.92504,4510.2327,4511.22286
2026-08-28 16:10:00+00:00,4512.75421,4514.87652,4502.70364,4504.27493
2026-08-28 16:15:00+00:00,4507.64159,4507.64159,4485.66731,4487.57314
2026-08-28 16:20:00+00:00,4490.98351,4490.98351,4467.27719,4474.61524
2026-08-28 16:25:00+00:00,4473.387,4480.27357,4465.9987,4479.69051
2026-08-28 16:30:00+00:00,4478.48061,4487.68326,4474.34368,4476.75706
2026-08-28 16:35:00+00:00,4480.14703,4484.13879,4471.07216,4483.13704
2026-08-28 16:40:00+00:00,4480.73627,4484.90828,4469.9059,4471.24048
2026-08-28 16:45:00+00:00,4473.06411,4480.28674,4468.47491,4476.81345
2026-08-28 16:50:00+00:00,4477.08162,4484.81168,4477.08162,4482.77504
2026-08-28 16:55:00+00:00,4483.74086,4483.74086,4477.07736,4480.47495
2026-08-28 17:00:00+00:00,4480.68692,4480.68692,4475.07384,4477.49329
2026-08-28 17:05:00+00:00,4477.73742,4481.89315,4474.5235,4481.39434
2026-08-28 17:10:00+00:00,4480.32179,4481.29361,4471.56564,4475.51401
2026-08-28 17:15:00+00:00,4475.60385,4482.09403,4474.40915,4478.12845
2026-08-28 17:20:00+00:00,4478.08561,4486.13358,4478.08561,4482.01972
2026-08-28 17:25:00+00:00,4482.83798,4484.30493,4476.67652,4477.67711
2026-08-28 17:30:00+00:00,4478.63509,4480.48748,4474.67335,4478.99491
2026-08-28 17:35:00+00:00,4478.20723,4482.90015,4475.63841,4481.63113
2026-08-28 17:40:00+00:00,4478.61081,4478.61081,4461.49728,4466.5373
2026-08-28 17:45:00+00:00,4465.34404,4475.4744,4465.34404,4474.36347
2026-08-28 17:50:00+00:00,4474.43897,4475.31783,4473.63799,4473.71365
2026-08-28 17:55:00+00:00,4473.80259,4475.31672,4467.07764,4471.08646
2026-08-28 18:00:00+00:00,4470.24161,4472.31055,4461.3722,4461.80372
2026-08-28 18:05:00+00:00,4462.72607,4465.10676,4459.76398,4460.61959
2026-08-28 18:10:00+00:00,4460.92292,4464.68435,4460.92292,4461.39606
2026-08-28 18:15:00+00:00,4461.94393,4463.55642,4457.12248,4461.39389
2026-08-28 18:20:00+00:00,4460.22655,4463.09024,4454.32277,4455.82988
2026-08-28 18:25:00+00:00,4458.99005,4462.09451,4451.96332,4458.5895
2026-08-28 18:30:00+00:00,4460.64529,4460.64529,4453.54948,4453.71418
2026-08-28 18:35:00+00:00,4453.90088,4458.31476,4452.16152,4453.51949
2026-08-28 18:40:00+00:00,4452.84774,4454.34298,4444.64198,4445.46745
2026-08-28 18:45:00+00:00,4446.5146,4453.69445,4445.45984,4452.44698
2026-08-28 18:50:00+00:00,4451.44346,4455.27391,4451.44346,4454.888
2026-08-28 18:55:00+00:00,4454.39913,4456.69341,4453.06075,4454.76978
2026-08-28 19:00:00+00:00,4455.17933,4460.88084,4454.49327,4457.17277
2026-08-28 19:05:00+00:00,4458.36518,4462.29362,4458.36518,4462.03832
2026-08-28 19:10:00+00:00,4461.54039,4461.78583,4455.53377,4455.85513
2026-08-28 19:15:00+00:00,4456.45453,4459.10715,4454.65471,4455.31964
2026-08-28 19:20:00+00:00,4456.31852,4461.69634,4456.31852,4458.98914
2026-08-28 19:25:00+00:00,4459.3882,4463.48866,4458.51353,4463.2394
2026-08-28 19:30:00+00:00,4462.87739,4463.66639,4461.69634,4463.61681
2026-08-28 19:35:00+00:00,4463.47247,4466.8781,4462.89106,4466.49315
2026-08-28 19:40:00+00:00,4465.60449,4467.13339,4465.07907,4465.8155
2026-08-28 19:45:00+00:00,4466.17827,4467.1644,4455.7323,4456.03898
2026-08-28 19:50:00+00:00,4456.40651,4459.52703,4453.9462,4458.21248
2026-08-28 19:55:00+00:00,4457.59945,4461.81577,4456.52658,4458.96793
2026-08-28 20:00:00+00:00,4460.00681,4462.49275,4455.93084,4462.23409
2026-08-28 20:05:00+00:00,4461.64007,4461.71488,4460.3033,4460.72599
2026-08-28 20:10:00+00:00,4460.77446,4461.29824,4457.71854,4459.21865
2026-08-28 20:15:00+00:00,4458.97276,4460.50225,4458.71232,4460.14227
2026-08-28 20:20:00+00:00,4459.85939,4459.85939,4453.9462,4454.12396
2026-08-28 20:25:00+00:00,4454.32185,4457.50463,4453.79618,4457.03875
2026-08-28 20:30:00+00:00,4455.80263,4458.0615,4455.7323,4456.48958
2026-08-28 20:35:00+00:00,4456.41945,4457.68302,4455.7323,4455.90556
2026-08-28 20:40:00+00:00,4456.20014,4456.58591,4454.34298,4456.17752
2026-08-28 20:45:00+00:00,4455.16216,4459.37666,4455.16216,4458.74323
2026-08-28 20:50:00+00:00,4457.73282,4460.3033,4453.35115,4453.67226
2026-08-28 20:55:00+00:00,4454.35481,4456.52658,4453.74783,4456.44061
2026-08-28 21:00:00+00:00,4456.35382,4458.92543,4453.52303,4458.83594
2026-08-28 21:05:00+00:00,4458.71031,4458.97843,4458.71031,4458.83352
2026-08-28 21:10:00+00:00,4458.78158,4458.93948,4458.71232,4458.88912
2026-08-28 21:15:00+00:00,4458.79374,4458.98639,4458.71232,4458.88252
2026-08-28 21:20:00+00:00,4458.78203,4458.94921,4458.71232,4458.7285
2026-08-28 21:25:00+00:00,4458.78563,4459.0161,4458.71232,4458.84447
2026-08-28 21:30:00+00:00,4458.78718,4458.90306,4458.51353,4458.79094
2026-08-28 21:35:00+00:00,4458.68589,4458.99482,4458.68589,4458.74205
2026-08-28 21:40:00+00:00,4458.79032,4458.95446,4458.71232,4458.73267
2026-08-28 21:45:00+00:00,4458.796,4458.98566,4458.51353,4458.57197
2026-08-28 21:50:00+00:00,4458.60359,4458.9073,4458.60359,4458.87237
2026-08-28 21:55:00+00:00,4458.78132,4458.97149,4458.70725,4458.87935
2026-08-28 22:00:00+00:00,4458.77197,4458.92138,4458.71232,4458.74407
2026-08-28 22:05:00+00:00,4458.76765,4458.96796,4458.71145,4458.84589
2026-08-28 22:10:00+00:00,4458.77711,4458.91584,4458.71232,4458.87768
2026-08-28 22:15:00+00:00,4458.78887,4458.98834,4458.71232,4458.73546
2026-08-28 22:20:00+00:00,4458.78256,4458.93042,4458.71232,4458.73201
2026-08-28 22:25:00+00:00,4458.78856,4458.9767,4458.71232,4458.85468
2026-08-28 22:30:00+00:00,4458.7812,4458.92746,4458.71232,4458.8742
2026-08-28 22:35:00+00:00,4458.78913,4458.98841,4458.71232,4458.73379
2026-08-28 22:40:00+00:00,4458.78265,4458.92273,4458.71232,4458.73324
2026-08-28 22:45:00+00:00,4458.78894,4458.98282,4458.71232,4458.86318
2026-08-28 22:50:00+00:00,4458.78536,4458.94048,4458.71232,4458.87462
2026-08-28 22:55:00+00:00,4458.79273,4458.99154,4458.71232,4458.73438
2026-08-28 23:00:00+00:00,4458.78842,4458.91027,4458.71232,4458.73398
2026-08-28 23:05:00+00:00,4458.78703,4458.9811,4458.71232,4458.86349
2026-08-28 23:10:00+00:00,4458.78076,4458.94507,4458.71232,4458.86826
2026-08-28 23:15:00+00:00,4458.79093,4458.98745,4458.71232,4458.73083
2026-08-28 23:20:00+00:00,4458.7831,4458.9262,4458.71232,4458.73621
2026-08-28 23:25:00+00:00,4458.78884,4458.98232,4458.71232,4458.8674
2026-08-28 23:30:00+00:00,4458.78067,4458.9529,4458.71232,4458.86382
2026-08-28 23:35:00+00:00,4458.79058,4458.98244,4458.71106,4458.72808
2026-08-28 23:40:00+00:00,4458.77921,4458.93069,4458.71232,4458.84615
2026-08-28 23:45:00+00:00,4458.783,4458.97651,4458.71232,4458.86516
2026-08-28 23:50:00+00:00,4458.77461,4458.95438,4458.71232,4458.85476
2026-08-28 23:55:00+00:00,4458.78651,4458.98504,4458.71232,4458.72835
2026-08-29 00:00:00+00:00,4458.78293,4458.93369,4458.71232,4458.73556
2026-08-29 00:05:00+00:00,4458.77774,4458.97759,4458.71232,4458.87013
2026-08-29 00:10:00+00:00,4458.77653,4458.96232,4458.71232,4458.8495
2026-08-29 00:15:00+00:00,4458.7866,4458.98529,4458.71232,4458.72595
2026-08-29 00:20:00+00:00,4458.77936,4458.9503,4458.71232,4458.83598
2026-08-29 00:25:00+00:00,4458.7834,4458.97564,4458.71232,4458.87272
2026-08-29 00:30:00+00:00,4458.77647,4458.96751,4458.71232,4458.84411
2026-08-29 00:35:00+00:00,4458.78647,4458.98638,4458.71232,4458.72513
2026-08-29 00:40:00+00:00,4458.77941,4458.95784,4458.71232,4458.83111
2026-08-29 00:45:00+00:00,4458.78536,4458.97267,4458.71232,4458.87483
2026-08-29 00:50:00+00:00,4458.77642,4458.96974,4458.71232,4458.84167
2026-08-29 00:55:00+00:00,4458.78435,4458.99043,4458.71232,4458.72659
2026-08-29 01:00:00+00:00,4458.78504,4458.96643,4458.71232,4458.83089
2026-08-29 01:05:00+00:00,4458.78956,4458.96672,4458.71232,4458.87446
2026-08-29 01:10:00+00:00,4458.77401,4458.97894,4458.71232,4458.84785
2026-08-29 01:15:00+00:00,4458.78628,4458.98538,4458.71232,4458.7233
2026-08-29 01:20:00+00:00,4458.77789,4458.96889,4458.71143,4458.81854
2026-08-29 01:25:00+00:00,4458.78557,4458.96166,4458.71232,4458.87559
2026-08-29 01:30:00+00:00,4458.77437,4458.97523,4458.71232,4458.85744
2026-08-29 01:35:00+00:00,4458.78598,4458.98548,4458.71232,4458.72509
2026-08-29 01:40:00+00:00,4458.78309,4458.97764,4458.71232,4458.81852
2026-08-29 01:45:00+00:00,4458.78974,4458.96202,4458.71232,4458.88212
2026-08-29 01:50:00+00:00,4458.78071,4458.98233,4458.71232,4458.86338
2026-08-29 01:55:00+00:00,4458.78791,4458.98247,4458.71232,4458.72497
2026-08-29 02:00:00+00:00,4458.7831,4458.98373,4458.71232,4458.82226
2026-08-29 02:05:00+00:00,4458.78789,4458.95529,4458.71232,4458.8822
2026-08-29 02:10:00+00:00,4458.78071,4458.98249,4458.71232,4458.8686
2026-08-29 02:15:00+00:00,4458.7878,4458.97846,4458.71232,4458.72504
2026-08-29 02:20:00+00:00,4458.78309,4458.98502,4458.71232,4458.82816
2026-08-29 02:25:00+00:00,4458.78799,4458.94791,4458.71232,4458.88176
2026-08-29 02:30:00+00:00,4458.78072,4458.97764,4458.71232,4458.86905
2026-08-29 02:35:00+00:00,4458.78558,4458.96914,4458.71232,4458.72321
2026-08-29 02:40:00+00:00,4458.77751,4458.97523,4458.71232,4458.82843
2026-08-29 02:45:00+00:00,4458.78214,4458.93047,4458.71232,4458.87279
2026-08-29 02:50:00+00:00,4458.77201,4458.97561,4458.71232,4458.8759
2026-08-29 02:55:00+00:00,4458.78371,4458.96759,4458.71232,4458.7257
2026-08-29 03:00:00+00:00,4458.78306,4458.98237,4458.71232,4458.83776
2026-08-29 03:05:00+00:00,4458.7861,4458.93852,4458.71232,4458.88716
2026-08-29 03:10:00+00:00,4458.79138,4458.97453,4458.71232,4458.88276
2026-08-29 03:15:00+00:00,4458.78749,4458.95532,4458.71232,4458.75838
2026-08-29 03:20:00+00:00,4458.78675,4458.98047,4458.71232,4458.83753
2026-08-29 03:25:00+00:00,4458.77992,4458.92665,4458.71232,4458.88328
2026-08-29 03:30:00+00:00,4458.78824,4458.98277,4458.71232,4458.88742
2026-08-29 03:35:00+00:00,4458.78922,4458.95084,4458.71232,4458.72571
2026-08-29 03:40:00+00:00,4458.77937,4458.98543,4458.71145,4458.84914
2026-08-29 03:45:00+00:00,4458.78677,4458.91041,4458.71232,4458.86882
2026-08-29 03:50:00+00:00,4458.77453,4458.97522,4458.71232,4458.88541
2026-08-29 03:55:00+00:00,4458.78312,4458.94025,4458.71232,4458.72598
2026-08-29 04:00:00+00:00,4458.77732,4458.98755,4458.71232,4458.85772
2026-08-29 04:05:00+00:00,4458.79027,4458.92557,4458.71232,4458.87199
2026-08-29 04:10:00+00:00,4458.7809,4458.98232,4458.71232,4458.89387
2026-08-29 04:15:00+00:00,4458.78721,4458.93573,4458.71232,4458.72912
2026-08-29 04:20:00+00:00,4458.78289,4458.98457,4458.71232,4458.86087
2026-08-29 04:25:00+00:00,4458.78858,4458.93387,4458.71232,4458.86871
2026-08-29 04:30:00+00:00,4458.78064,4458.9825,4458.71232,4458.89736
2026-08-29 04:35:00+00:00,4458.78886,4458.92335,4458.71232,4458.72832
2026-08-29 04:40:00+00:00,4458.77747,4458.98505,4458.71232,4458.86558
2026-08-29 04:45:00+00:00,4458.78892,4458.94328,4458.71232,4458.8588
2026-08-29 04:50:00+00:00,4458.77447,4458.97765,4458.71232,4458.73362
2026-08-29 04:55:00+00:00,4458.78588,4458.91305,4458.71232,4458.76201
2026-08-29 05:00:00+00:00,4458.77735,4458.97731,4458.71232,4458.86007
2026-08-29 05:05:00+00:00,4458.77822,4458.94818,4458.71232,4458.85661
2026-08-29 05:10:00+00:00,4458.77685,4458.97568,4458.71232,4458.73203
2026-08-29 05:15:00+00:00,4458.78438,4458.91275,4458.71232,4458.73259
2026-08-29 05:20:00+00:00,4458.78094,4458.98637,4458.71232,4458.87188
2026-08-29 05:25:00+00:00,4458.78744,4458.95788,4458.71232,4458.8501
2026-08-29 05:30:00+00:00,4458.77473,4458.97472,4458.71232,4458.73148
2026-08-29 05:35:00+00:00,4458.78626,4458.92744,4458.71232,4458.73357
2026-08-29 05:40:00+00:00,4458.77884,4458.98643,4458.71232,4458.87525
2026-08-29 05:45:00+00:00,4458.78721,4458.96463,4458.71232,4458.84725
2026-08-29 05:50:00+00:00,4458.77708,4458.97882,4458.71141,4458.72684
2026-08-29 05:55:00+00:00,4458.77759,4458.93291,4458.71232,4458.73531
2026-08-29 06:00:00+00:00,4458.77872,4458.98544,4458.71232,4458.87827
2026-08-29 06:05:00+00:00,4458.78728,4458.97067,4458.71232,4458.84212
2026-08-29 06:10:00+00:00,4458.7772,4458.97715,4458.71232,4458.72867
2026-08-29 06:15:00+00:00,4458.78445,4458.94127,4458.71232,4458.73715
2026-08-29 06:20:00+00:00,4458.7786,4458.98342,4458.71174,4458.88083
2026-08-29 06:25:00+00:00,4458.78734,4458.97578,4458.71232,4458.83627
2026-08-29 06:30:00+00:00,4458.77793,4458.96061,4458.70021,4458.73245
2026-08-29 06:35:00+00:00,4458.76165,4458.93132,4458.70088,4458.80658
2026-08-29 06:40:00+00:00,4458.75805,4458.94965,4458.6892,4458.85353
2026-08-29 06:45:00+00:00,4458.75606,4458.95099,4458.71277,4458.82086
2026-08-29 06:50:00+00:00,4458.75606,4458.96247,4458.70393,4458.73075
2026-08-29 06:55:00+00:00,4458.76202,4458.94389,4458.69947,4458.80936
2026-08-29 07:00:00+00:00,4458.766,4458.95584,4458.69972,4458.86479
2026-08-29 07:05:00+00:00,4458.766,4458.96357,4458.71232,4458.83023
2026-08-29 07:10:00+00:00,4458.76004,4458.9553,4458.70675,4458.72746
2026-08-29 07:15:00+00:00,4458.75925,4458.94218,4458.6909,4458.79108
2026-08-29 07:20:00+00:00,4458.75407,4458.93802,4458.68973,4458.85396
2026-08-29 07:25:00+00:00,4458.75407,4458.95384,4458.70303,4458.83575
2026-08-29 07:30:00+00:00,4458.76004,4458.95705,4458.71241,4458.72679
2026-08-29 07:35:00+00:00,4458.76004,4458.94885,4458.69354,4458.78775
2026-08-29 07:40:00+00:00,4458.75606,4458.93185,4458.69254,4458.85437
2026-08-29 07:45:00+00:00,4458.75407,4458.95467,4458.69467,4458.83551
2026-08-29 07:50:00+00:00,4458.75407,4458.9476,4458.71347,4458.72064
2026-08-29 07:55:00+00:00,4458.75407,4458.94907,4458.68721,4458.79391
2026-08-29 08:00:00+00:00,4458.75805,4458.94205,4458.70751,4458.87021
2026-08-29 08:05:00+00:00,4458.77077,4458.96648,4458.70161,4458.8661
2026-08-29 08:10:00+00:00,4458.77406,4458.97697,4458.71232,4458.72782
2026-08-29 08:15:00+00:00,4458.78906,4458.98273,4458.71232,4458.82552
2026-08-29 08:20:00+00:00,4458.78581,4458.95567,4458.71232,4458.88966
2026-08-29 08:25:00+00:00,4458.79183,4458.98549,4458.71232,4458.87348
2026-08-29 08:30:00+00:00,4458.77815,4458.96378,4458.71232,4458.72601
2026-08-29 08:35:00+00:00,4458.78272,4458.97714,4458.71232,4458.82368
2026-08-29 08:40:00+00:00,4458.77764,4458.94258,4458.71232,4458.88466
2026-08-29 08:45:00+00:00,4458.78744,4458.98344,4458.71175,4458.87818
2026-08-29 08:50:00+00:00,4458.77829,4458.95806,4458.71232,4458.72715
2026-08-29 08:55:00+00:00,4458.78434,4458.97835,4458.71232,4458.82944
2026-08-29 09:00:00+00:00,4458.7775,4458.93347,4458.71232,4458.88311
2026-08-29 09:05:00+00:00,4458.78778,4458.97834,4458.70907,4458.88067
2026-08-29 09:10:00+00:00,4458.77644,4458.95149,4458.71232,4458.72846
2026-08-29 09:15:00+00:00,4458.786,4458.97852,4458.71232,4458.83692
2026-08-29 09:20:00+00:00,4458.77936,4458.92618,4458.71232,4458.88322
2026-08-29 09:25:00+00:00,4458.78897,4458.98308,4458.7114,4458.88908
2026-08-29 09:30:00+00:00,4458.78237,4458.94793,4458.71232,4458.72921
2026-08-29 09:35:00+00:00,4458.78679,4458.98165,4458.71232,4458.84434
2026-08-29 09:40:00+00:00,4458.78139,4458.91345,4458.71232,4458.87863
2026-08-29 09:45:00+00:00,4458.78729,4458.98524,4458.71232,4458.73588
2026-08-29 09:50:00+00:00,4458.77868,4458.93544,4458.71232,4458.72951
2026-08-29 09:55:00+00:00,4458.7845,4458.97572,4458.71232,4458.84568
2026-08-29 10:00:00+00:00,4458.77711,4458.91344,4458.71232,4458.87567
2026-08-29 10:05:00+00:00,4458.78722,4458.98636,4458.71232,4458.7341
2026-08-29 10:10:00+00:00,4458.7788,4458.9264,4458.71232,4458.73063
2026-08-29 10:15:00+00:00,4458.78458,4458.97279,4458.71232,4458.85062
2026-08-29 10:20:00+00:00,4458.777,4458.92728,4458.71232,4458.87641
2026-08-29 10:25:00+00:00,4458.79112,4458.99043,4458.71232,4458.73386
2026-08-29 10:30:00+00:00,4458.78265,4458.93286,4458.71232,4458.73235
2026-08-29 10:35:00+00:00,4458.78879,4458.98071,4458.71232,4458.86101
2026-08-29 10:40:00+00:00,4458.78311,4458.93614,4458.71232,4458.87244
2026-08-29 10:45:00+00:00,4458.79161,4458.98954,4458.71232,4458.73087
2026-08-29 10:50:00+00:00,4458.77902,4458.91365,4458.71232,4458.73395
2026-08-29 10:55:00+00:00,4458.78675,4458.97907,4458.71232,4458.86143
2026-08-29 11:00:00+00:00,4458.77877,4458.94294,4458.71232,4458.86625
2026-08-29 11:05:00+00:00,4458.78921,4458.98341,4458.70977,4458.7287
2026-08-29 11:10:00+00:00,4458.77714,4458.92203,4458.71232,4458.73548
2026-08-29 11:15:00+00:00,4458.78685,4458.97833,4458.71232,4458.86344
2026-08-29 11:20:00+00:00,4458.77669,4458.94696,4458.71232,4458.85961
2026-08-29 11:25:00+00:00,4458.78708,4458.97837,4458.70907,4458.72741
2026-08-29 11:30:00+00:00,4458.77722,4458.92767,4458.71232,4458.77713
2026-08-29 11:35:00+00:00,4458.78191,4458.98248,4458.7201,4458.87106
2026-08-29 11:40:00+00:00,4458.78191,4458.96023,4458.76521,4458.8511
2026-08-29 11:45:00+00:00,4458.78191,4458.97896,4458.71543,4458.75805
2026-08-29 11:50:00+00:00,4458.78191,4458.9369,4458.73419,4458.84358
2026-08-29 11:55:00+00:00,4458.78191,4458.98156,4458.71738,4458.87411
2026-08-29 12:00:00+00:00,4458.78191,4458.96632,4458.75631,4458.84597
2026-08-29 12:05:00+00:00,4458.78191,4458.98117,4458.71686,4458.75523
2026-08-29 12:10:00+00:00,4458.78191,4458.94544,4458.72855,4458.83785
2026-08-29 12:15:00+00:00,4458.78191,4458.97961,4458.71569,4458.8767
2026-08-29 12:20:00+00:00,4458.78191,4458.9715,4458.74814,4458.8406
2026-08-29 12:25:00+00:00,4458.78191,4458.98235,4458.71933,4458.75287
2026-08-29 12:30:00+00:00,4458.78191,4458.95323,4458.72384,4458.8321
2026-08-29 12:35:00+00:00,4458.78191,4458.97664,4458.71503,4458.87881
2026-08-29 12:40:00+00:00,4458.78191,4458.97572,4458.74076,4458.84492
2026-08-29 12:45:00+00:00,4458.78191,4458.98248,4458.7228,4458.75101
2026-08-29 12:50:00+00:00,4458.78191,4458.9602,4458.72011,4458.8264
2026-08-29 12:55:00+00:00,4458.78191,4458.97266,4458.71542,4458.88043
2026-08-29 13:00:00+00:00,4458.78191,4458.97895,4458.73421,4458.85059
2026-08-29 13:05:00+00:00,4458.78191,4458.98157,4458.72726,4458.74965
2026-08-29 13:10:00+00:00,4458.78191,4458.9663,4458.71739,4458.82078
2026-08-29 13:15:00+00:00,4458.78191,4458.96772,4458.71685,4458.88153
2026-08-29 13:20:00+00:00,4458.78191,4458.98117,4458.72857,4458.85616
2026-08-29 13:25:00+00:00,4458.78191,4458.97962,4458.73267,4458.7488
2026-08-29 13:30:00+00:00,4458.78191,4458.97148,4458.71569,4458.81528
2026-08-29 13:35:00+00:00,4458.78191,4458.96186,4458.71931,4458.88212
2026-08-29 13:40:00+00:00,4458.78191,4458.98234,4458.72386,4458.86157
2026-08-29 13:45:00+00:00,4458.78191,4458.97665,4458.73899,4458.74847
2026-08-29 13:50:00+00:00,4458.78191,4458.97571,4458.71503,4458.81605
2026-08-29 13:55:00+00:00,4458.78191,4458.9551,4458.72279,4458.88219
2026-08-29 14:00:00+00:00,4458.78191,4458.98248,4458.72013,4458.8668
2026-08-29 14:05:00+00:00,4458.78191,4458.97268,4458.74616,4458.74866
2026-08-29 14:10:00+00:00,4458.78191,4458.97894,4458.71542,4458.82195
2026-08-29 14:15:00+00:00,4458.78191,4458.94752,4458.72724,4458.88174
2026-08-29 14:20:00+00:00,4458.78191,4458.98157,4458.7174,4458.87179
2026-08-29 14:25:00+00:00,4458.78191,4458.96775,4458.74938,4458.74938
2026-08-29 14:30:00+00:00,4458.78191,4458.98116,4458.71685,4458.8278
2026-08-29 14:35:00+00:00,4458.78191,4458.93917,4458.73265,4458.88077
2026-08-29 14:40:00+00:00,4458.78191,4458.97963,4458.7157,4458.87651
2026-08-29 14:45:00+00:00,4458.78191,4458.96188,4458.7506,4458.7506
2026-08-29 14:50:00+00:00,4458.78191,4458.98234,4458.7193,4458.83355
2026-08-29 14:55:00+00:00,4458.78191,4458.93011,4458.73896,4458.87928
2026-08-29 15:00:00+00:00,4458.78191,4458.97666,4458.71503,4458.88092
2026-08-29 15:05:00+00:00,4458.78191,4458.95513,4458.75234,4458.75234
2026-08-29 15:10:00+00:00,4458.78191,4458.98248,4458.72014,4458.83916
2026-08-29 15:15:00+00:00,4458.78191,4458.92042,4458.74613,4458.8773
2026-08-29 15:20:00+00:00,4458.78191,4458.97893,4458.71541,4458.88499
2026-08-29 15:25:00+00:00,4458.78191,4458.94756,4458.75456,4458.75456
2026-08-29 15:30:00+00:00,4458.78191,4458.98158,4458.71741,4458.84459
2026-08-29 15:35:00+00:00,4458.78191,4458.91017,4458.7541,4458.87484
2026-08-29 15:40:00+00:00,4458.78191,4458.98115,4458.71684,4458.88869
2026-08-29 15:45:00+00:00,4458.78191,4458.93921,4458.75727,4458.75727
2026-08-29 15:50:00+00:00,4458.78191,4458.97964,4458.7157,4458.84978
2026-08-29 15:55:00+00:00,4458.78191,4458.91766,4458.76281,4458.87191
2026-08-29 16:00:00+00:00,4458.78191,4458.98234,4458.71929,4458.77841
2026-08-29 16:05:00+00:00,4458.78191,4458.93015,4458.76042,4458.76042
2026-08-29 16:10:00+00:00,4458.78191,4458.97668,4458.71503,4458.85471
2026-08-29 16:15:00+00:00,4458.78191,4458.92752,4458.77219,4458.86853
2026-08-29 16:20:00+00:00,4458.78191,4458.98248,4458.72015,4458.77363
2026-08-29 16:25:00+00:00,4458.78191,4458.92046,4458.764,4458.764
2026-08-29 16:30:00+00:00,4458.78191,4458.97892,4458.71541,4458.85933
2026-08-29 16:35:00+00:00,4458.78191,4458.93676,4458.78191,4458.86475
2026-08-29 16:40:00+00:00,4458.78191,4458.98159,4458.71742,4458.76918
2026-08-29 16:45:00+00:00,4458.78191,4458.91021,4458.75645,4458.76799
2026-08-29 16:50:00+00:00,4458.78191,4458.98114,4458.71683,4458.86361
2026-08-29 16:55:00+00:00,4458.78191,4458.94531,4458.78191,4458.86057
2026-08-29 17:00:00+00:00,4458.78191,4458.97965,4458.71571,4458.76509
2026-08-29 17:05:00+00:00,4458.78191,4458.91762,4458.74827,4458.77234
2026-08-29 17:10:00+00:00,4458.78191,4458.98234,4458.71928,4458.86751
2026-08-29 17:15:00+00:00,4458.78191,4458.95311,4458.77495,4458.85605
2026-08-29 17:20:00+00:00,4458.78191,4458.97669,4458.71503,4458.76139
2026-08-29 17:25:00+00:00,4458.78191,4458.92748,4458.74087,4458.77703
2026-08-29 17:30:00+00:00,4458.78191,4458.98249,4458.72017,4458.871
2026-08-29 17:35:00+00:00,4458.78191,4458.96009,4458.76539,4458.8512
2026-08-29 17:40:00+00:00,4458.78191,4458.97891,4458.71541,4458.75811
2026-08-29 17:45:00+00:00,4458.78191,4458.93672,4458.73431,4458.8437
2026-08-29 17:50:00+00:00,4458.78191,4458.98159,4458.71743,4458.87406
2026-08-29 17:55:00+00:00,4458.78191,4458.96621,4458.75649,4458.84608
2026-08-29 18:00:00+00:00,4458.78191,4458.98114,4458.71682,4458.75528
2026-08-29 18:05:00+00:00,4458.78191,4458.94528,4458.72865,4458.83797
2026-08-29 18:10:00+00:00,4458.78191,4458.97966,4458.71571,4458.87665
2026-08-29 18:15:00+00:00,4458.78191,4458.97141,4458.7483,4458.84071
2026-08-29 18:20:00+00:00,4458.78191,4458.98233,4458.71927,4458.75292
2026-08-29 18:25:00+00:00,4458.78191,4458.95308,4458.72393,4458.83222
2026-08-29 18:30:00+00:00,4458.78191,4458.97671,4458.71504,4458.87877
2026-08-29 18:35:00+00:00,4458.78191,4458.97565,4458.7409,4458.8448
2026-08-29 18:40:00+00:00,4458.78191,4458.98249,4458.72272,4458.75104
2026-08-29 18:45:00+00:00,4458.78191,4458.96007,4458.72018,4458.82651
2026-08-29 18:50:00+00:00,4458.78191,4458.97275,4458.7154,4458.8804
2026-08-29 18:55:00+00:00,4458.78191,4458.9789,4458.73434,4458.85048
2026-08-29 19:00:00+00:00,4458.78191,4458.9816,4458.72716,4458.74967
2026-08-29 19:05:00+00:00,4458.78191,4458.96618,4458.71744,4458.82089
2026-08-29 19:10:00+00:00,4458.78191,4458.96783,4458.71681,4458.88152
2026-08-29 19:15:00+00:00,4458.78191,4458.98113,4458.72867,4458.85605
2026-08-29 19:20:00+00:00,4458.78191,4458.97967,4458.73255,4458.74881
2026-08-29 19:25:00+00:00,4458.78191,4458.97139,4458.71572,4458.81539
2026-08-29 19:30:00+00:00,4458.78191,4458.96198,4458.71925,4458.88212
2026-08-29 19:35:00+00:00,4458.78191,4458.98233,4458.72395,4458.86146
2026-08-29 19:40:00+00:00,4458.78191,4458.97672,4458.73885,4458.74847
2026-08-29 19:45:00+00:00,4458.78191,4458.97563,4458.71504,4458.81593
2026-08-29 19:50:00+00:00,4458.78191,4458.95525,4458.72271,4458.8822
2026-08-29 19:55:00+00:00,4458.78191,4458.98249,4458.72019,4458.86669
2026-08-29 20:00:00+00:00,4458.78191,4458.97277,4458.74601,4458.74865
2026-08-29 20:05:00+00:00,4458.78191,4458.97888,4458.7154,4458.82183
2026-08-29 20:10:00+00:00,4458.78191,4458.94769,4458.72714,4458.88175
2026-08-29 20:15:00+00:00,4458.78191,4458.9816,4458.71744,4458.87169
2026-08-29 20:20:00+00:00,4458.78191,4458.96786,4458.74936,4458.74936
2026-08-29 20:25:00+00:00,4458.78191,4458.98112,4458.71681,4458.82768
2026-08-29 20:30:00+00:00,4458.78191,4458.93935,4458.73253,4458.88079
2026-08-29 20:35:00+00:00,4458.78191,4458.97968,4458.71572,4458.87642
2026-08-29 20:40:00+00:00,4458.78191,4458.96201,4458.75057,4458.75057
2026-08-29 20:45:00+00:00,4458.78191,4458.98233,4458.71924,4458.83344
2026-08-29 20:50:00+00:00,4458.78191,4458.9303,4458.73882,4458.87932
2026-08-29 20:55:00+00:00,4458.78191,4458.97674,4458.71504,4458.88083
2026-08-29 21:00:00+00:00,4458.78191,4458.95528,4458.7523,4458.7523
2026-08-29 21:05:00+00:00,4458.78191,4458.98249,4458.72021,4458.83905
2026-08-29 21:10:00+00:00,4458.78191,4458.92062,4458.74598,4458.87735
2026-08-29 21:15:00+00:00,4458.78191,4458.97887,4458.7154,4458.88491
2026-08-29 21:20:00+00:00,4458.78191,4458.94772,4458.75451,4458.75451
2026-08-29 21:25:00+00:00,4458.78191,4458.98161,4458.71745,4458.84448
2026-08-29 21:30:00+00:00,4458.78191,4458.91038,4458.75393,4458.87489
2026-08-29 21:35:00+00:00,4458.78191,4458.98112,4458.7168,4458.88862
2026-08-29 21:40:00+00:00,4458.78191,4458.93938,4458.75721,4458.75721
2026-08-29 21:45:00+00:00,4458.78191,4458.97969,4458.71573,4458.84968
2026-08-29 21:50:00+00:00,4458.78191,4458.91746,4458.76263,4458.87197
2026-08-29 21:55:00+00:00,4458.78191,4458.98627,4458.71232,4458.78271
2026-08-29 22:00:00+00:00,4458.78588,4458.93474,4458.76418,4458.76418
2026-08-29 22:05:00+00:00,4458.78588,4458.98088,4458.71902,4458.85837
2026-08-29 22:10:00+00:00,4458.78588,4458.93087,4458.77554,4458.87274
2026-08-29 22:15:00+00:00,4458.78588,4458.98648,4458.72434,4458.77791
2026-08-29 22:20:00+00:00,4458.78588,4458.92509,4458.76773,4458.76773
2026-08-29 22:25:00+00:00,4458.78588,4458.98271,4458.71933,4458.86301
2026-08-29 22:30:00+00:00,4458.78588,4458.94015,4458.78548,4458.86898
2026-08-29 22:35:00+00:00,4458.78588,4458.98565,4458.72154,4458.77344
2026-08-29 22:40:00+00:00,4458.78588,4458.91487,4458.76099,4458.77169
2026-08-29 22:45:00+00:00,4458.78588,4458.98501,4458.72068,4458.86731
2026-08-29 22:50:00+00:00,4458.78588,4458.94875,4458.78588,4458.86483
2026-08-29 22:55:00+00:00,4458.78588,4458.98378,4458.71976,4458.76932
2026-08-29 23:00:00+00:00,4458.78588,4458.92093,4458.75276,4458.77602
2026-08-29 23:05:00+00:00,4458.78588,4458.98627,4458.72306,4458.87124
2026-08-29 23:10:00+00:00,4458.78588,4458.9566,4458.77958,4458.86033
2026-08-29 23:15:00+00:00,4458.78588,4458.98089,4458.71902,4458.76559
2026-08-29 23:20:00+00:00,4458.78588,4458.93083,4458.74531,4458.78069
2026-08-29 23:25:00+00:00,4458.78588,4458.98648,4458.72436,4458.87476
2026-08-29 23:30:00+00:00,4458.78588,4458.96364,4458.76998,4458.85551
2026-08-29 23:35:00+00:00,4458.78588,4458.9827,4458.71933,4458.76229
2026-08-29 23:40:00+00:00,4458.78588,4458.94011,4458.73869,4458.78566
2026-08-29 23:45:00+00:00,4458.78588,4458.98566,4458.72155,4458.87785
2026-08-29 23:50:00+00:00,4458.78588,4458.96981,4458.76103,4458.8504
2026-08-29 23:55:00+00:00,4458.78588,4458.985,4458.72067,4458.75943
2026-08-30 00:00:00+00:00,4458.78588,4458.94871,4458.73297,4458.84232
2026-08-30 00:05:00+00:00,4458.78588,4458.98379,4458.71977,4458.88047
2026-08-30 00:10:00+00:00,4458.78588,4458.97507,4458.75279,4458.84505
2026-08-30 00:15:00+00:00,4458.78588,4458.98626,4458.72305,4458.75703
2026-08-30 00:20:00+00:00,4458.78588,4458.95657,4458.72818,4458.83657
2026-08-30 00:25:00+00:00,4458.78588,4458.98091,4458.71902,4458.88263
2026-08-30 00:30:00+00:00,4458.78588,4458.97937,4458.74533,4458.84841
2026-08-30 00:35:00+00:00,4458.78588,4458.98649,4458.72644,4458.75513
2026-08-30 00:40:00+00:00,4458.78588,4458.96361,4458.72437,4458.83086
2026-08-30 00:45:00+00:00,4458.78588,4458.97702,4458.71932,4458.88428
2026-08-30 00:50:00+00:00,4458.78588,4458.98269,4458.73872,4458.85408
2026-08-30 00:55:00+00:00,4458.78588,4458.98566,4458.73082,4458.75372
2026-08-30 01:00:00+00:00,4458.78588,4458.96979,4458.72156,4458.82523
2026-08-30 01:05:00+00:00,4458.78588,4458.97216,4458.72067,4458.88544
2026-08-30 01:10:00+00:00,4458.78588,4458.98499,4458.73299,4458.85966
2026-08-30 01:15:00+00:00,4458.78588,4458.9838,4458.73615,4458.75283
2026-08-30 01:20:00+00:00,4458.78588,4458.97505,4458.71977,4458.81972
2026-08-30 01:25:00+00:00,4458.78588,4458.96637,4458.72304,4458.88607
2026-08-30 01:30:00+00:00,4458.78588,4458.98626,4458.7282,4458.86509
2026-08-30 01:35:00+00:00,4458.78588,4458.98092,4458.74239,4458.75245
2026-08-30 01:40:00+00:00,4458.78588,4458.97936,4458.71902,4458.81952
2026-08-30 01:45:00+00:00,4458.78588,4458.95969,4458.72643,4458.88618
2026-08-30 01:50:00+00:00,4458.78588,4458.98649,4458.72438,4458.87033
2026-08-30 01:55:00+00:00,4458.78588,4458.97704,4458.74949,4458.7526
2026-08-30 02:00:00+00:00,4458.78588,4458.98268,4458.71932,4458.82542
2026-08-30 02:05:00+00:00,4458.78588,4458.95218,4458.7308,4458.88577
2026-08-30 02:10:00+00:00,4458.78588,4458.98567,4458.72157,4458.87535
2026-08-30 02:15:00+00:00,4458.78588,4458.97218,4458.75327,4458.75327
2026-08-30 02:20:00+00:00,4458.78588,4458.98498,4458.72066,4458.83128
2026-08-30 02:25:00+00:00,4458.78588,4458.94389,4458.73612,4458.88485
2026-08-30 02:30:00+00:00,4458.78588,4458.98381,4458.71978,4458.88009
2026-08-30 02:35:00+00:00,4458.78588,4458.9664,4458.75445,4458.75445
2026-08-30 02:40:00+00:00,4458.78588,4458.98626,4458.72303,4458.83704
2026-08-30 02:45:00+00:00,4458.78588,4458.93489,4458.74236,4458.88341
2026-08-30 02:50:00+00:00,4458.78588,4458.98094,4458.71903,4458.88453
2026-08-30 02:55:00+00:00,4458.78588,4458.95972,4458.75615,4458.75615
2026-08-30 03:00:00+00:00,4458.78588,4458.98649,4458.7244,4458.84266
2026-08-30 03:05:00+00:00,4458.78588,4458.92525,4458.74946,4458.88147
2026-08-30 03:10:00+00:00,4458.78588,4458.98267,4458.71932,4458.88863
2026-08-30 03:15:00+00:00,4458.78588,4458.95221,4458.75833,4458.75833
2026-08-30 03:20:00+00:00,4458.78588,4458.98567,4458.72158,4458.84811
2026-08-30 03:25:00+00:00,4458.78588,4458.91504,4458.75736,4458.87904
2026-08-30 03:30:00+00:00,4458.78588,4458.98498,4458.72065,4458.89236
2026-08-30 03:35:00+00:00,4458.78588,4458.94393,4458.76099,4458.76099
2026-08-30 03:40:00+00:00,4458.78588,4458.98382,4458.71978,4458.85332
2026-08-30 03:45:00+00:00,4458.78588,4458.92077,4458.76601,4458.87615
2026-08-30 03:50:00+00:00,4458.78588,4458.98625,4458.72302,4458.78281
2026-08-30 03:55:00+00:00,4458.78588,4458.93493,4458.76411,4458.76411
2026-08-30 04:00:00+00:00,4458.78588,4458.98095,4458.71903,4458.85828
2026-08-30 04:05:00+00:00,4458.78588,4458.93067,4458.77534,4458.87282
2026-08-30 04:10:00+00:00,4458.78588,4458.98649,4458.72441,4458.77801
2026-08-30 04:15:00+00:00,4458.78588,4458.92529,4458.76765,4458.76765
2026-08-30 04:20:00+00:00,4458.78588,4458.98266,4458.71931,4458.86292
2026-08-30 04:25:00+00:00,4458.78588,4458.93997,4458.78527,4458.86906
2026-08-30 04:30:00+00:00,4458.78588,4458.98568,4458.72159,4458.77352
2026-08-30 04:35:00+00:00,4458.78588,4458.91509,4458.76117,4458.77161
2026-08-30 04:40:00+00:00,4458.78588,4458.98497,4458.72064,4458.86723
2026-08-30 04:45:00+00:00,4458.78588,4458.94858,4458.78588,4458.86492
2026-08-30 04:50:00+00:00,4458.78588,4458.98383,4458.71979,4458.7694
2026-08-30 04:55:00+00:00,4458.78588,4458.92073,4458.75292,4458.77593
2026-08-30 05:00:00+00:00,4458.78588,4458.98625,4458.723,4458.87116
2026-08-30 05:05:00+00:00,4458.78588,4458.95645,4458.77978,4458.86042
2026-08-30 05:10:00+00:00,4458.78588,4458.98096,4458.71903,4458.76567
2026-08-30 05:15:00+00:00,4458.78588,4458.93063,4458.74545,4458.78059
2026-08-30 05:20:00+00:00,4458.78588,4458.98649,4458.72443,4458.87469
2026-08-30 05:25:00+00:00,4458.78588,4458.9635,4458.77017,4458.85561
2026-08-30 05:30:00+00:00,4458.78588,4458.98264,4458.71931,4458.76235
2026-08-30 05:35:00+00:00,4458.78588,4458.93993,4458.73882,4458.78556
2026-08-30 05:40:00+00:00,4458.78588,4458.98569,4458.7216,4458.87779
2026-08-30 05:45:00+00:00,4458.78588,4458.96969,4458.7612,4458.85051
2026-08-30 05:50:00+00:00,4458.78588,4458.98496,4458.72064,4458.75948
2026-08-30 05:55:00+00:00,4458.78588,4458.94855,4458.73308,4458.84244
2026-08-30 06:00:00+00:00,4458.78588,4458.98384,4458.71979,4458.88043
2026-08-30 06:05:00+00:00,4458.78588,4458.97497,4458.75295,4458.84516
2026-08-30 06:10:00+00:00,4458.78588,4458.98625,4458.72299,4458.75708
2026-08-30 06:15:00+00:00,4458.78588,4458.95641,4458.72827,4458.83669
2026-08-30 06:20:00+00:00,4458.78588,4458.98098,4458.71903,4458.88259
2026-08-30 06:25:00+00:00,4458.78588,4458.9793,4458.74548,4458.84829
2026-08-30 06:30:00+00:00,4458.78588,4458.98649,4458.72636,4458.75516
2026-08-30 06:35:00+00:00,4458.78588,4458.96347,4458.72444,4458.83098
2026-08-30 06:40:00+00:00,4458.78588,4458.97711,4458.71931,4458.88426
2026-08-30 06:45:00+00:00,4458.78588,4458.98263,4458.73885,4458.85397
2026-08-30 06:50:00+00:00,4458.78588,4458.98569,4458.73072,4458.75374
2026-08-30 06:55:00+00:00,4458.78588,4458.96967,4458.72161,4458.82534
2026-08-30 07:00:00+00:00,4458.78588,4458.97227,4458.72063,4458.88542
2026-08-30 07:05:00+00:00,4458.78588,4458.98496,4458.7331,4458.85955
2026-08-30 07:10:00+00:00,4458.78588,4458.98385,4458.73603,4458.75284
2026-08-30 07:15:00+00:00,4458.78588,4458.97495,4458.7198,4458.81983
2026-08-30 07:20:00+00:00,4458.78588,4458.9665,4458.72298,4458.88606
2026-08-30 07:25:00+00:00,4458.78588,4458.98625,4458.72829,4458.86498
2026-08-30 07:30:00+00:00,4458.78588,4458.98099,4458.74225,4458.75246
2026-08-30 07:35:00+00:00,4458.78588,4458.97928,4458.71903,4458.8194
2026-08-30 07:40:00+00:00,4458.78588,4458.95984,4458.72635,4458.88619
2026-08-30 07:45:00+00:00,4458.78588,4458.98649,4458.72445,4458.87023
2026-08-30 07:50:00+00:00,4458.78588,4458.97713,4458.74934,4458.75259
2026-08-30 07:55:00+00:00,4458.78588,4458.98262,4458.7193,4458.8253
2026-08-30 08:00:00+00:00,4458.78588,4458.95234,4458.7307,4458.88579
2026-08-30 08:05:00+00:00,4458.78588,4458.9857,4458.72162,4458.87525
2026-08-30 08:10:00+00:00,4458.78588,4458.97229,4458.75325,4458.75325
2026-08-30 08:15:00+00:00,4458.78588,4458.98495,4458.72062,4458.83116
2026-08-30 08:20:00+00:00,4458.78588,4458.94407,4458.73601,4458.88487
2026-08-30 08:25:00+00:00,4458.78588,4458.98386,4458.7198,4458.88
2026-08-30 08:30:00+00:00,4458.78588,4458.96652,4458.75443,4458.75443
2026-08-30 08:35:00+00:00,4458.78588,4458.98624,4458.72297,4458.83692
2026-08-30 08:40:00+00:00,4458.78588,4458.93508,4458.74222,4458.88344
2026-08-30 08:45:00+00:00,4458.78588,4458.981,4458.71903,4458.88444
2026-08-30 08:50:00+00:00,4458.78588,4458.95987,4458.75611,4458.75611
2026-08-30 08:55:00+00:00,4458.78588,4458.98649,4458.72447,4458.84255
2026-08-30 09:00:00+00:00,4458.78588,4458.92545,4458.74931,4458.88151
2026-08-30 09:05:00+00:00,4458.78588,4458.98261,4458.7193,4458.88855
2026-08-30 09:10:00+00:00,4458.78588,4458.95238,4458.75828,4458.75828
2026-08-30 09:15:00+00:00,4458.78588,4458.9857,4458.72163,4458.848
2026-08-30 09:20:00+00:00,4458.78588,4458.91526,4458.75719,4458.8791
2026-08-30 09:25:00+00:00,4458.78588,4458.98494,4458.72061,4458.89229
2026-08-30 09:30:00+00:00,4458.78588,4458.94411,4458.76093,4458.76093
2026-08-30 09:35:00+00:00,4458.78588,4458.98387,4458.71981,4458.85322
2026-08-30 09:40:00+00:00,4458.78588,4458.92056,4458.76583,4458.87621
2026-08-30 09:45:00+00:00,4458.78588,4458.98624,4458.72296,4458.78291
2026-08-30 09:50:00+00:00,4458.78588,4458.93512,4458.76404,4458.76404
2026-08-30 09:55:00+00:00,4458.78588,4458.98102,4458.71903,4458.85818
2026-08-30 10:00:00+00:00,4458.78588,4458.93047,4458.77514,4458.87289
2026-08-30 10:05:00+00:00,4458.78588,4458.9865,4458.72448,4458.7781
2026-08-30 10:10:00+00:00,4458.78588,4458.9255,4458.76758,4458.76758
2026-08-30 10:15:00+00:00,4458.78588,4458.9826,4458.7193,4458.86283
2026-08-30 10:20:00+00:00,4458.78588,4458.93978,4458.78506,4458.86914
2026-08-30 10:25:00+00:00,4458.78588,4458.98571,4458.72164,4458.77361
2026-08-30 10:30:00+00:00,4458.78588,4458.9153,4458.76134,4458.77152
2026-08-30 10:35:00+00:00,4458.78588,4458.98493,4458.72061,4458.86715
2026-08-30 10:40:00+00:00,4458.78588,4458.94841,4458.78588,4458.86501
2026-08-30 10:45:00+00:00,4458.78588,4458.98388,4458.71981,4458.76948
2026-08-30 10:50:00+00:00,4458.78588,4458.92052,4458.75308,4458.77584
2026-08-30 10:55:00+00:00,4458.78588,4458.98624,4458.72295,4458.87109
2026-08-30 11:00:00+00:00,4458.78588,4458.95629,4458.77998,4458.86052
2026-08-30 11:05:00+00:00,4458.78588,4458.98103,4458.71903,4458.76574
2026-08-30 11:10:00+00:00,4458.78588,4458.93043,4458.74559,4458.78049
2026-08-30 11:15:00+00:00,4458.78588,4458.9865,4458.72449,4458.87462
2026-08-30 11:20:00+00:00,4458.78588,4458.96337,4458.77036,4458.85571
2026-08-30 11:25:00+00:00,4458.78588,4458.98259,4458.71929,4458.76241
2026-08-30 11:30:00+00:00,4458.78588,4458.93975,4458.73895,4458.78545
2026-08-30 11:35:00+00:00,4458.78588,4458.98571,4458.72165,4458.87773
2026-08-30 11:40:00+00:00,4458.78588,4458.96958,4458.76138,4458.85061
2026-08-30 11:45:00+00:00,4458.78588,4458.98493,4458.7206,4458.75953
2026-08-30 11:50:00+00:00,4458.78588,4458.94838,4458.73319,4458.84255
2026-08-30 11:55:00+00:00,4458.78588,4458.98389,4458.71982,4458.88038
2026-08-30 12:00:00+00:00,4458.78588,4458.97487,4458.75311,4458.84527
2026-08-30 12:05:00+00:00,4458.78588,4458.98623,4458.72293,4458.75712
2026-08-30 12:10:00+00:00,4458.78588,4458.95626,4458.72836,4458.83681
2026-08-30 12:15:00+00:00,4458.78588,4458.98105,4458.71903,4458.88255
2026-08-30 12:20:00+00:00,4458.78588,4458.97922,4458.74562,4458.84817
2026-08-30 12:25:00+00:00,4458.78588,4458.9865,4458.72628,4458.75519
2026-08-30 12:30:00+00:00,4458.78588,4458.96334,4458.72451,4458.8311
2026-08-30 12:35:00+00:00,4458.78588,4458.9772,4458.71929,4458.88423
2026-08-30 12:40:00+00:00,4458.78588,4458.98257,4458.73897,4458.85386
2026-08-30 12:45:00+00:00,4458.78588,4458.98572,4458.73062,4458.75377
2026-08-30 12:50:00+00:00,4458.78588,4458.96955,4458.72165,4458.82546
2026-08-30 12:55:00+00:00,4458.78588,4458.97238,4458.72059,4458.8854
2026-08-30 13:00:00+00:00,4458.78588,4458.98492,4458.73321,4458.85944
2026-08-30 13:05:00+00:00,4458.78588,4458.9839,4458.73591,4458.75285
2026-08-30 13:10:00+00:00,4458.78588,4458.97485,4458.71983,4458.81994
2026-08-30 13:15:00+00:00,4458.78588,4458.96663,4458.72292,4458.88605
2026-08-30 13:20:00+00:00,4458.78588,4458.98623,4458.72838,4458.86487
2026-08-30 13:25:00+00:00,4458.78588,4458.98106,4458.74212,4458.75246
2026-08-30 13:30:00+00:00,4458.78588,4458.9792,4458.71903,4458.81928
2026-08-30 13:35:00+00:00,4458.78588,4458.95998,4458.72627,4458.88619
2026-08-30 13:40:00+00:00,4458.78588,4458.9865,4458.72452,4458.87012
2026-08-30 13:45:00+00:00,4458.78588,4458.97722,4458.74918,4458.75258
2026-08-30 13:50:00+00:00,4458.78588,4458.98256,4458.71929,4458.82518
2026-08-30 13:55:00+00:00,4458.78588,4458.9525,4458.7306,4458.8858
2026-08-30 14:00:00+00:00,4458.78588,4458.98572,4458.72166,4458.87515
2026-08-30 14:05:00+00:00,4458.78588,4458.9724,4458.75323,4458.75323
2026-08-30 14:10:00+00:00,4458.78588,4458.98491,4458.72058,4458.83104
2026-08-30 14:15:00+00:00,4458.78588,4458.94425,4458.73589,4458.88489
2026-08-30 14:20:00+00:00,4458.78588,4458.98391,4458.71983,4458.8799
2026-08-30 14:25:00+00:00,4458.78588,4458.96665,4458.7544,4458.7544
2026-08-30 14:30:00+00:00,4458.78588,4458.98623,4458.72291,4458.83681
2026-08-30 14:35:00+00:00,4458.78588,4458.93527,4458.74209,4458.88348
2026-08-30 14:40:00+00:00,4458.78588,4458.98107,4458.71904,4458.88436
2026-08-30 14:45:00+00:00,4458.78588,4458.96001,4458.75607,4458.75607
2026-08-30 14:50:00+00:00,4458.78588,4458.9865,4458.72453,4458.84244
2026-08-30 14:55:00+00:00,4458.78588,4458.92566,4458.74915,4458.88156
2026-08-30 15:00:00+00:00,4458.78588,4458.98255,4458.71928,4458.88847
2026-08-30 15:05:00+00:00,4458.78588,4458.95254,4458.75823,4458.75823
2026-08-30 15:10:00+00:00,4458.78588,4458.98573,4458.72167,4458.84789
2026-08-30 15:15:00+00:00,4458.78588,4458.91547,4458.75702,4458.87915
2026-08-30 15:20:00+00:00,4458.78588,4458.9849,4458.72058,4458.89222
2026-08-30 15:25:00+00:00,4458.78588,4458.94428,4458.76087,4458.76087
2026-08-30 15:30:00+00:00,4458.78588,4458.98392,4458.71984,4458.85312
2026-08-30 15:35:00+00:00,4458.78588,4458.92035,4458.76565,4458.87628
2026-08-30 15:40:00+00:00,4458.78588,4458.98622,4458.7229,4458.78301
2026-08-30 15:45:00+00:00,4458.78588,4458.93531,4458.76397,4458.76397
2026-08-30 15:50:00+00:00,4458.78588,4458.98109,4458.71904,4458.85808
2026-08-30 15:55:00+00:00,4458.78588,4458.93028,4458.77495,4458.87296
2026-08-30 16:00:00+00:00,4458.78588,4458.9865,4458.72455,4458.7782
2026-08-30 16:05:00+00:00,4458.78588,4458.9257,4458.7675,4458.7675
2026-08-30 16:10:00+00:00,4458.78588,4458.98254,4458.71928,4458.86274
2026-08-30 16:15:00+00:00,4458.78588,4458.9396,4458.78485,4458.86922
2026-08-30 16:20:00+00:00,4458.78588,4458.98573,4458.72168,4458.7737
2026-08-30 16:25:00+00:00,4458.78588,4458.91551,4458.76152,4458.77144
2026-08-30 16:30:00+00:00,4458.78588,4458.9849,4458.72057,4458.86706
2026-08-30 16:35:00+00:00,4458.78588,4458.94824,4458.78588,4458.8651
2026-08-30 16:40:00+00:00,4458.78588,4458.98393,4458.71984,4458.76956
2026-08-30 16:45:00+00:00,4458.78588,4458.92031,4458.75324,4458.77575
2026-08-30 16:50:00+00:00,4458.78588,4458.98622,4458.72289,4458.87101
2026-08-30 16:55:00+00:00,4458.78588,4458.95614,4458.78018,4458.86062
2026-08-30 17:00:00+00:00,4458.78588,4458.9811,4458.71904,4458.76581
2026-08-30 17:05:00+00:00,4458.78588,4458.93024,4458.74574,4458.78039
2026-08-30 17:10:00+00:00,4458.78588,4458.9865,4458.72456,4458.87455
2026-08-30 17:15:00+00:00,4458.78588,4458.96323,4458.77055,4458.85581
2026-08-30 17:20:00+00:00,4458.78588,4458.98253,4458.71928,4458.76248
2026-08-30 17:25:00+00:00,4458.78588,4458.93956,4458.73907,4458.78535
2026-08-30 17:30:00+00:00,4458.78588,4458.98574,4458.72169,4458.87767
2026-08-30 17:35:00+00:00,4458.78588,4458.96946,4458.76155,4458.85072
2026-08-30 17:40:00+00:00,4458.78588,4458.98489,4458.72056,4458.75959
2026-08-30 17:45:00+00:00,4458.78588,4458.94821,4458.7333,4458.84267
2026-08-30 17:50:00+00:00,4458.78588,4458.98394,4458.71985,4458.88033
2026-08-30 17:55:00+00:00,4458.78588,4458.97477,4458.75327,4458.84538
2026-08-30 18:00:00+00:00,4458.78588,4458.96649,4458.70339,4458.72089
2026-08-30 18:05:00+00:00,4458.766,4458.93607,4458.70563,4458.80816
2026-08-30 18:10:00+00:00,4458.75991,4458.95218,4458.69117,4458.85526
2026-08-30 18:15:00+00:00,4458.75805,4458.96639,4458.71232,4458.84271
2026-08-30 18:20:00+00:00,4458.78636,4458.98648,4458.71232,4458.72456
2026-08-30 18:25:00+00:00,4458.77945,4458.97254,4458.71232,4458.82709
2026-08-30 18:30:00+00:00,4458.78736,4458.97341,4458.71232,4458.88019
2026-08-30 18:35:00+00:00,4458.78075,4458.97847,4458.71232,4458.84891
2026-08-30 18:40:00+00:00,4458.78829,4458.98563,4458.71232,4458.72405
2026-08-30 18:45:00+00:00,4458.77949,4458.97168,4458.71232,4458.82395
2026-08-30 18:50:00+00:00,4458.78766,4458.97062,4458.71232,4458.88335
2026-08-30 18:55:00+00:00,4458.78272,4459.53706,4456.79612,4456.96391
2026-08-30 19:00:00+00:00,4457.17644,4457.17644,4456.10777,4456.26427
2026-08-30 19:05:00+00:00,4456.17866,4456.33955,4456.12941,4456.23089
2026-08-30 19:10:00+00:00,4456.15874,4456.35694,4456.08651,4456.13095
2026-08-30 19:15:00+00:00,4456.15456,4456.30407,4456.11264,4456.21547
2026-08-30 19:20:00+00:00,4456.14968,4456.35717,4456.09118,4456.24811
2026-08-30 19:25:00+00:00,4456.15755,4456.34101,4456.12941,4456.21949
2026-08-30 19:30:00+00:00,4456.15304,4456.35157,4456.08951,4456.12949
2026-08-30 19:35:00+00:00,4456.15487,4456.31312,4456.10407,4456.1396
2026-08-30 19:40:00+00:00,4456.15504,4456.34569,4456.08354,4456.24114
2026-08-30 19:45:00+00:00,4456.14692,4456.33501,4456.11621,4456.20778
2026-08-30 19:50:00+00:00,4456.14728,4456.34732,4456.08379,4456.119
2026-08-30 19:55:00+00:00,4456.14728,4456.31795,4456.09073,4456.20312
2026-08-30 20:00:00+00:00,4456.14772,4456.37056,4456.09659,4456.26494
2026-08-30 20:05:00+00:00,4456.17023,4456.35282,4456.11963,4456.21709
2026-08-30 20:10:00+00:00,4456.15509,4456.36171,4456.09463,4456.1252
2026-08-30 20:15:00+00:00,4456.15635,4456.54674,4455.53377,4456.17171
2026-08-30 20:20:00+00:00,4456.10754,4456.34533,4456.08651,4456.25111
2026-08-30 20:25:00+00:00,4456.15323,4456.35295,4456.11039,4456.21879
2026-08-30 20:30:00+00:00,4456.15541,4456.34923,4456.09095,4456.11547
2026-08-30 20:35:00+00:00,4456.14767,4456.33146,4456.08565,4456.19261
2026-08-30 20:40:00+00:00,4456.14942,4456.34713,4456.09139,4456.25833
2026-08-30 20:45:00+00:00,4456.15958,4456.35747,4456.10447,4456.23027
2026-08-30 20:50:00+00:00,4456.15714,4456.35184,4456.10595,4456.1244
2026-08-30 20:55:00+00:00,4456.15642,4456.3406,4456.08961,4456.19301
2026-08-30 21:00:00+00:00,4456.15721,4456.33755,4456.0895,4456.2552
2026-08-30 21:05:00+00:00,4456.15562,4456.44856,4456.07868,4456.35744
2026-08-30 21:10:00+00:00,4456.12636,4456.52658,4456.1216,4456.13167
2026-08-30 21:15:00+00:00,4456.1711,4456.34524,4456.08874,4456.17967
2026-08-30 21:20:00+00:00,4456.14727,4456.33329,4456.09445,4456.25747
2026-08-30 21:25:00+00:00,4456.1576,4456.35773,4456.10298,4456.23705
2026-08-30 21:30:00+00:00,4456.15719,4456.34788,4456.11982,4456.12582
2026-08-30 21:35:00+00:00,4456.1584,4456.44549,4455.7323,4456.31595
2026-08-30 21:40:00+00:00,4456.25882,4456.25882,4456.03129,4456.17923
2026-08-30 21:45:00+00:00,4456.07898,4456.3264,4456.03626,4456.23358
2026-08-30 21:50:00+00:00,4456.14529,4456.34737,4456.12628,4456.12628
2026-08-30 21:55:00+00:00,4456.15919,4456.35741,4456.09337,4456.20231
2026-08-30 22:00:00+00:00,4456.15919,4456.15919,4436.55723,4448.06403
2026-08-30 22:05:00+00:00,4446.43169,4455.46442,4446.43169,4454.87728
2026-08-30 22:10:00+00:00,4454.06843,4459.30881,4454.06843,4459.04644
2026-08-30 22:15:00+00:00,4458.41817,4461.7467,4454.15885,4460.43431
2026-08-30 22:20:00+00:00,4457.24556,4466.27959,4457.24556,4465.89265
2026-08-30 22:25:00+00:00,4465.12851,4465.736,4458.71232,4459.0572
2026-08-30 22:30:00+00:00,4459.66093,4459.66093,4455.36176,4455.93745
2026-08-30 22:35:00+00:00,4456.89184,4461.49728,4450.79219,4460.8026
2026-08-30 22:40:00+00:00,4459.19502,4462.29362,4458.35076,4459.1583
2026-08-30 22:45:00+00:00,4460.5801,4460.70122,4457.12248,4459.92211
2026-08-30 22:50:00+00:00,4459.81081,4459.99253,4458.97996,4459.16894
2026-08-30 22:55:00+00:00,4459.09786,4461.83419,4458.72244,4461.54335
2026-08-30 23:00:00+00:00,4460.75495,4462.74828,4460.70122,4462.55579
2026-08-30 23:05:00+00:00,4461.97057,4466.47907,4461.97057,4466.2986
2026-08-30 23:10:00+00:00,4465.95808,4466.53421,4461.11516,4462.07788
2026-08-30 23:15:00+00:00,4464.03558,4464.03558,4459.70655,4463.49202
2026-08-30 23:20:00+00:00,4463.14785,4464.88369,4461.09921,4461.47118
2026-08-30 23:25:00+00:00,4462.09519,4462.57214,4453.84122,4454.53274
2026-08-30 23:30:00+00:00,4455.46919,4458.31476,4452.08662,4456.79181
2026-08-30 23:35:00+00:00,4456.1293,4456.51771,4450.97254,4451.20297
2026-08-30 23:40:00+00:00,4451.66343,4452.57459,4447.40938,4447.52104
2026-08-30 23:45:00+00:00,4447.74715,4451.29231,4438.86874,4439.52046
2026-08-30 23:50:00+00:00,4440.92832,4446.61835,4435.38998,4446.4269
2026-08-30 23:55:00+00:00,4446.36514,4459.40444,4444.4203,4458.89106
2026-08-31 00:00:00+00:00,4458.12245,4461.29824,4454.14458,4454.62298
2026-08-31 00:05:00+00:00,4455.31285,4458.91113,4455.27529,4457.31442
2026-08-31 00:10:00+00:00,4457.50293,4462.491,4456.32799,4461.63527
2026-08-31 00:15:00+00:00,4460.46769,4464.48247,4459.70655,4459.99141
2026-08-31 00:20:00+00:00,4460.48662,4460.48662,4457.76421,4458.098
2026-08-31 00:25:00+00:00,4458.76717,4458.76717,4452.95454,4453.29181
2026-08-31 00:30:00+00:00,4454.19293,4466.08012,4454.19293,4465.855
2026-08-31 00:35:00+00:00,4465.25923,4470.27269,4463.48866,4470.10034
2026-08-31 00:40:00+00:00,4469.75094,4470.87227,4464.28571,4464.79567
2026-08-31 00:45:00+00:00,4465.76186,4468.47491,4463.83235,4468.22717
2026-08-31 00:50:00+00:00,4468.03667,4469.24576,4462.6919,4465.416
2026-08-31 00:55:00+00:00,4464.31666,4468.11907,4458.54251,4459.10182
2026-08-31 01:00:00+00:00,4459.83325,4467.16639,4443.45701,4458.61413
2026-08-31 01:05:00+00:00,4456.56611,4462.29362,4441.64208,4443.01535
2026-08-31 01:10:00+00:00,4445.37676,4445.37676,4437.5416,4440.86614
2026-08-31 01:15:00+00:00,4439.98602,4450.94268,4438.30656,4450.31889
2026-08-31 01:20:00+00:00,4449.1651,4452.55799,4445.65462,4448.46798
2026-08-31 01:25:00+00:00,4449.45906,4449.45906,4444.24692,4447.18528
2026-08-31 01:30:00+00:00,4446.14348,4450.19116,4439.57301,4440.65841
2026-08-31 01:35:00+00:00,4442.4391,4449.35699,4438.32941,4448.50673
2026-08-31 01:40:00+00:00,4446.37977,4454.5414,4444.32147,4451.49413
2026-08-31 01:45:00+00:00,4451.9932,4451.9932,4439.49839,4440.70447
2026-08-31 01:50:00+00:00,4443.39343,4443.39343,4436.14333,4442.03375
2026-08-31 01:55:00+00:00,4441.07722,4446.50757,4440.91497,4441.82924
2026-08-31 02:00:00+00:00,4442.80031,4442.80031,4422.43057,4423.4789
2026-08-31 02:05:00+00:00,4425.33751,4431.47307,4424.24923,4430.98477
2026-08-31 02:10:00+00:00,4430.29857,4431.91652,4423.99575,4424.38559
2026-08-31 02:15:00+00:00,4425.13403,4425.13403,4421.19449,4424.58482
2026-08-31 02:20:00+00:00,4423.21573,4425.11734,4419.8895,4424.53034
2026-08-31 02:25:00+00:00,4423.25076,4428.30573,4423.21302,4426.3983
2026-08-31 02:30:00+00:00,4425.89166,4426.09005,4412.71067,4413.99006
2026-08-31 02:35:00+00:00,4415.86663,4415.86663,4405.48042,4407.69971
2026-08-31 02:40:00+00:00,4408.69791,4411.46058,4402.5711,4406.64044
2026-08-31 02:45:00+00:00,4405.6227,4406.75965,4400.63369,4401.17734
2026-08-31 02:50:00+00:00,4402.16892,4415.93847,4400.09589,4415.3852
2026-08-31 02:55:00+00:00,4414.13729,4422.31548,4414.13729,4421.66291
2026-08-31 03:00:00+00:00,4420.73188,4428.72943,4420.73188,4427.85919
2026-08-31 03:05:00+00:00,4425.93256,4425.93256,4421.78327,4423.36311
2026-08-31 03:10:00+00:00,4424.02873,4427.52585,4424.02873,4426.88612
2026-08-31 03:15:00+00:00,4425.84913,4432.86427,4425.84913,4432.46872
2026-08-31 03:20:00+00:00,4431.8443,4433.45585,4427.52147,4433.00466
2026-08-31 03:25:00+00:00,4432.0147,4432.0147,4427.12945,4428.95414
2026-08-31 03:30:00+00:00,4428.35183,4429.67885,4423.60435,4423.86994
2026-08-31 03:35:00+00:00,4424.297,4424.77876,4421.14507,4421.60895
2026-08-31 03:40:00+00:00,4422.25735,4423.47663,4420.28025,4423.01349
2026-08-31 03:45:00+00:00,4422.42473,4424.58298,4422.42473,4424.47536
2026-08-31 03:50:00+00:00,4424.24854,4425.95379,4423.80004,4424.67061
2026-08-31 03:55:00+00:00,4424.79432,4424.81464,4421.64839,4422.48108
2026-08-31 04:00:00+00:00,4422.19648,4423.38313,4419.25951,4419.52353
2026-08-31 04:05:00+00:00,4420.01792,4420.01792,4417.54649,4417.61325
2026-08-31 04:10:00+00:00,4417.84066,4423.21302,4417.84066,4422.80556
2026-08-31 04:15:00+00:00,4421.96747,4421.96747,4418.71645,4418.89242
2026-08-31 04:20:00+00:00,4419.18735,4419.39014,4417.31094,4417.93349
2026-08-31 04:25:00+00:00,4418.30307,4420.47564,4416.18089,4416.41057
2026-08-31 04:30:00+00:00,4416.79913,4416.79913,4413.55487,4413.63623
2026-08-31 04:35:00+00:00,4413.87723,4421.25741,4413.87723,4421.12112
2026-08-31 04:40:00+00:00,4420.8378,4420.8378,4417.35136,4419.06305
2026-08-31 04:45:00+00:00,4418.66205,4421.64839,4418.66205,4420.45511
2026-08-31 04:50:00+00:00,4420.73055,4421.5181,4419.05216,4419.9833
2026-08-31 04:55:00+00:00,4420.2215,4424.58298,4419.90855,4424.44791
2026-08-31 05:00:00+00:00,4424.13661,4427.44456,4423.93783,4427.00224
2026-08-31 05:05:00+00:00,4425.94084,4425.94084,4420.71577,4421.00151
2026-08-31 05:10:00+00:00,4421.51783,4424.58298,4420.03436,4424.48562
2026-08-31 05:15:00+00:00,4424.20789,4426.67998,4422.82176,4426.0993
2026-08-31 05:20:00+00:00,4424.94225,4433.36924,4424.94225,4432.87489
2026-08-31 05:25:00+00:00,4431.57328,4440.30102,4431.57328,4439.84711
2026-08-31 05:30:00+00:00,4438.77407,4440.69452,4431.83833,4432.68247
2026-08-31 05:35:00+00:00,4433.31019,4435.77005,4431.44554,4435.48274
2026-08-31 05:40:00+00:00,4435.04387,4439.31457,4433.80332,4439.03603
2026-08-31 05:45:00+00:00,4438.48605,4439.90587,4437.30987,4439.72231
2026-08-31 05:50:00+00:00,4439.06561,4439.36156,4434.5898,4438.73682
2026-08-31 05:55:00+00:00,4438.48306,4443.45701,4436.55723,4443.03037
2026-08-31 06:00:00+00:00,4442.22641,4443.24385,4433.67029,4434.01309
2026-08-31 06:05:00+00:00,4434.71695,4434.71695,4430.07132,4430.1367
2026-08-31 06:10:00+00:00,4430.62323,4434.98315,4430.62323,4433.72013
2026-08-31 06:15:00+00:00,4433.54856,4436.7524,4432.03475,4435.95171
2026-08-31 06:20:00+00:00,4434.39486,4438.52641,4434.39486,4436.30017
2026-08-31 06:25:00+00:00,4436.49554,4436.65875,4435.31435,4436.48938
2026-08-31 06:30:00+00:00,4436.21742,4436.39926,4431.6006,4435.58649
2026-08-31 06:35:00+00:00,4433.57088,4439.60928,4433.57088,4438.94689
2026-08-31 06:40:00+00:00,4437.62879,4441.35242,4437.62879,4440.03681
2026-08-31 06:45:00+00:00,4439.82026,4443.06216,4439.82026,4441.44888
2026-08-31 06:50:00+00:00,4441.69804,4441.69804,4438.32941,4438.59757
2026-08-31 06:55:00+00:00,4438.88039,4440.90425,4436.75407,4438.93245
2026-08-31 07:00:00+00:00,4438.3906,4439.90587,4437.1478,4439.47161
2026-08-31 07:05:00+00:00,4438.89573,4440.49734,4437.5416,4438.05742
2026-08-31 07:10:00+00:00,4438.11038,4439.70876,4436.22709,4436.71803
2026-08-31 07:15:00+00:00,4437.76003,4439.31457,4435.37142,4439.02439
2026-08-31 07:20:00+00:00,4438.31641,4444.9945,4437.99884,4441.90983
2026-08-31 07:25:00+00:00,4443.01859,4448.09005,4443.01859,4447.75851
2026-08-31 07:30:00+00:00,4446.96016,4446.96016,4443.06096,4443.68998
2026-08-31 07:35:00+00:00,4445.10246,4445.10246,4441.93402,4443.22458
2026-08-31 07:40:00+00:00,4443.12344,4446.65475,4441.9144,4446.23318
2026-08-31 07:45:00+00:00,4445.11022,4447.60719,4444.91281,4445.58262
2026-08-31 07:50:00+00:00,4446.4642,4446.4642,4442.66738,4443.53164
2026-08-31 07:55:00+00:00,4442.84875,4445.11515,4441.92977,4442.13212
2026-08-31 08:00:00+00:00,4442.38322,4449.19025,4441.2862,4449.03737
2026-08-31 08:05:00+00:00,4448.81309,4449.98906,4442.47001,4443.6411
2026-08-31 08:10:00+00:00,4443.59965,4443.59965,4438.25212,4438.61003
2026-08-31 08:15:00+00:00,4439.30602,4440.10301,4435.0001,4439.45563
2026-08-31 08:20:00+00:00,4438.94014,4440.10301,4438.92045,4439.16098
2026-08-31 08:25:00+00:00,4439.11009,4441.07348,4438.13243,4438.67511
2026-08-31 08:30:00+00:00,4439.33751,4441.48346,4436.65535,4437.0751
2026-08-31 08:35:00+00:00,4437.95234,4437.95234,4435.17429,4437.1543
2026-08-31 08:40:00+00:00,4437.13566,4437.18941,4434.36487,4435.88452
2026-08-31 08:45:00+00:00,4435.70076,4436.36041,4434.98315,4436.28641
2026-08-31 08:50:00+00:00,4436.02123,4436.89268,4434.5898,4435.33085
2026-08-31 08:55:00+00:00,4435.17461,4435.77005,4434.39315,4435.73315
2026-08-31 09:00:00+00:00,4435.66256,4438.92045,4435.37656,4437.62742
2026-08-31 09:05:00+00:00,4438.01732,4440.69452,4438.01732,4438.95631
2026-08-31 09:10:00+00:00,4439.43748,4443.45701,4436.55723,4443.13624
2026-08-31 09:15:00+00:00,4442.43192,4444.24275,4441.6512,4441.91681
2026-08-31 09:20:00+00:00,4442.26841,4442.26841,4439.37807,4439.6193
2026-08-31 09:25:00+00:00,4440.05904,4440.05904,4438.05226,4438.26166
2026-08-31 09:30:00+00:00,4438.80128,4443.29139,4438.80128,4442.83911
2026-08-31 09:35:00+00:00,4441.68858,4445.2507,4441.68858,4442.84688
2026-08-31 09:40:00+00:00,4442.70372,4443.28428,4441.48346,4443.21176
2026-08-31 09:45:00+00:00,4443.10596,4444.64198,4442.22963,4443.28563
2026-08-31 09:50:00+00:00,4443.57599,4443.65446,4441.48346,4443.10003
2026-08-31 09:55:00+00:00,4442.98192,4445.02026,4442.98192,4444.59569
2026-08-31 10:00:00+00:00,4443.49869,4446.61835,4443.49869,4446.23101
2026-08-31 10:05:00+00:00,4445.41176,4452.95454,4445.1081,4452.30805
2026-08-31 10:10:00+00:00,4452.11162,4452.11162,4446.42063,4450.35573
2026-08-31 10:15:00+00:00,4448.67963,4451.96332,4446.22293,4447.76069
2026-08-31 10:20:00+00:00,4447.68509,4449.38821,4447.47881,4448.77996
2026-08-31 10:25:00+00:00,4448.72939,4448.91143,4447.01383,4447.54709
2026-08-31 10:30:00+00:00,4447.61338,4449.67742,4447.61333,4449.58602
2026-08-31 10:35:00+00:00,4449.38748,4450.97254,4447.94677,4450.91352
2026-08-31 10:40:00+00:00,4450.75689,4450.80798,4449.54105,4449.71717
2026-08-31 10:45:00+00:00,4450.17624,4451.17407,4449.78419,4451.14079
2026-08-31 10:50:00+00:00,4451.07593,4455.7323,4450.79047,4454.3919
2026-08-31 10:55:00+00:00,4454.46159,4455.32971,4454.14458,4454.55777
2026-08-31 11:00:00+00:00,4454.61783,4456.27943,4453.01534,4455.7204
2026-08-31 11:05:00+00:00,4455.88865,4457.51141,4454.10493,4456.77485
2026-08-31 11:10:00+00:00,4456.4512,4456.95215,4454.33827,4454.6891
2026-08-31 11:15:00+00:00,4455.1939,4456.69492,4452.95454,4456.12341
2026-08-31 11:20:00+00:00,4455.09797,4457.91726,4455.09797,4457.48046
2026-08-31 11:25:00+00:00,4457.49221,4463.49914,4457.44633,4462.80938
2026-08-31 11:30:00+00:00,4461.73683,4464.48502,4459.7281,4460.16627
2026-08-31 11:35:00+00:00,4460.73766,4461.16958,4455.79475,4456.15863
2026-08-31 11:40:00+00:00,4456.65383,4458.82369,4454.14458,4454.2896
2026-08-31 11:45:00+00:00,4454.65738,4456.32799,4452.55799,4454.07491
2026-08-31 11:50:00+00:00,4453.90683,4454.05111,4453.14115,4453.19796
2026-08-31 11:55:00+00:00,4453.26814,4455.98233,4452.75626,4455.18278
2026-08-31 12:00:00+00:00,4455.3142,4458.87828,4455.29749,4458.61941
2026-08-31 12:05:00+00:00,4458.05566,4460.70122,4456.68097,4457.55334
2026-08-31 12:10:00+00:00,4459.33226,4459.90545,4454.79409,4459.615
2026-08-31 12:15:00+00:00,4459.15414,4459.15414,4455.19998,4457.62026
2026-08-31 12:20:00+00:00,4457.33766,4457.78644,4450.97254,4451.14923
2026-08-31 12:25:00+00:00,4451.49936,4452.16152,4448.00285,4449.98397
2026-08-31 12:30:00+00:00,4450.27831,4450.27831,4446.61835,4446.75996
2026-08-31 12:35:00+00:00,4446.98033,4446.98033,4443.13376,4443.86832
2026-08-31 12:40:00+00:00,4444.84651,4444.88021,4440.35235,4442.28945
2026-08-31 12:45:00+00:00,4441.87174,4441.87803,4436.16361,4436.31977
2026-08-31 12:50:00+00:00,4436.48166,4440.89173,4434.61617,4438.04111
2026-08-31 12:55:00+00:00,4439.06827,4439.06827,4436.50602,4438.65359
2026-08-31 13:00:00+00:00,4437.84724,4438.8798,4434.98315,4438.4432
2026-08-31 13:05:00+00:00,4437.85618,4444.97076,4435.25762,4444.43277
2026-08-31 13:10:00+00:00,4443.5582,4446.61835,4443.5582,4445.16532
2026-08-31 13:15:00+00:00,4445.30686,4448.00285,4442.66738,4444.15924
2026-08-31 13:20:00+00:00,4444.00375,4444.89783,4439.70876,4439.94247
2026-08-31 13:25:00+00:00,4440.2314,4445.99848,4439.84184,4445.74332
2026-08-31 13:30:00+00:00,4445.40866,4446.9553,4439.31457,4440.14569
2026-08-31 13:35:00+00:00,4440.30459,4440.79183,4436.75321,4440.45176
2026-08-31 13:40:00+00:00,4439.58714,4441.59102,4433.36808,4433.74461
2026-08-31 13:45:00+00:00,4434.34731,4435.09678,4427.12945,4431.53138
2026-08-31 13:50:00+00:00,4429.5885,4429.5885,4420.47564,4420.71664
2026-08-31 13:55:00+00:00,4421.35167,4424.82463,4418.4917,4419.5929
2026-08-31 14:00:00+00:00,4421.19392,4422.235,4416.75722,4421.04175
2026-08-31 14:05:00+00:00,4420.89288,4426.10907,4419.8895,4425.55621
2026-08-31 14:10:00+00:00,4424.57641,4426.93346,4423.21302,4425.54035
2026-08-31 14:15:00+00:00,4424.3943,4430.46387,4424.3943,4428.71216
2026-08-31 14:20:00+00:00,4429.31669,4429.31669,4419.33448,4420.23161
2026-08-31 14:25:00+00:00,4421.46655,4421.64839,4417.93682,4421.54087
2026-08-31 14:30:00+00:00,4421.24498,4427.12945,4418.3096,4426.80425
2026-08-31 14:35:00+00:00,4426.09288,4434.03404,4425.66145,4433.7144
2026-08-31 14:40:00+00:00,4432.82491,4434.39315,4432.82491,4433.96856
2026-08-31 14:45:00+00:00,4433.78318,4434.98315,4432.31276,4433.05018
2026-08-31 14:50:00+00:00,4434.52889,4434.52889,4426.34561,4430.82495
2026-08-31 14:55:00+00:00,4429.56781,4434.82982,4429.56781,4434.64313
2026-08-31 15:00:00+00:00,4434.30725,4434.5898,4429.67885,4430.01017
2026-08-31 15:05:00+00:00,4430.56471,4433.60674,4428.3949,4429.86147
2026-08-31 15:10:00+00:00,4430.29111,4436.36041,4430.29111,4436.08058
2026-08-31 15:15:00+00:00,4435.56177,4438.17902,4429.48264,4429.89913
2026-08-31 15:20:00+00:00,4430.6371,4434.39315,4429.27653,4432.78831
2026-08-31 15:25:00+00:00,4433.15208,4433.41018,4431.74087,4433.31117
2026-08-31 15:30:00+00:00,4433.15243,4434.19917,4430.35832,4431.06785
2026-08-31 15:35:00+00:00,4432.13269,4432.13269,4429.09026,4429.26008
2026-08-31 15:40:00+00:00,4429.35077,4430.54988,4427.45584,4428.05646
2026-08-31 15:45:00+00:00,4429.00036,4432.42764,4426.73749,4432.24016
2026-08-31 15:50:00+00:00,4431.7941,4432.62411,4428.52848,4428.92632
2026-08-31 15:55:00+00:00,4429.58033,4429.58033,4424.19118,4424.65829
2026-08-31 16:00:00+00:00,4425.44245,4432.03475,4425.44245,4431.90047
2026-08-31 16:05:00+00:00,4431.61827,4435.77005,4430.78455,4435.00725
2026-08-31 16:10:00+00:00,4434.86772,4436.16361,4432.10006,4434.58985
2026-08-31 16:15:00+00:00,4435.66828,4436.16361,4433.08994,4434.92428
2026-08-31 16:20:00+00:00,4435.10707,4436.61568,4433.99991,4435.26279
2026-08-31 16:25:00+00:00,4434.51701,4437.6395,4434.51701,4437.3473
2026-08-31 16:30:00+00:00,4436.52304,4439.51165,4435.96682,4436.09108
2026-08-31 16:35:00+00:00,4436.27728,4436.83383,4431.44554,4431.68329
2026-08-31 16:40:00+00:00,4432.13643,4437.5416,4431.07751,4436.00118
2026-08-31 16:45:00+00:00,4436.3421,4437.93616,4432.8206,4433.22213
2026-08-31 16:50:00+00:00,4433.44612,4438.18268,4432.46672,4434.65369
2026-08-31 16:55:00+00:00,4435.11189,4435.11189,4432.8206,4432.96295
2026-08-31 17:00:00+00:00,4433.13907,4434.31668,4431.83833,4432.83383
2026-08-31 17:05:00+00:00,4433.32368,4433.32368,4431.36042,4431.47168
2026-08-31 17:10:00+00:00,4431.61027,4435.17985,4430.54042,4434.93433
2026-08-31 17:15:00+00:00,4434.80781,4436.36041,4433.01711,4436.16761
2026-08-31 17:20:00+00:00,4435.79831,4436.55723,4433.60674,4434.33246
2026-08-31 17:25:00+00:00,4434.17268,4435.11639,4429.48264,4432.02243
2026-08-31 17:30:00+00:00,4431.18037,4433.44838,4429.98167,4433.11999
2026-08-31 17:35:00+00:00,4432.21116,4435.5733,4432.21116,4433.99035
2026-08-31 17:40:00+00:00,4434.54321,4436.5454,4433.41018,4436.26262
2026-08-31 17:45:00+00:00,4435.45915,4439.55301,4435.45915,4439.29909
2026-08-31 17:50:00+00:00,4438.80137,4440.19711,4438.69469,4438.78748
2026-08-31 17:55:00+00:00,4438.90834,4438.90834,4436.16361,4436.278
2026-08-31 18:00:00+00:00,4436.45498,4436.73875,4432.03475,4432.23653
2026-08-31 18:05:00+00:00,4432.58293,4432.62411,4431.56157,4431.70669
2026-08-31 18:10:00+00:00,4431.92743,4432.64321,4431.24917,4432.63914
2026-08-31 18:15:00+00:00,4432.5819,4434.5898,4431.50206,4432.01033
2026-08-31 18:20:00+00:00,4432.33013,4433.13096,4431.62968,4432.9931
2026-08-31 18:25:00+00:00,4432.80461,4433.77277,4429.28644,4431.3518
2026-08-31 18:30:00+00:00,4431.03213,4432.01246,4426.34561,4427.15708
2026-08-31 18:35:00+00:00,4427.05548,4428.50184,4426.41145,4427.63797
2026-08-31 18:40:00+00:00,4427.78046,4430.26759,4427.16356,4429.51349
2026-08-31 18:45:00+00:00,4428.71206,4432.07566,4428.71206,4431.69962
2026-08-31 18:50:00+00:00,4430.67568,4434.98315,4430.67568,4434.27997
2026-08-31 18:55:00+00:00,4434.15252,4434.15252,4431.83833,4431.9425
2026-08-31 19:00:00+00:00,4432.08365,4432.31634,4429.28644,4432.18518
2026-08-31 19:05:00+00:00,4432.00225,4434.02495,4430.3347,4433.88686
2026-08-31 19:10:00+00:00,4433.64726,4436.0153,4433.21364,4433.32559
2026-08-31 19:15:00+00:00,4433.39369,4434.12584,4433.39369,4433.81678
2026-08-31 19:20:00+00:00,4433.8039,4437.73853,4433.41018,4437.31928
2026-08-31 19:25:00+00:00,4436.29474,4441.87803,4435.45485,4441.17197
2026-08-31 19:30:00+00:00,4440.58916,4441.31548,4439.90587,4439.94263
2026-08-31 19:35:00+00:00,4439.81485,4445.62995,4439.81485,4445.40598
2026-08-31 19:40:00+00:00,4444.87293,4444.87293,4439.25173,4441.91968
2026-08-31 19:45:00+00:00,4440.6045,4447.54038,4440.6045,4447.01622
2026-08-31 19:50:00+00:00,4446.3429,4451.56695,4446.3429,4451.43807
2026-08-31 19:55:00+00:00,4450.85661,4451.95329,4448.39858,4450.90143
2026-08-31 20:00:00+00:00,4449.35924,4455.53377,4449.35924,4455.05234
2026-08-31 20:05:00+00:00,4454.86158,4454.86158,4451.98382,4452.15982
2026-08-31 20:10:00+00:00,4452.46354,4452.95454,4450.18023,4450.27817
2026-08-31 20:15:00+00:00,4450.45779,4450.45779,4448.9923,4449.13378
2026-08-31 20:20:00+00:00,4449.34593,4449.34593,4446.81608,4447.3358
2026-08-31 20:25:00+00:00,4447.42705,4448.00285,4447.40938,4447.44138
2026-08-31 20:30:00+00:00,4447.50434,4448.48563,4446.97938,4448.30559
2026-08-31 20:35:00+00:00,4447.99305,4449.79828,4447.99305,4449.61349
2026-08-31 20:40:00+00:00,4449.31436,4449.31436,4447.80501,4448.44715
2026-08-31 20:45:00+00:00,4448.26354,4448.43251,4447.01383,4447.07407
2026-08-31 20:50:00+00:00,4447.22454,4447.78464,4446.97668,4447.59714
2026-08-31 20:55:00+00:00,4447.13901,4448.84942,4447.13901,4448.80126
2026-08-31 21:00:00+00:00,4448.65508,4448.9923,4447.60719,4448.98119
2026-08-31 21:05:00+00:00,4448.89518,4449.12469,4448.76204,4449.05024
2026-08-31 21:10:00+00:00,4448.9326,4449.07863,4448.79438,4448.81534
2026-08-31 21:15:00+00:00,4448.86426,4449.14293,4448.79438,4449.03467
2026-08-31 21:20:00+00:00,4448.95774,4449.10079,4448.79438,4449.01206
2026-08-31 21:25:00+00:00,4448.94261,4449.12312,4448.87262,4448.91238
2026-08-31 21:30:00+00:00,4448.92431,4449.01975,4448.79438,4448.97718
2026-08-31 21:35:00+00:00,4448.90058,4449.10941,4448.79438,4448.9819
2026-08-31 21:40:00+00:00,4448.86251,4449.06592,4448.79438,4449.00585
2026-08-31 21:45:00+00:00,4448.93443,4449.13575,4448.79438,4448.91211
2026-08-31 21:50:00+00:00,4448.9385,4449.22635,4448.9186,4448.9687
2026-08-31 21:55:00+00:00,4448.96605,4449.15639,4448.89283,4449.05277
2026-08-31 22:00:00+00:00,4448.95865,4453.54734,4447.1047,4453.00812
2026-08-31 22:05:00+00:00,4452.31983,4455.28971,4452.16152,4454.6636
2026-08-31 22:10:00+00:00,4453.84675,4456.12941,4452.24198,4452.69816
2026-08-31 22:15:00+00:00,4453.60236,4453.60236,4450.67296,4450.7723
2026-08-31 22:20:00+00:00,4450.91892,4450.91892,4448.39858,4448.41916
2026-08-31 22:25:00+00:00,4448.43678,4450.77443,4448.15918,4450.51816
2026-08-31 22:30:00+00:00,4449.99235,4451.17066,4449.19025,4449.90958
2026-08-31 22:35:00+00:00,4449.69474,4450.02279,4448.84062,4449.02461
2026-08-31 22:40:00+00:00,4449.33892,4449.33892,4447.51118,4447.59029
2026-08-31 22:45:00+00:00,4447.78055,4448.2007,4446.52827,4446.86494
2026-08-31 22:50:00+00:00,4447.53607,4447.70204,4445.82759,4445.94848
2026-08-31 22:55:00+00:00,4446.11678,4447.44237,4446.00148,4447.31017
2026-08-31 23:00:00+00:00,4447.02091,4447.40938,4446.59223,4446.96471
2026-08-31 23:05:00+00:00,4446.8272,4446.8272,4446.02525,4446.08193
2026-08-31 23:10:00+00:00,4446.08071,4446.58045,4443.85193,4444.05657
2026-08-31 23:15:00+00:00,4444.45201,4444.9304,4443.65446,4443.69038
2026-08-31 23:20:00+00:00,4443.69193,4443.85193,4442.07534,4442.85714
2026-08-31 23:25:00+00:00,4442.5668,4444.44444,4442.5668,4443.6089
2026-08-31 23:30:00+00:00,4443.75036,4447.60719,4443.06216,4446.44169
2026-08-31 23:35:00+00:00,4446.38671,4446.38671,4445.14635,4445.19344
2026-08-31 23:40:00+00:00,4445.25195,4446.42063,4443.5547,4446.23735
2026-08-31 23:45:00+00:00,4445.91566,4449.38821,4445.00392,4448.53351
2026-08-31 23:50:00+00:00,4448.41198,4450.90865,4446.61835,4450.32116
2026-08-31 23:55:00+00:00,4449.57061,4451.56695,4448.59647,4451.28522
2026-09-01 00:00:00+00:00,4451.12295,4453.35115,4448.00051,4452.68751
2026-09-01 00:05:00+00:00,4452.56743,4455.01954,4451.54228,4454.4065
2026-09-01 00:10:00+00:00,4453.62849,4457.26876,4453.62849,4456.80518
2026-09-01 00:15:00+00:00,4456.21075,4460.27828,4453.15283,4456.32377
2026-09-01 00:20:00+00:00,4454.81518,4462.05653,4454.81518,4458.3992
2026-09-01 00:25:00+00:00,4458.89362,4461.09921,4457.32115,4460.91764
2026-09-01 00:30:00+00:00,4460.54977,4461.04487,4457.12248,4457.27489
2026-09-01 00:35:00+00:00,4457.48528,4457.99812,4453.9462,4454.21533
2026-09-01 00:40:00+00:00,4454.12867,4455.7323,4453.28833,4453.89265
2026-09-01 00:45:00+00:00,4454.77463,4456.12941,4452.16152,4455.91312
2026-09-01 00:50:00+00:00,4455.5117,4460.70122,4455.33526,4458.21223
2026-09-01 00:55:00+00:00,4459.1531,4459.1531,4453.29701,4453.581
2026-09-01 01:00:00+00:00,4453.98715,4455.93084,4448.8808,4450.0395
2026-09-01 01:05:00+00:00,4450.84779,4451.09062,4447.01383,4449.0921
2026-09-01 01:10:00+00:00,4448.85991,4449.33806,4446.22293,4448.94766
2026-09-01 01:15:00+00:00,4448.29762,4448.29762,4444.62161,4445.1216
2026-09-01 01:20:00+00:00,4445.54516,4445.54516,4439.92156,4440.35731
2026-09-01 01:25:00+00:00,4441.18453,4441.18453,4438.32941,4440.52452
2026-09-01 01:30:00+00:00,4440.1926,4441.00216,4436.12131,4436.69876
2026-09-01 01:35:00+00:00,4437.22394,4445.23471,4437.22394,4443.03673
2026-09-01 01:40:00+00:00,4443.43897,4445.23471,4441.57648,4444.97696
2026-09-01 01:45:00+00:00,4444.2502,4446.42063,4443.38421,4443.87638
2026-09-01 01:50:00+00:00,4444.51408,4444.64743,4440.77154,4441.00878
2026-09-01 01:55:00+00:00,4441.44458,4444.86395,4439.97929,4442.72416
2026-09-01 02:00:00+00:00,4442.56584,4445.57586,4442.56584,4445.1577
2026-09-01 02:05:00+00:00,4444.09636,4449.19025,4442.54033,4443.1317
2026-09-01 02:10:00+00:00,4444.0284,4448.59647,4440.79143,4445.22492
2026-09-01 02:15:00+00:00,4446.07722,4446.07722,4443.65446,4445.84151
2026-09-01 02:20:00+00:00,4445.70619,4448.00285,4444.00138,4444.95077
2026-09-01 02:25:00+00:00,4446.92384,4446.92384,4440.69452,4441.93376
2026-09-01 02:30:00+00:00,4441.81987,4441.81987,4436.95093,4439.11309
2026-09-01 02:35:00+00:00,4439.24341,4441.84435,4432.87988,4432.9872
2026-09-01 02:40:00+00:00,4433.37076,4438.0499,4432.49611,4433.44247
2026-09-01 02:45:00+00:00,4435.64485,4435.65712,4428.50184,4435.00091
2026-09-01 02:50:00+00:00,4433.75755,4439.51476,4433.75755,4438.77698
2026-09-01 02:55:00+00:00,4437.75766,4442.02014,4437.75766,4441.82939
2026-09-01 03:00:00+00:00,4441.46398,4443.45701,4440.37147,4440.63802
2026-09-01 03:05:00+00:00,4441.11851,4442.87953,4439.90587,4440.19104
2026-09-01 03:10:00+00:00,4440.19544,4441.70937,4439.1175,4439.37581
2026-09-01 03:15:00+00:00,4439.84445,4440.10301,4437.29364,4437.54978
2026-09-01 03:20:00+00:00,4438.03942,4438.03942,4433.58604,4434.69638
2026-09-01 03:25:00+00:00,4434.52172,4436.75407,4430.12136,4436.4633
2026-09-01 03:30:00+00:00,4435.90976,4436.42334,4433.80332,4436.11905
2026-09-01 03:35:00+00:00,4435.29934,4436.95093,4434.78647,4436.05981
2026-09-01 03:40:00+00:00,4435.37484,4438.5603,4435.37484,4438.54549
2026-09-01 03:45:00+00:00,4438.40021,4440.89173,4437.48504,4440.72066
2026-09-01 03:50:00+00:00,4440.21594,4443.45701,4439.85142,4441.98281
2026-09-01 03:55:00+00:00,4442.64288,4442.64288,4437.34469,4437.64894
2026-09-01 04:00:00+00:00,4438.25173,4438.25173,4435.9481,4436.06584
2026-09-01 04:05:00+00:00,4436.35809,4437.1478,4432.48864,4432.8483
2026-09-01 04:10:00+00:00,4433.42396,4433.42396,4431.24917,4431.73568
2026-09-01 04:15:00+00:00,4431.64906,4432.62411,4430.46387,4430.88521
2026-09-01 04:20:00+00:00,4431.41569,4432.42764,4429.76541,4432.39698
2026-09-01 04:25:00+00:00,4432.22834,4432.97143,4430.53016,4430.67027
2026-09-01 04:30:00+00:00,4430.8739,4430.8739,4429.09026,4429.50339
2026-09-01 04:35:00+00:00,4429.20354,4430.30321,4429.05669,4429.41331
2026-09-01 04:40:00+00:00,4429.5767,4430.26759,4426.70773,4428.47877
2026-09-01 04:45:00+00:00,4428.23436,4429.82682,4425.65484,4429.36802
2026-09-01 04:50:00+00:00,4428.55636,4429.54164,4425.95379,4429.18912
2026-09-01 04:55:00+00:00,4428.26764,4430.4053,4426.54154,4427.15114
2026-09-01 05:00:00+00:00,4427.34392,4430.61805,4426.73749,4430.24374
2026-09-01 05:05:00+00:00,4429.7319,4433.10163,4429.7319,4431.16754
2026-09-01 05:10:00+00:00,4431.33347,4431.95959,4429.71048,4431.62057
2026-09-01 05:15:00+00:00,4431.11242,4431.11242,4426.51839,4427.08217
2026-09-01 05:20:00+00:00,4428.24233,4428.24233,4425.75791,4427.14202
2026-09-01 05:25:00+00:00,4427.56961,4427.71751,4426.60621,4427.00979
2026-09-01 05:30:00+00:00,4427.08249,4434.98315,4426.98541,4432.28155
2026-09-01 05:35:00+00:00,4432.83424,4440.36124,4432.83424,4439.31476
2026-09-01 05:40:00+00:00,4437.81724,4442.27267,4437.81724,4441.85453
2026-09-01 05:45:00+00:00,4441.7985,4445.43232,4441.68073,4445.05187
2026-09-01 05:50:00+00:00,4444.56826,4445.79655,4441.48346,4442.8247
2026-09-01 05:55:00+00:00,4442.33314,4446.058188,4441.7751,4441.7751
2026-09-01 06:00:00+00:00,4440.96546,4443.96005,4435.29228,4437.44488
2026-09-01 06:05:00+00:00,4440.22941,4441.94,4436.21916,4440.087317
2026-09-01 06:10:00+00:00,4437.15109,4438.943,4433.50155,4436.72721
2026-09-01 06:15:00+00:00,4433.99869,4438.27227,4433.36323,4434.99786
2026-09-01 06:20:00+00:00,4435.89316,4437.95692,4431.81862,4436.095679
2026-09-01 06:25:00+00:00,4433.6238,4436.25471,4430.20076,4430.69631
2026-09-01 06:30:00+00:00,4433.68868,4434.67419,4429.61794,4434.14766
2026-09-01 06:35:00+00:00,4431.68865,4437.27763,4431.12981,4437.27763
2026-09-01 06:40:00+00:00,4432.39169,4434.73088,4432.39169,4434.60556
2026-09-01 06:45:00+00:00,4434.36196,4435.41653,4428.69796,4430.08267
2026-09-01 06:50:00+00:00,4430.06067,4430.46387,4428.50184,4430.02115
2026-09-01 06:55:00+00:00,4429.59282,4430.67765,4429.59282,4430.44634
2026-09-01 07:00:00+00:00,4430.36288,4433.99991,4429.02212,4432.88314
2026-09-01 07:05:00+00:00,4432.90677,4435.38281,4430.67618,4430.96002
2026-09-01 07:10:00+00:00,4431.45484,4431.47726,4430.07132,4431.28734
2026-09-01 07:15:00+00:00,4430.78856,4433.41018,4429.60848,4429.8643
2026-09-01 07:20:00+00:00,4430.20598,4433.28074,4427.91357,4428.24687
2026-09-01 07:25:00+00:00,4428.8921,4429.05408,4427.52147,4428.85592
2026-09-01 07:30:00+00:00,4428.46128,4428.46128,4422.235,4426.36149
2026-09-01 07:35:00+00:00,4425.48693,4428.71575,4419.69416,4420.0271
2026-09-01 07:40:00+00:00,4420.62134,4423.12221,4415.0782,4422.5123
2026-09-01 07:45:00+00:00,4421.34294,4422.20201,4417.35136,4421.74348
2026-09-01 07:50:00+00:00,4420.6469,4422.72094,4419.69416,4419.77866
2026-09-01 07:55:00+00:00,4419.90119,4421.0851,4417.54649,4417.88784
2026-09-01 08:00:00+00:00,4418.37966,4419.10822,4412.05319,4413.09178
2026-09-01 08:05:00+00:00,4414.48967,4414.48967,4403.65153,4404.04341
2026-09-01 08:10:00+00:00,4404.85532,4405.86862,4387.31189,4404.68185
2026-09-01 08:15:00+00:00,4401.86442,4406.45104,4395.6044,4396.01721
2026-09-01 08:20:00+00:00,4396.78961,4398.68746,4386.41971,4388.51255
2026-09-01 08:25:00+00:00,4391.40973,4391.40973,4383.11899,4383.75308
2026-09-01 08:30:00+00:00,4384.72881,4384.84763,4374.0925,4377.08249
2026-09-01 08:35:00+00:00,4377.4321,4377.4321,4372.1581,4374.03842
2026-09-01 08:40:00+00:00,4373.73347,4381.7565,4373.11409,4373.44533
2026-09-01 08:45:00+00:00,4374.19922,4378.51605,4370.70222,4376.22377
2026-09-01 08:50:00+00:00,4375.48155,4377.96697,4374.45319,4376.06056
2026-09-01 08:55:00+00:00,4375.8703,4378.09203,4372.73706,4375.00906
2026-09-01 09:00:00+00:00,4374.26389,4374.26389,4367.3983,4371.78922
2026-09-01 09:05:00+00:00,4369.45139,4375.6513,4367.95667,4375.12265
2026-09-01 09:10:00+00:00,4374.30843,4375.60165,4369.99653,4375.42568
2026-09-01 09:15:00+00:00,4374.98446,4377.69354,4374.52572,4377.48766
2026-09-01 09:20:00+00:00,4377.15322,4377.15322,4375.33328,4376.30104
2026-09-01 09:25:00+00:00,4376.04256,4376.04256,4371.77582,4372.55236
2026-09-01 09:30:00+00:00,4372.25436,4372.96734,4367.00293,4370.16368
2026-09-01 09:35:00+00:00,4369.61512,4371.01145,4367.00293,4367.23385
2026-09-01 09:40:00+00:00,4367.63834,4370.94479,4366.15637,4370.13363
2026-09-01 09:45:00+00:00,4368.23751,4373.11409,4368.23751,4371.55646
2026-09-01 09:50:00+00:00,4372.12677,4372.12677,4369.29261,4371.45327
2026-09-01 09:55:00+00:00,4371.15382,4372.21045,4367.13118,4367.66407
2026-09-01 10:00:00+00:00,4368.36371,4370.8204,4364.00163,4368.90526
2026-09-01 10:05:00+00:00,4369.56738,4374.62723,4367.57512,4374.29581
2026-09-01 10:10:00+00:00,4373.7511,4380.4224,4371.67827,4379.89987
2026-09-01 10:15:00+00:00,4378.66844,4382.50504,4378.66844,4380.77935
2026-09-01 10:20:00+00:00,4381.05752,4385.58021,4380.89205,4384.1391
2026-09-01 10:25:00+00:00,4384.22544,4385.09612,4383.47653,4383.72263
2026-09-01 10:30:00+00:00,4383.93547,4386.26347,4382.50504,4382.57547
2026-09-01 10:35:00+00:00,4382.73454,4385.58021,4382.73454,4385.48719
2026-09-01 10:40:00+00:00,4385.26927,4385.58021,4382.50504,4382.85414
2026-09-01 10:45:00+00:00,4383.46385,4383.68233,4377.90036,4378.03308
2026-09-01 10:50:00+00:00,4378.23109,4378.35463,4375.41019,4375.55608
2026-09-01 10:55:00+00:00,4375.7602,4379.05503,4375.19267,4378.7852
2026-09-01 11:00:00+00:00,4378.40835,4380.25357,4376.47873,4379.47705
2026-09-01 11:05:00+00:00,4378.79614,4382.31298,4376.23045,4381.90938
2026-09-01 11:10:00+00:00,4381.17291,4382.7668,4379.40695,4380.02081
2026-09-01 11:15:00+00:00,4381.03851,4381.03851,4375.21876,4376.29832
2026-09-01 11:20:00+00:00,4375.3944,4379.65181,4375.3944,4377.46417
2026-09-01 11:25:00+00:00,4377.23984,4380.84392,4375.95241,4380.63991
2026-09-01 11:30:00+00:00,4380.12523,4381.73692,4379.62598,4381.01343
2026-09-01 11:35:00+00:00,4381.33414,4383.65772,4379.41262,4383.35117
2026-09-01 11:40:00+00:00,4382.56551,4384.42652,4382.56551,4384.3701
2026-09-01 11:45:00+00:00,4384.12997,4386.73451,4384.12997,4386.68089
2026-09-01 11:50:00+00:00,4386.46004,4386.73451,4380.78694,4381.32604
2026-09-01 11:55:00+00:00,4382.45928,4382.45928,4374.26184,4374.42394
2026-09-01 12:00:00+00:00,4374.64021,4374.64021,4370.43835,4372.42207
2026-09-01 12:05:00+00:00,4372.06488,4372.34926,4370.6976,4371.71196
2026-09-01 12:10:00+00:00,4371.78008,4372.41572,4367.00293,4371.9463
2026-09-01 12:15:00+00:00,4371.20061,4373.48886,4370.95745,4373.04365
2026-09-01 12:20:00+00:00,4372.47556,4376.80654,4367.87988,4368.62381
2026-09-01 12:25:00+00:00,4368.56998,4376.1761,4366.19621,4373.0353
2026-09-01 12:30:00+00:00,4373.50433,4373.50433,4361.66965,4362.33062
2026-09-01 12:35:00+00:00,4363.55185,4363.55185,4352.93606,4353.63344
2026-09-01 12:40:00+00:00,4353.37311,4362.01686,4353.37311,4360.7039
2026-09-01 12:45:00+00:00,4358.67135,4367.76589,4358.67135,4365.26884
2026-09-01 12:50:00+00:00,4366.16,4366.16,4363.13932,4363.35876
2026-09-01 12:55:00+00:00,4363.76243,4364.65943,4357.95967,4358.72995
2026-09-01 13:00:00+00:00,4360.47159,4360.47159,4338.20659,4339.00855
2026-09-01 13:05:00+00:00,4340.35499,4342.53952,4334.17098,4341.95755
2026-09-01 13:10:00+00:00,4341.35196,4341.35196,4326.75666,4334.9385
2026-09-01 13:15:00+00:00,4333.45291,4333.45291,4328.44219,4328.6591
2026-09-01 13:20:00+00:00,4329.17516,4335.5142,4329.17516,4335.31735
2026-09-01 13:25:00+00:00,4334.77093,4343.05281,4334.77093,4342.0936
2026-09-01 13:30:00+00:00,4339.69408,4353.31505,4339.69408,4352.94977
2026-09-01 13:35:00+00:00,4352.40726,4356.53917,4346.77388,4356.05844
2026-09-01 13:40:00+00:00,4355.1444,4359.82067,4352.53401,4358.29072
2026-09-01 13:45:00+00:00,4354.49134,4362.05016,4354.49134,4359.86727
2026-09-01 13:50:00+00:00,4359.36117,4363.6877,4359.05502,4360.2037
2026-09-01 13:55:00+00:00,4362.00203,4363.0805,4357.48834,4362.53058
2026-09-01 14:00:00+00:00,4361.59198,4363.6076,4355.92684,4356.76401
2026-09-01 14:05:00+00:00,4358.1212,4366.91978,4354.26476,4365.66889
2026-09-01 14:10:00+00:00,4362.95709,4368.71997,4362.95709,4364.05897
2026-09-01 14:15:00+00:00,4364.75346,4373.49661,4364.75346,4373.27648
2026-09-01 14:20:00+00:00,4372.90235,4374.49267,4371.5847,4374.28816
2026-09-01 14:25:00+00:00,4373.90855,4374.83594,4367.76589,4370.12622
2026-09-01 14:30:00+00:00,4370.10113,4370.35544,4367.38437,4369.88586
2026-09-01 14:35:00+00:00,4368.70787,4372.54045,4367.16612,4367.91772
2026-09-01 14:40:00+00:00,4369.10679,4369.10679,4365.85898,4366.47024
2026-09-01 14:45:00+00:00,4366.33738,4373.46495,4362.95593,4364.81124
2026-09-01 14:50:00+00:00,4368.41652,4368.41652,4360.90881,4362.21255
2026-09-01 14:55:00+00:00,4363.97137,4363.97137,4357.67823,4358.43647
2026-09-01 15:00:00+00:00,4358.1105,4362.43075,4356.34938,4356.86214
2026-09-01 15:05:00+00:00,4357.64312,4359.25755,4356.15961,4357.58315
2026-09-01 15:10:00+00:00,4358.0898,4361.47941,4358.0898,4358.66124
2026-09-01 15:15:00+00:00,4359.26772,4362.69409,4356.77483,4362.19618
2026-09-01 15:20:00+00:00,4361.51229,4365.19021,4361.51229,4363.83787
2026-09-01 15:25:00+00:00,4364.03998,4365.34446,4359.57799,4362.66291
2026-09-01 15:30:00+00:00,4360.82125,4365.66838,4360.82125,4364.20414
2026-09-01 15:35:00+00:00,4364.20501,4365.6632,4363.00175,4365.47195
2026-09-01 15:40:00+00:00,4365.12622,4368.28732,4363.97947,4367.7748
2026-09-01 15:45:00+00:00,4366.76314,4372.34926,4366.76314,4369.0975
2026-09-01 15:50:00+00:00,4369.37443,4371.96695,4368.71629,4371.08325
2026-09-01 15:55:00+00:00,4371.17151,4373.93353,4371.01145,4372.41052
2026-09-01 16:00:00+00:00,4371.64299,4373.68789,4371.64299,4372.15943
2026-09-01 16:05:00+00:00,4372.36519,4373.43381,4369.41677,4369.55665
2026-09-01 16:10:00+00:00,4369.78162,4369.78162,4364.30011,4365.94872
2026-09-01 16:15:00+00:00,4366.15946,4366.15946,4358.81789,4359.28221
2026-09-01 16:20:00+00:00,4360.13363,4360.13363,4356.34938,4357.38801
2026-09-01 16:25:00+00:00,4357.15914,4359.53771,4353.50457,4353.67947
2026-09-01 16:30:00+00:00,4353.99325,4355.27286,4348.39327,4350.01685
2026-09-01 16:35:00+00:00,4349.82295,4354.26282,4348.71754,4353.94782
2026-09-01 16:40:00+00:00,4353.24306,4356.53917,4352.74658,4353.15324
2026-09-01 16:45:00+00:00,4353.61079,4357.48834,4353.61079,4356.30017
2026-09-01 16:50:00+00:00,4356.41938,4357.84991,4354.45243,4355.06148
2026-09-01 16:55:00+00:00,4355.11245,4355.78012,4353.19325,4355.0011
2026-09-01 17:00:00+00:00,4355.2104,4355.2104,4347.47551,4347.93318
2026-09-01 17:05:00+00:00,4348.8649,4348.8649,4345.55884,4345.58681
2026-09-01 17:10:00+00:00,4345.78579,4346.69217,4344.80361,4346.60752
2026-09-01 17:15:00+00:00,4346.39944,4347.82609,4344.80361,4345.13718
2026-09-01 17:20:00+00:00,4345.21468,4348.45806,4344.80361,4346.38774
2026-09-01 17:25:00+00:00,4346.01112,4348.60712,4344.04865,4346.83374
2026-09-01 17:30:00+00:00,4345.60085,4351.42074,4345.60085,4348.85609
2026-09-01 17:35:00+00:00,4349.41254,4350.0957,4347.63706,4347.99312
2026-09-01 17:40:00+00:00,4348.31339,4348.31339,4343.10532,4343.77585
2026-09-01 17:45:00+00:00,4343.93536,4343.93536,4341.97386,4343.07118
2026-09-01 17:50:00+00:00,4342.5773,4344.61485,4342.5773,4342.81632
2026-09-01 17:55:00+00:00,4342.97346,4343.85995,4342.1624,4342.25038
2026-09-01 18:00:00+00:00,4342.61539,4345.78976,4340.31624,4344.84893
2026-09-01 18:05:00+00:00,4342.88567,4342.88567,4337.68675,4338.14197
2026-09-01 18:10:00+00:00,4339.12774,4339.12774,4335.57338,4336.29504
2026-09-01 18:15:00+00:00,4336.07188,4340.27778,4335.85741,4340.15851
2026-09-01 18:20:00+00:00,4339.84634,4341.59684,4339.09028,4341.09571
2026-09-01 18:25:00+00:00,4340.61031,4341.40835,4337.26579,4337.53567
2026-09-01 18:30:00+00:00,4337.99123,4337.99123,4333.88229,4334.35722
2026-09-01 18:35:00+00:00,4334.29059,4334.34649,4329.80806,4330.25619
2026-09-01 18:40:00+00:00,4331.11282,4331.21192,4329.00433,4329.08491
2026-09-01 18:45:00+00:00,4329.03334,4330.31655,4328.62398,4328.87778
2026-09-01 18:50:00+00:00,4329.29384,4334.33223,4329.29384,4334.07241
2026-09-01 18:55:00+00:00,4333.63792,4333.63792,4328.62956,4332.87528
2026-09-01 19:00:00+00:00,4332.73933,4333.3628,4329.94155,4330.01988
2026-09-01 19:05:00+00:00,4330.18791,4333.31889,4330.18791,4330.74012
2026-09-01 19:10:00+00:00,4330.54407,4336.7015,4330.54407,4336.55056
2026-09-01 19:15:00+00:00,4336.26586,4337.26579,4335.33329,4335.61473
2026-09-01 19:20:00+00:00,4336.1698,4336.1698,4334.07013,4334.75585
2026-09-01 19:25:00+00:00,4334.5882,4335.3735,4334.07013,4335.31157
2026-09-01 19:30:00+00:00,4335.21676,4335.66238,4328.81693,4330.1701
2026-09-01 19:35:00+00:00,4330.00413,4330.82065,4328.25485,4328.5355
2026-09-01 19:40:00+00:00,4329.02115,4329.15204,4324.18657,4325.25683
2026-09-01 19:45:00+00:00,4325.74719,4329.19174,4323.3419,4328.80078
2026-09-01 19:50:00+00:00,4328.02233,4330.69161,4325.96025,4326.52919
2026-09-01 19:55:00+00:00,4326.96456,4328.62956,4325.34966,4325.7387
2026-09-01 20:00:00+00:00,4326.24583,4328.86325,4324.43398,4328.23394
2026-09-01 20:05:00+00:00,4327.05014,4330.5857,4327.05014,4330.35389
2026-09-01 20:10:00+00:00,4329.87075,4330.69161,4326.89583,4327.14729
2026-09-01 20:15:00+00:00,4327.62722,4327.90987,4324.88569,4327.79034
2026-09-01 20:20:00+00:00,4327.45825,4328.52925,4327.13111,4327.66895
2026-09-01 20:25:00+00:00,4327.77746,4329.08476,4326.40835,4326.96598
2026-09-01 20:30:00+00:00,4328.18129,4328.18129,4325.4466,4326.76569
2026-09-01 20:35:00+00:00,4326.63933,4327.65507,4324.34357,4324.92912
2026-09-01 20:40:00+00:00,4325.92912,4329.19174,4325.92912,4328.05274
2026-09-01 20:45:00+00:00,4328.29653,4329.00433,4327.31836,4328.47285
2026-09-01 20:50:00+00:00,4328.58201,4329.47442,4327.69291,4328.56738
2026-09-01 20:55:00+00:00,4328.38241,4329.00433,4328.38241,4328.57714
2026-09-01 21:00:00+00:00,4328.63198,4329.57592,4328.17703,4329.55736
2026-09-01 21:05:00+00:00,4329.47001,4329.80563,4329.39065,4329.54657
2026-09-01 21:10:00+00:00,4329.56419,4329.81195,4329.52469,4329.60296
2026-09-01 21:15:00+00:00,4329.56611,4329.72963,4329.44908,4329.62176
2026-09-01 21:20:00+00:00,4329.53436,4329.75377,4329.45302,4329.57998
2026-09-01 21:25:00+00:00,4329.51027,4329.91082,4329.42068,4329.83704
2026-09-01 21:30:00+00:00,4329.72063,4329.82106,4329.37917,4329.41262
2026-09-01 21:35:00+00:00,4329.46686,4329.73078,4329.4403,4329.6241
2026-09-01 21:40:00+00:00,4329.53485,4329.69659,4329.37917,4329.5299
2026-09-01 21:45:00+00:00,4329.4427,4329.67889,4329.37917,4329.59379
2026-09-01 21:50:00+00:00,4329.46898,4329.67017,4329.4342,4329.54854
2026-09-01 21:55:00+00:00,4329.5009,4329.8336,4329.46168,4329.74577
2026-09-01 22:00:00+00:00,4329.43633,4334.07013,4327.43011,4333.02253
2026-09-01 22:05:00+00:00,4332.83811,4334.69717,4328.62956,4330.26766
2026-09-01 22:10:00+00:00,4330.01047,4330.61306,4329.28818,4329.46367
2026-09-01 22:15:00+00:00,4329.42076,4329.50493,4327.69291,4327.87558
2026-09-01 22:20:00+00:00,4328.18283,4328.44219,4327.69291,4328.09871
2026-09-01 22:25:00+00:00,4328.17031,4328.31921,4327.69291,4327.75523
2026-09-01 22:30:00+00:00,4327.84296,4329.13083,4327.13111,4327.2309
2026-09-01 22:35:00+00:00,4327.26341,4329.78616,4327.04983,4327.81029
2026-09-01 22:40:00+00:00,4327.99503,4328.35426,4326.38228,4328.09027
2026-09-01 22:45:00+00:00,4327.73351,4328.44219,4327.69291,4328.17957
2026-09-01 22:50:00+00:00,4327.91176,4331.30255,4327.1669,4329.8797
2026-09-01 22:55:00+00:00,4330.21954,4330.21954,4329.19174,4329.55782
2026-09-01 23:00:00+00:00,4329.72145,4329.72145,4327.31836,4329.20837
2026-09-01 23:05:00+00:00,4328.51806,4330.69161,4328.51806,4330.49923
2026-09-01 23:10:00+00:00,4330.18481,4332.19252,4330.18481,4332.06159
2026-09-01 23:15:00+00:00,4331.77679,4332.3106,4329.93367,4331.35678
2026-09-01 23:20:00+00:00,4331.26538,4331.26538,4326.38228,4327.34382
2026-09-01 23:25:00+00:00,4327.40566,4330.12904,4325.41865,4329.51189
2026-09-01 23:30:00+00:00,4329.40614,4332.19252,4329.37917,4331.12985
2026-09-01 23:35:00+00:00,4331.44444,4335.00954,4331.44444,4334.85458
2026-09-01 23:40:00+00:00,4334.51013,4335.19747,4333.90559,4334.14517
2026-09-01 23:45:00+00:00,4334.47008,4334.64682,4331.62956,4332.37155
2026-09-01 23:50:00+00:00,4332.29374,4333.24346,4330.15076,4331.7206
2026-09-01 23:55:00+00:00,4331.45557,4331.45557,4326.50596,4327.80387
2026-09-02 00:00:00+00:00,4328.13669,4329.30293,4321.70794,4327.32865
2026-09-02 00:05:00+00:00,4325.50039,4330.69161,4319.28127,4324.88622
2026-09-02 00:10:00+00:00,4323.06465,4326.75666,4319.84103,4325.48011
2026-09-02 00:15:00+00:00,4323.13554,4333.88229,4323.13554,4333.70927
2026-09-02 00:20:00+00:00,4333.99205,4333.99205,4322.84423,4332.39425
2026-09-02 00:25:00+00:00,4331.00656,4331.26837,4323.38954,4324.53901
2026-09-02 00:30:00+00:00,4324.69031,4325.07244,4320.77428,4321.14129
2026-09-02 00:35:00+00:00,4321.5837,4327.50563,4321.15574,4327.20042
2026-09-02 00:40:00+00:00,4327.14875,4329.55907,4323.95036,4328.56731
2026-09-02 00:45:00+00:00,4326.9476,4330.87917,4324.04848,4324.58568
2026-09-02 00:50:00+00:00,4325.30135,4325.82146,4319.55286,4319.89468
2026-09-02 00:55:00+00:00,4320.35447,4322.64061,4314.80842,4319.92995
2026-09-02 01:00:00+00:00,4319.58299,4319.58299,4312.02893,4315.93024
2026-09-02 01:05:00+00:00,4315.41383,4323.89198,4305.33431,4309.87078
2026-09-02 01:10:00+00:00,4309.99445,4319.46784,4307.9986,4319.10071
2026-09-02 01:15:00+00:00,4318.46104,4329.30503,4316.27451,4321.45101
2026-09-02 01:20:00+00:00,4323.92675,4323.92675,4317.60287,4319.70526
2026-09-02 01:25:00+00:00,4320.09856,4325.07706,4314.99461,4315.43775
2026-09-02 01:30:00+00:00,4316.44628,4319.29234,4308.64339,4310.13259
2026-09-02 01:35:00+00:00,4313.08004,4313.08004,4305.70506,4305.95084
2026-09-02 01:40:00+00:00,4306.55115,4310.15904,4306.55115,4310.05793
2026-09-02 01:45:00+00:00,4309.77374,4310.44381,4304.10017,4306.97609
2026-09-02 01:50:00+00:00,4305.56435,4308.11649,4292.21392,4297.10113
2026-09-02 01:55:00+00:00,4295.76369,4299.22614,4290.33315,4290.8652
2026-09-02 02:00:00+00:00,4291.66759,4296.08627,4289.45224,4295.79644
2026-09-02 02:05:00+00:00,4295.24328,4302.00043,4294.9201,4296.80673
2026-09-02 02:10:00+00:00,4300.83924,4300.83924,4290.55649,4295.25611
2026-09-02 02:15:00+00:00,4293.8529,4300.70532,4293.8529,4300.44153
2026-09-02 02:20:00+00:00,4300.08459,4305.70506,4298.39079,4302.58367
2026-09-02 02:25:00+00:00,4303.02148,4304.593,4302.00043,4304.54788
2026-09-02 02:30:00+00:00,4304.42401,4307.31973,4299.90046,4306.76608
2026-09-02 02:35:00+00:00,4306.04245,4315.18081,4306.04245,4314.64366
2026-09-02 02:40:00+00:00,4313.64859,4313.64859,4311.04345,4311.21763
2026-09-02 02:45:00+00:00,4311.36709,4312.82535,4308.3021,4309.82813
2026-09-02 02:50:00+00:00,4309.91182,4310.53063,4306.81769,4308.09248
2026-09-02 02:55:00+00:00,4307.82954,4309.0305,4300.52036,4300.75214
2026-09-02 03:00:00+00:00,4301.32152,4303.66672,4299.78071,4299.99106
2026-09-02 03:05:00+00:00,4300.14843,4301.26027,4297.92837,4300.25671
2026-09-02 03:10:00+00:00,4299.66416,4300.90939,4298.8565,4299.56703
2026-09-02 03:15:00+00:00,4299.9681,4301.26027,4297.74798,4299.20219
2026-09-02 03:20:00+00:00,4298.95132,4298.95132,4291.53795,4292.22716
2026-09-02 03:25:00+00:00,4293.13483,4299.04131,4290.55649,4294.84181
2026-09-02 03:30:00+00:00,4295.79382,4295.79382,4287.4881,4288.43773
2026-09-02 03:35:00+00:00,4289.85332,4290.74173,4283.20555,4289.72651
2026-09-02 03:40:00+00:00,4288.22494,4291.84549,4286.03153,4286.26687
2026-09-02 03:45:00+00:00,4286.4156,4298.31498,4284.94998,4297.82076
2026-09-02 03:50:00+00:00,4297.06588,4299.76027,4297.06588,4299.45347
2026-09-02 03:55:00+00:00,4298.94868,4303.00013,4298.94868,4301.97371
2026-09-02 04:00:00+00:00,4302.40291,4304.593,4302.40291,4304.39374
2026-09-02 04:05:00+00:00,4303.97811,4305.9533,4303.48152,4305.47518
2026-09-02 04:10:00+00:00,4304.86689,4306.44675,4303.85195,4304.11407
2026-09-02 04:15:00+00:00,4304.57515,4304.97007,4303.45792,4303.71549
2026-09-02 04:20:00+00:00,4303.79202,4304.1697,4302.37061,4303.21001
2026-09-02 04:25:00+00:00,4303.47542,4304.42946,4302.18551,4302.30656
2026-09-02 04:30:00+00:00,4302.41821,4307.1887,4301.90109,4306.96854
2026-09-02 04:35:00+00:00,4306.60506,4307.48398,4304.2413,4307.03547
2026-09-02 04:40:00+00:00,4306.27365,4306.27365,4303.8478,4304.11896
2026-09-02 04:45:00+00:00,4304.69942,4306.19881,4304.57414,4304.66845
2026-09-02 04:50:00+00:00,4305.11624,4306.65127,4305.11624,4306.34065
2026-09-02 04:55:00+00:00,4305.88743,4307.25222,4305.88743,4307.07701
2026-09-02 05:00:00+00:00,4306.7438,4307.9309,4306.2613,4306.34364
2026-09-02 05:05:00+00:00,4306.38965,4306.81769,4304.593,4305.11001
2026-09-02 05:10:00+00:00,4305.01458,4309.92099,4304.7014,4309.54235
2026-09-02 05:15:00+00:00,4308.65522,4314.81588,4308.61795,4314.31315
2026-09-02 05:20:00+00:00,4313.55074,4313.55074,4307.1887,4307.47189
2026-09-02 05:25:00+00:00,4307.473,4313.67825,4306.94135,4313.02832
2026-09-02 05:30:00+00:00,4311.95255,4324.32432,4311.95255,4323.19599
2026-09-02 05:35:00+00:00,4322.21325,4325.12656,4318.16219,4318.49688
2026-09-02 05:40:00+00:00,4318.97715,4322.642,4315.95436,4320.53819
2026-09-02 05:45:00+00:00,4320.83953,4324.74532,4320.83953,4324.48156
2026-09-02 05:50:00+00:00,4324.13629,4324.88539,4320.33065,4320.78523
2026-09-02 05:55:00+00:00,4321.37131,4322.26833,4319.46784,4320.99603
2026-09-02 06:00:00+00:00,4321.51782,4323.43409,4318.65965,4319.50474
2026-09-02 06:05:00+00:00,4321.01042,4322.09926,4316.91617,4317.84257
2026-09-02 06:10:00+00:00,4318.9778,4328.44219,4318.9778,4327.87264
2026-09-02 06:15:00+00:00,4326.81449,4328.81693,4322.82886,4325.40726
2026-09-02 06:20:00+00:00,4323.87545,4326.94388,4321.7044,4324.41156
2026-09-02 06:25:00+00:00,4323.17668,4327.27309,4323.17668,4324.50568
2026-09-02 06:30:00+00:00,4324.77504,4324.84358,4319.4471,4319.71231
2026-09-02 06:35:00+00:00,4320.13347,4322.17114,4318.16219,4321.09695
2026-09-02 06:40:00+00:00,4319.74893,4325.82082,4319.74893,4325.12011
2026-09-02 06:45:00+00:00,4325.18433,4325.23324,4318.75879,4319.24038
2026-09-02 06:50:00+00:00,4319.87582,4320.581,4314.78531,4316.03826
2026-09-02 06:55:00+00:00,4316.25747,4321.89472,4315.7395,4319.80086
2026-09-02 07:00:00+00:00,4320.01524,4323.38954,4320.01524,4320.88067
2026-09-02 07:05:00+00:00,4321.33321,4326.75666,4316.98996,4326.34972
2026-09-02 07:10:00+00:00,4325.99039,4330.69161,4325.99039,4328.65327
2026-09-02 07:15:00+00:00,4329.33067,4329.33067,4325.63371,4327.94327
2026-09-02 07:20:00+00:00,4327.61475,4329.28048,4325.82082,4328.03336
2026-09-02 07:25:00+00:00,4327.50935,4328.44219,4326.00796,4326.48859
2026-09-02 07:30:00+00:00,4326.65385,4329.94155,4325.17925,4328.38901
2026-09-02 07:35:00+00:00,4328.59215,4330.50407,4326.68434,4330.31425
2026-09-02 07:40:00+00:00,4329.66906,4329.66906,4323.20888,4323.87745
2026-09-02 07:45:00+00:00,4324.87135,4324.87135,4322.08151,4324.4871
2026-09-02 07:50:00+00:00,4324.60828,4324.60828,4320.96098,4322.7372
2026-09-02 07:55:00+00:00,4322.15537,4323.80832,4321.52118,4323.46048
2026-09-02 08:00:00+00:00,4322.87349,4326.76544,4321.685,4322.60367
2026-09-02 08:05:00+00:00,4323.85063,4329.17397,4323.85063,4328.77595
2026-09-02 08:10:00+00:00,4327.71722,4331.44194,4325.9297,4326.20568
2026-09-02 08:15:00+00:00,4326.67257,4327.50563,4325.19586,4326.8534
2026-09-02 08:20:00+00:00,4326.61555,4326.94388,4324.88539,4326.75673
2026-09-02 08:25:00+00:00,4326.38208,4326.38208,4323.4796,4324.10809
2026-09-02 08:30:00+00:00,4323.97335,4326.88876,4321.70794,4321.8632
2026-09-02 08:35:00+00:00,4322.13542,4325.79742,4320.77428,4325.2975
2026-09-02 08:40:00+00:00,4323.98699,4326.38228,4322.19672,4322.56093
2026-09-02 08:45:00+00:00,4323.28268,4323.28268,4320.40093,4321.9866
2026-09-02 08:50:00+00:00,4321.34679,4322.45515,4315.2114,4316.10095
2026-09-02 08:55:00+00:00,4317.31763,4317.31763,4313.3785,4313.99355
2026-09-02 09:00:00+00:00,4314.55643,4316.29834,4312.79269,4316.1379
2026-09-02 09:05:00+00:00,4315.76654,4322.45383,4314.13638,4318.6453
2026-09-02 09:10:00+00:00,4319.24089,4320.8497,4315.00832,4315.56132
2026-09-02 09:15:00+00:00,4316.28025,4316.28025,4313.22546,4314.82276
2026-09-02 09:20:00+00:00,4314.81309,4315.2322,4309.33995,4309.62554
2026-09-02 09:25:00+00:00,4310.18943,4310.18943,4305.33431,4308.33581
2026-09-02 09:30:00+00:00,4307.08978,4310.34483,4307.08978,4309.13122
2026-09-02 09:35:00+00:00,4309.30611,4310.53063,4308.3021,4309.05892
2026-09-02 09:40:00+00:00,4308.75348,4311.83167,4308.34346,4310.29889
2026-09-02 09:45:00+00:00,4311.0688,4311.27398,4309.23037,4311.2167
2026-09-02 09:50:00+00:00,4311.03791,4311.03791,4307.97367,4308.10922
2026-09-02 09:55:00+00:00,4308.49666,4309.80822,4308.3021,4308.40738
2026-09-02 10:00:00+00:00,4308.55387,4309.95867,4305.66817,4305.96249
2026-09-02 10:05:00+00:00,4306.33577,4306.9607,4302.00043,4303.06333
2026-09-02 10:10:00+00:00,4302.94175,4307.23398,4302.55572,4306.43862
2026-09-02 10:15:00+00:00,4304.86227,4309.41607,4304.86227,4309.22246
2026-09-02 10:20:00+00:00,4308.83395,4311.45986,4307.68745,4310.41112
2026-09-02 10:25:00+00:00,4310.56862,4311.84452,4310.14818,4311.41643
2026-09-02 10:30:00+00:00,4311.02829,4311.02829,4307.55977,4308.87191
2026-09-02 10:35:00+00:00,4308.45409,4309.41607,4307.51153,4309.06096
2026-09-02 10:40:00+00:00,4308.88036,4309.23037,4307.43799,4309.19878
2026-09-02 10:45:00+00:00,4309.00081,4309.97879,4309.00081,4309.73163
2026-09-02 10:50:00+00:00,4309.09178,4310.15904,4305.70506,4305.93177
2026-09-02 10:55:00+00:00,4306.1695,4308.85901,4306.1695,4307.09527
2026-09-02 11:00:00+00:00,4307.03467,4311.93727,4307.03467,4310.10299
2026-09-02 11:05:00+00:00,4310.67116,4312.76146,4308.3021,4309.90234
2026-09-02 11:10:00+00:00,4309.73923,4319.33928,4308.78154,4318.30426
2026-09-02 11:15:00+00:00,4315.80658,4322.82886,4315.80658,4316.86953
2026-09-02 11:20:00+00:00,4317.26957,4320.49856,4317.04369,4318.97324
2026-09-02 11:25:00+00:00,4318.11586,4323.01574,4317.97573,4322.74717
2026-09-02 11:30:00+00:00,4322.21221,4328.7376,4321.89472,4327.94968
2026-09-02 11:35:00+00:00,4326.87362,4332.38021,4326.87362,4332.34001
2026-09-02 11:40:00+00:00,4332.15577,4335.20673,4325.27541,4325.53167
2026-09-02 11:45:00+00:00,4325.85487,4327.13111,4323.93696,4327.00646
2026-09-02 11:50:00+00:00,4326.65328,4329.57916,4323.7634,4328.70964
2026-09-02 11:55:00+00:00,4327.21606,4332.75563,4327.21606,4331.05144
2026-09-02 12:00:00+00:00,4330.35866,4333.76497,4328.83053,4329.63271
2026-09-02 12:05:00+00:00,4330.75201,4336.13737,4330.75201,4331.1374
2026-09-02 12:10:00+00:00,4331.80137,4335.15755,4329.37917,4332.5748
2026-09-02 12:15:00+00:00,4331.80904,4333.69447,4331.44194,4333.29892
2026-09-02 12:20:00+00:00,4332.85609,4347.53126,4331.06674,4336.46128
2026-09-02 12:25:00+00:00,4336.33571,4341.21988,4334.44584,4334.92149
2026-09-02 12:30:00+00:00,4335.55321,4337.67733,4332.20505,4333.0253
2026-09-02 12:35:00+00:00,4334.88616,4334.88616,4328.06752,4330.63539
2026-09-02 12:40:00+00:00,4329.90612,4334.63372,4329.90612,4333.44917
2026-09-02 12:45:00+00:00,4333.63418,4338.39479,4332.91483,4337.8997
2026-09-02 12:50:00+00:00,4336.91585,4338.3194,4333.13112,4333.2311
2026-09-02 12:55:00+00:00,4333.64284,4335.00954,4331.8172,4332.1565
2026-09-02 13:00:00+00:00,4332.19434,4341.40642,4330.6411,4341.03479
2026-09-02 13:05:00+00:00,4340.06029,4342.82882,4337.64206,4342.60504
2026-09-02 13:10:00+00:00,4341.94422,4343.96898,4338.39479,4338.77495
2026-09-02 13:15:00+00:00,4339.49277,4343.67127,4338.19839,4343.43334
2026-09-02 13:20:00+00:00,4343.0498,4347.5147,4343.0498,4347.08384
2026-09-02 13:25:00+00:00,4345.93345,4358.81789,4345.93345,4356.81698
2026-09-02 13:30:00+00:00,4356.48469,4366.43088,4353.8652,4366.03494
2026-09-02 13:35:00+00:00,4365.2684,4366.98234,4363.38249,4363.63209
2026-09-02 13:40:00+00:00,4363.8001,4375.60165,4363.8001,4374.96109
2026-09-02 13:45:00+00:00,4374.09434,4377.70871,4371.41228,4376.04729
2026-09-02 13:50:00+00:00,4373.71826,4378.85887,4368.86142,4378.21109
2026-09-02 13:55:00+00:00,4377.06602,4382.20762,4372.28982,4380.91382
2026-09-02 14:00:00+00:00,4378.41945,4384.04209,4378.41945,4383.27768
2026-09-02 14:05:00+00:00,4382.4105,4394.25232,4382.4105,4393.70545
2026-09-02 14:10:00+00:00,4392.4095,4395.14071,4386.15729,4387.00764
2026-09-02 14:15:00+00:00,4388.40478,4389.49973,4384.57763,4385.457
2026-09-02 14:20:00+00:00,4386.69365,4396.18411,4386.24044,4388.69271
2026-09-02 14:25:00+00:00,4389.86329,4389.86329,4386.44425,4388.79911
2026-09-02 14:30:00+00:00,4388.36091,4390.95543,4383.8499,4386.34381
2026-09-02 14:35:00+00:00,4385.85788,4386.73451,4383.65772,4383.73593
2026-09-02 14:40:00+00:00,4383.7669,4384.62027,4382.00188,4384.53296
2026-09-02 14:45:00+00:00,4384.26921,4387.389,4380.00964,4380.1909
2026-09-02 14:50:00+00:00,4380.50323,4381.86744,4377.32545,4377.48328
2026-09-02 14:55:00+00:00,4377.74326,4377.74326,4376.30537,4376.39311
2026-09-02 15:00:00+00:00,4376.52212,4379.17777,4374.99902,4378.46422
2026-09-02 15:05:00+00:00,4376.67168,4381.65552,4373.49661,4374.02932
2026-09-02 15:10:00+00:00,4374.93323,4377.70871,4373.93114,4374.3379
2026-09-02 15:15:00+00:00,4374.93712,4375.03748,4369.86541,4370.00629
2026-09-02 15:20:00+00:00,4370.23316,4370.44671,4364.631,4370.03721
2026-09-02 15:25:00+00:00,4369.49572,4371.4942,4368.36544,4371.00907
2026-09-02 15:30:00+00:00,4370.40058,4373.68789,4370.40058,4373.60729
2026-09-02 15:35:00+00:00,4373.36509,4373.49909,4368.14747,4368.36061
2026-09-02 15:40:00+00:00,4368.84046,4371.01145,4367.19364,4367.36323
2026-09-02 15:45:00+00:00,4367.6356,4369.52194,4365.09669,4369.36515
2026-09-02 15:50:00+00:00,4369.07602,4369.29786,4367.82842,4369.25435
2026-09-02 15:55:00+00:00,4369.14358,4373.19968,4368.33828,4372.99855
2026-09-02 16:00:00+00:00,4372.58602,4374.59216,4372.58602,4374.45115
2026-09-02 16:05:00+00:00,4374.19193,4374.19193,4368.71997,4370.60253
2026-09-02 16:10:00+00:00,4370.66757,4372.31742,4370.62384,4372.04106
2026-09-02 16:15:00+00:00,4371.61191,4372.73165,4368.33828,4370.49889
2026-09-02 16:20:00+00:00,4369.96045,4370.8204,4369.54075,4369.69133
2026-09-02 16:25:00+00:00,4369.90159,4370.33717,4368.53069,4370.06664
2026-09-02 16:30:00+00:00,4369.64197,4370.05637,4368.14747,4368.53273
2026-09-02 16:35:00+00:00,4369.07825,4369.07825,4367.57512,4367.65195
2026-09-02 16:40:00+00:00,4367.81955,4368.40245,4365.15815,4365.2977
2026-09-02 16:45:00+00:00,4365.50375,4365.91217,4364.88407,4365.70343
2026-09-02 16:50:00+00:00,4365.42599,4370.2178,4364.10227,4369.61397
2026-09-02 16:55:00+00:00,4368.07978,4370.8204,4368.07978,4369.20982
2026-09-02 17:00:00+00:00,4369.63056,4369.63056,4368.14747,4368.2923
2026-09-02 17:05:00+00:00,4368.56477,4371.01145,4368.56477,4370.88092
2026-09-02 17:10:00+00:00,4370.61368,4370.61368,4367.95667,4369.86269
2026-09-02 17:15:00+00:00,4369.45512,4369.45512,4365.09461,4365.22513
2026-09-02 17:20:00+00:00,4365.42298,4366.99689,4364.37225,4366.75106
2026-09-02 17:25:00+00:00,4366.06692,4369.10171,4366.06692,4368.53338
2026-09-02 17:30:00+00:00,4368.58408,4372.157,4366.61913,4368.4988
2026-09-02 17:35:00+00:00,4368.77454,4369.66254,4367.2682,4367.58709
2026-09-02 17:40:00+00:00,4368.18244,4375.17597,4366.62154,4374.40879
2026-09-02 17:45:00+00:00,4372.87912,4380.00964,4372.87912,4376.54154
2026-09-02 17:50:00+00:00,4376.83786,4377.51707,4375.9846,4376.44009
2026-09-02 17:55:00+00:00,4376.67928,4377.90036,4375.88723,4377.83373
2026-09-02 18:00:00+00:00,4377.68277,4377.68277,4371.96695,4375.68895
2026-09-02 18:05:00+00:00,4375.08719,4375.75083,4373.87919,4373.99118
2026-09-02 18:10:00+00:00,4374.16626,4374.16626,4371.59934,4372.52217
2026-09-02 18:15:00+00:00,4372.45617,4376.98807,4369.09919,4375.26343
2026-09-02 18:20:00+00:00,4372.03381,4379.43418,4372.03381,4374.46563
2026-09-02 18:25:00+00:00,4373.99298,4373.99298,4372.50971,4372.53964
2026-09-02 18:30:00+00:00,4372.57179,4377.51707,4372.54045,4377.36015
2026-09-02 18:35:00+00:00,4376.89315,4377.60292,4375.79311,4376.44858
2026-09-02 18:40:00+00:00,4376.34709,4376.57544,4373.68789,4373.84983
2026-09-02 18:45:00+00:00,4374.09917,4374.34036,4372.55544,4374.07746
2026-09-02 18:50:00+00:00,4373.52681,4375.79311,4373.52681,4375.56226
2026-09-02 18:55:00+00:00,4375.45071,4375.45071,4372.54045,4372.83637
2026-09-02 19:00:00+00:00,4373.32289,4375.05367,4372.34792,4374.83742
2026-09-02 19:05:00+00:00,4374.29122,4376.36761,4374.29122,4376.22601
2026-09-02 19:10:00+00:00,4376.1184,4379.8178,4375.50417,4379.69153
2026-09-02 19:15:00+00:00,4379.42218,4380.20149,4378.78483,4379.22951
2026-09-02 19:20:00+00:00,4379.08431,4380.39336,4378.99458,4380.33679
2026-09-02 19:25:00+00:00,4380.10645,4383.46557,4379.97362,4381.92704
2026-09-02 19:30:00+00:00,4381.8083,4382.93969,4380.94723,4382.90091
2026-09-02 19:35:00+00:00,4382.72131,4384.64261,4381.54493,4383.56793
2026-09-02 19:40:00+00:00,4383.16181,4387.4242,4383.16181,4386.69899
2026-09-02 19:45:00+00:00,4384.89632,4388.54197,4384.89632,4386.03091
2026-09-02 19:50:00+00:00,4385.80201,4389.43025,4385.80201,4387.28334
2026-09-02 19:55:00+00:00,4387.76412,4390.5027,4386.15729,4389.61664
2026-09-02 20:00:00+00:00,4387.77125,4391.55066,4387.77125,4389.13616
2026-09-02 20:05:00+00:00,4389.57265,4390.58658,4388.08574,4388.35606
2026-09-02 20:10:00+00:00,4388.87806,4388.87806,4387.31189,4387.4098
2026-09-02 20:15:00+00:00,4387.59291,4389.60251,4384.23429,4385.91168
2026-09-02 20:20:00+00:00,4385.6527,4385.6527,4384.74489,4385.47529
2026-09-02 20:25:00+00:00,4385.14412,4387.50439,4385.14412,4386.74168
2026-09-02 20:30:00+00:00,4386.83068,4387.87796,4385.66096,4387.78725
2026-09-02 20:35:00+00:00,4387.64662,4387.78475,4387.06631,4387.58429
2026-09-02 20:40:00+00:00,4387.47742,4389.43025,4387.0298,4389.05875
2026-09-02 20:45:00+00:00,4388.9365,4389.62293,4387.6969,4389.51186
2026-09-02 20:50:00+00:00,4389.19028,4390.97216,4389.19028,4389.77969
2026-09-02 20:55:00+00:00,4390.06078,4390.06078,4387.70034,4387.76527
2026-09-02 21:00:00+00:00,4388.00046,4389.196,4387.31189,4387.51294
2026-09-02 21:05:00+00:00,4387.41659,4387.60427,4387.36229,4387.47844
2026-09-02 21:10:00+00:00,4387.41006,4387.78556,4387.23864,4387.44383
2026-09-02 21:15:00+00:00,4387.46607,4387.59386,4387.31189,4387.44344
2026-09-02 21:20:00+00:00,4387.40621,4387.59214,4387.31189,4387.50821
2026-09-02 21:25:00+00:00,4387.41006,4387.60636,4387.11942,4387.49856
2026-09-02 21:30:00+00:00,4387.33499,4387.60233,4387.31189,4387.33482
2026-09-02 21:35:00+00:00,4387.40968,4387.53722,4387.31189,4387.43232
2026-09-02 21:40:00+00:00,4387.3987,4387.5484,4387.11942,4387.20988
2026-09-02 21:45:00+00:00,4387.26185,4387.58055,4387.26185,4387.47368
2026-09-02 21:50:00+00:00,4387.38116,4387.62067,4387.31189,4387.38294
2026-09-02 21:55:00+00:00,4387.41853,4387.6451,4387.36352,4387.57681
2026-09-02 22:00:00+00:00,4387.43639,4393.09406,4387.43639,4391.26916
2026-09-02 22:05:00+00:00,4391.44059,4391.6357,4390.52355,4390.66324
2026-09-02 22:10:00+00:00,4390.78935,4391.46218,4390.50988,4390.89945
2026-09-02 22:15:00+00:00,4391.1781,4391.1781,4388.27453,4388.37354
2026-09-02 22:20:00+00:00,4388.60041,4389.38606,4388.40144,4389.23367
2026-09-02 22:25:00+00:00,4388.95878,4391.16498,4388.95878,4390.09273
2026-09-02 22:30:00+00:00,4390.76476,4390.76476,4388.46711,4389.1701
2026-09-02 22:35:00+00:00,4389.00727,4389.00727,4387.37124,4388.20134
2026-09-02 22:40:00+00:00,4388.03605,4388.03605,4385.58021,4385.67125
2026-09-02 22:45:00+00:00,4385.81866,4386.17726,4383.8499,4384.67612
2026-09-02 22:50:00+00:00,4384.62544,4385.19558,4384.04209,4384.46177
2026-09-02 22:55:00+00:00,4384.5924,4384.9779,4384.13155,4384.84589
2026-09-02 23:00:00+00:00,4384.80378,4386.21136,4384.10822,4384.46293
2026-09-02 23:05:00+00:00,4385.12186,4386.78057,4385.12186,4386.55155
2026-09-02 23:10:00+00:00,4386.23326,4387.19564,4384.21371,4384.42497
2026-09-02 23:15:00+00:00,4384.80647,4384.80647,4382.69711,4382.72519
2026-09-02 23:20:00+00:00,4382.79426,4383.28024,4382.50504,4382.55858
2026-09-02 23:25:00+00:00,4382.5929,4383.27343,4382.37121,4382.99339
2026-09-02 23:30:00+00:00,4382.81825,4383.8499,4382.22148,4382.50115
2026-09-02 23:35:00+00:00,4382.62009,4383.31404,4381.92893,4383.21639
2026-09-02 23:40:00+00:00,4383.07976,4385.06857,4383.05713,4384.4952
2026-09-02 23:45:00+00:00,4384.7003,4388.61225,4384.7003,4386.73241
2026-09-02 23:50:00+00:00,4387.11443,4387.50668,4384.81101,4384.99689
2026-09-02 23:55:00+00:00,4385.25292,4387.69961,4384.61876,4384.73671
2026-09-03 00:00:00+00:00,4384.87906,4388.6067,4384.55692,4387.99792
2026-09-03 00:05:00+00:00,4386.47942,4391.59364,4385.77255,4386.11595
2026-09-03 00:10:00+00:00,4386.70428,4392.90107,4386.15729,4389.7258
2026-09-03 00:15:00+00:00,4390.16863,4390.70379,4385.00329,4388.54733
2026-09-03 00:20:00+00:00,4388.31369,4388.43716,4385.42992,4387.3243
2026-09-03 00:25:00+00:00,4387.25265,4390.00834,4386.59276,4387.54968
2026-09-03 00:30:00+00:00,4387.94464,4388.18166,4383.65778,4384.30652
2026-09-03 00:35:00+00:00,4385.5798,4388.90106,4383.08131,4388.22963
2026-09-03 00:40:00+00:00,4387.28742,4389.81563,4387.27581,4387.7173
2026-09-03 00:45:00+00:00,4388.61034,4389.07145,4386.54209,4388.67406
2026-09-03 00:50:00+00:00,4387.71402,4393.09406,4387.22382,4391.07027
2026-09-03 00:55:00+00:00,4391.83824,4395.02483,4390.04234,4394.72081
2026-09-03 01:00:00+00:00,4394.09732,4394.97314,4389.32956,4392.97042
2026-09-03 01:05:00+00:00,4391.47795,4401.59503,4391.47795,4400.99643
2026-09-03 01:10:00+00:00,4399.64795,4411.87477,4399.64795,4402.65906
2026-09-03 01:15:00+00:00,4403.9235,4403.9235,4397.344,4397.68599
2026-09-03 01:20:00+00:00,4398.05851,4405.07028,4397.03377,4398.43056
2026-09-03 01:25:00+00:00,4400.3742,4400.3742,4394.71656,4398.98183
2026-09-03 01:30:00+00:00,4398.09261,4409.57103,4398.09261,4405.73454
2026-09-03 01:35:00+00:00,4406.42548,4408.78229,4406.25688,4406.33291
2026-09-03 01:40:00+00:00,4406.55803,4408.19925,4401.21149,4401.88602
2026-09-03 01:45:00+00:00,4403.42029,4405.97509,4400.24641,4404.80444
2026-09-03 01:50:00+00:00,4403.30372,4407.61636,4403.30372,4407.49009
2026-09-03 01:55:00+00:00,4407.17205,4411.69983,4406.25688,4411.31922
2026-09-03 02:00:00+00:00,4410.43931,4415.25248,4409.94884,4414.77168
2026-09-03 02:05:00+00:00,4413.92673,4413.92673,4409.70851,4411.11165
2026-09-03 02:10:00+00:00,4411.0932,4412.54099,4409.94572,4412.31188
2026-09-03 02:15:00+00:00,4412.01443,4413.32836,4409.55993,4409.78858
2026-09-03 02:20:00+00:00,4410.18046,4413.73236,4407.4221,4407.83228
2026-09-03 02:25:00+00:00,4408.63116,4410.72689,4408.00494,4410.53933
2026-09-03 02:30:00+00:00,4410.1821,4417.74165,4408.73784,4415.35605
2026-09-03 02:35:00+00:00,4415.44852,4417.54649,4414.49202,4416.39329
2026-09-03 02:40:00+00:00,4416.53983,4416.96113,4414.23148,4414.95731
2026-09-03 02:45:00+00:00,4414.7544,4415.79087,4412.47849,4414.1679
2026-09-03 02:50:00+00:00,4414.27398,4419.20287,4412.39702,4418.8683
2026-09-03 02:55:00+00:00,4418.36701,4420.08487,4418.36701,4419.41902
2026-09-03 03:00:00+00:00,4419.55828,4423.74302,4418.995,4422.8677
2026-09-03 03:05:00+00:00,4421.72343,4425.95379,4421.72343,4425.86539
2026-09-03 03:10:00+00:00,4425.56955,4430.07132,4424.58298,4429.73637
2026-09-03 03:15:00+00:00,4429.0943,4429.67885,4425.95379,4426.11019
2026-09-03 03:20:00+00:00,4426.38595,4426.93346,4424.77876,4425.71097
2026-09-03 03:25:00+00:00,4425.1018,4429.94896,4425.1018,4429.39408
2026-09-03 03:30:00+00:00,4428.44157,4431.94699,4428.44157,4431.81883
2026-09-03 03:35:00+00:00,4431.61546,4432.40554,4429.48264,4430.62069
2026-09-03 03:40:00+00:00,4430.5045,4430.69586,4427.5019,4427.80401
2026-09-03 03:45:00+00:00,4428.39869,4428.39869,4424.67897,4425.14082
2026-09-03 03:50:00+00:00,4425.79251,4430.07132,4425.79251,4429.81942
2026-09-03 03:55:00+00:00,4429.26323,4432.90183,4428.2403,4432.70595
2026-09-03 04:00:00+00:00,4432.37821,4432.71514,4427.71751,4427.89292
2026-09-03 04:05:00+00:00,4428.17763,4433.44588,4426.54154,4432.65942
2026-09-03 04:10:00+00:00,4431.05764,4435.5733,4431.05764,4432.00884
2026-09-03 04:15:00+00:00,4432.36212,4432.36212,4430.07132,4431.17716
2026-09-03 04:20:00+00:00,4431.10018,4433.54835,4430.53668,4433.12439
2026-09-03 04:25:00+00:00,4432.00704,4436.75407,4432.00704,4435.09137
2026-09-03 04:30:00+00:00,4435.16963,4437.16266,4434.92973,4436.68853
2026-09-03 04:35:00+00:00,4436.4279,4437.95617,4436.10795,4437.85486
2026-09-03 04:40:00+00:00,4437.48177,4438.23324,4436.81307,4438.12955
2026-09-03 04:45:00+00:00,4437.88072,4438.63463,4436.82654,4436.98818
2026-09-03 04:50:00+00:00,4437.23907,4437.23907,4435.45611,4435.5917
2026-09-03 04:55:00+00:00,4435.80642,4437.20191,4435.35007,4436.89545
2026-09-03 05:00:00+00:00,4436.15106,4439.31457,4436.0714,4437.15986
2026-09-03 05:05:00+00:00,4437.17995,4438.56842,4431.89396,4432.18602
2026-09-03 05:10:00+00:00,4432.55464,4432.55464,4430.04859,4430.38264
2026-09-03 05:15:00+00:00,4431.06271,4431.06271,4427.32545,4430.30356
2026-09-03 05:20:00+00:00,4429.53908,4430.26774,4422.85115,4423.17664
2026-09-03 05:25:00+00:00,4423.9284,4426.36233,4423.9284,4424.38934
2026-09-03 05:30:00+00:00,4425.15004,4431.44962,4424.52004,4430.98835
2026-09-03 05:35:00+00:00,4429.97575,4432.03716,4425.56205,4429.45762
2026-09-03 05:40:00+00:00,4428.83448,4431.38084,4426.34561,4430.93015
2026-09-03 05:45:00+00:00,4430.24407,4436.21194,4428.50184,4434.89805
2026-09-03 05:50:00+00:00,4433.64173,4437.93547,4433.64173,4434.96009
2026-09-03 05:55:00+00:00,4435.66643,4435.96682,4432.03475,4432.31711
2026-09-03 06:00:00+00:00,4432.84424,4432.84424,4428.69796,4429.80522
2026-09-03 06:05:00+00:00,4429.82867,4435.37656,4429.45368,4432.30461
2026-09-03 06:10:00+00:00,4432.79524,4434.34385,4425.95379,4427.80662
2026-09-03 06:15:00+00:00,4427.23253,4429.48264,4426.46533,4428.56667
2026-09-03 06:20:00+00:00,4428.55742,4428.55742,4421.29326,4421.83053
2026-09-03 06:25:00+00:00,4423.01974,4424.19148,4418.71769,4421.73496
2026-09-03 06:30:00+00:00,4422.47241,4422.51313,4421.06194,4422.37281
2026-09-03 06:35:00+00:00,4422.11867,4425.75791,4422.11867,4424.26443
2026-09-03 06:40:00+00:00,4424.58512,4425.61877,4422.60764,4425.54546
2026-09-03 06:45:00+00:00,4425.40792,4428.10964,4425.3662,4426.79275
2026-09-03 06:50:00+00:00,4426.95485,4427.88791,4423.47859,4423.94213
2026-09-03 06:55:00+00:00,4423.82199,4423.82199,4421.14254,4421.35797
2026-09-03 07:00:00+00:00,4421.73671,4428.39491,4420.28025,4427.91141
2026-09-03 07:05:00+00:00,4426.7472,4430.85648,4423.21302,4423.73692
2026-09-03 07:10:00+00:00,4424.77399,4425.70699,4423.42338,4425.19956
2026-09-03 07:15:00+00:00,4424.60004,4426.09249,4421.71967,4422.46534
2026-09-03 07:20:00+00:00,4423.32213,4429.32511,4423.32213,4428.75056
2026-09-03 07:25:00+00:00,4427.72647,4430.07132,4425.95379,4427.949
2026-09-03 07:30:00+00:00,4427.61598,4428.60339,4427.1126,4427.21542
2026-09-03 07:35:00+00:00,4427.5081,4428.50184,4424.38722,4428.06517
2026-09-03 07:40:00+00:00,4427.27179,4431.05282,4426.66147,4427.7428
2026-09-03 07:45:00+00:00,4428.09636,4429.12362,4424.41702,4424.82312
2026-09-03 07:50:00+00:00,4425.72603,4429.26454,4424.97456,4428.60168
2026-09-03 07:55:00+00:00,4427.43407,4429.87508,4427.43407,4428.9265
2026-09-03 08:00:00+00:00,4428.97387,4432.99226,4425.98691,4432.42692
2026-09-03 08:05:00+00:00,4431.2462,4437.1478,4431.2462,4434.80423
2026-09-03 08:10:00+00:00,4435.62139,4435.62139,4430.40862,4430.72372
2026-09-03 08:15:00+00:00,4431.34642,4433.6822,4429.22087,4432.27111
2026-09-03 08:20:00+00:00,4432.16386,4435.72106,4432.16386,4433.31663
2026-09-03 08:25:00+00:00,4433.46236,4438.13243,4433.46236,4436.73336
2026-09-03 08:30:00+00:00,4437.00638,4438.78103,4436.90578,4438.41742
2026-09-03 08:35:00+00:00,4437.68323,4439.31457,4435.91128,4436.91659
2026-09-03 08:40:00+00:00,4436.65895,4437.02653,4432.3855,4432.5505
2026-09-03 08:45:00+00:00,4432.48358,4440.10301,4432.23145,4438.77874
2026-09-03 08:50:00+00:00,4438.84675,4439.19719,4434.19652,4435.87699
2026-09-03 08:55:00+00:00,4435.68716,4437.93547,4434.19652,4437.63995
2026-09-03 09:00:00+00:00,4436.89743,4436.89743,4434.5898,4434.79001
2026-09-03 09:05:00+00:00,4435.18403,4442.07534,4434.96081,4441.53079
2026-09-03 09:10:00+00:00,4440.498,4440.69522,4438.32178,4439.24007
2026-09-03 09:15:00+00:00,4439.06429,4439.06429,4435.87666,4437.60558
2026-09-03 09:20:00+00:00,4437.07133,4437.07133,4432.8206,4433.00982
2026-09-03 09:25:00+00:00,4433.32812,4435.77005,4432.44072,4435.51442
2026-09-03 09:30:00+00:00,4434.96616,4438.32941,4434.33546,4438.04279
2026-09-03 09:35:00+00:00,4437.49215,4437.49215,4431.05282,4431.43618
2026-09-03 09:40:00+00:00,4432.12079,4433.99991,4430.65043,4431.27245
2026-09-03 09:45:00+00:00,4432.19439,4432.19439,4426.79048,4428.41092
2026-09-03 09:50:00+00:00,4428.53692,4430.26759,4426.34561,4427.54965
2026-09-03 09:55:00+00:00,4427.52141,4428.50184,4426.14969,4428.35464
2026-09-03 10:00:00+00:00,4428.04569,4428.04569,4425.75791,4427.21484
2026-09-03 10:05:00+00:00,4426.47467,4429.55191,4426.13983,4426.60233
2026-09-03 10:10:00+00:00,4427.26876,4427.26876,4423.30407,4423.43545
2026-09-03 10:15:00+00:00,4423.50991,4425.56205,4422.98187,4423.20167
2026-09-03 10:20:00+00:00,4423.51516,4424.10895,4421.06194,4423.6252
2026-09-03 10:25:00+00:00,4422.82919,4423.90793,4420.67106,4423.71511
2026-09-03 10:30:00+00:00,4423.35527,4423.3612,4420.47564,4423.05462
2026-09-03 10:35:00+00:00,4422.56464,4424.97456,4421.7366,4422.56446
2026-09-03 10:40:00+00:00,4423.1041,4425.95379,4423.1041,4425.91353
2026-09-03 10:45:00+00:00,4425.79485,4426.34561,4424.70957,4424.99438
2026-09-03 10:50:00+00:00,4425.54762,4427.52147,4424.38722,4427.39625
2026-09-03 10:55:00+00:00,4427.18818,4428.13955,4427.12945,4427.27963
2026-09-03 11:00:00+00:00,4427.43143,4428.5933,4425.3662,4427.30067
2026-09-03 11:05:00+00:00,4426.81234,4430.47322,4424.11496,4429.39539
2026-09-03 11:10:00+00:00,4426.7147,4432.62573,4426.7147,4432.47966
2026-09-03 11:15:00+00:00,4432.20226,4434.98315,4429.13855,4434.72348
2026-09-03 11:20:00+00:00,4434.54689,4435.1294,4431.05282,4431.12312
2026-09-03 11:25:00+00:00,4431.24788,4435.17985,4428.59849,4432.16139
2026-09-03 11:30:00+00:00,4432.70119,4434.5898,4430.46387,4433.84482
2026-09-03 11:35:00+00:00,4433.29033,4436.16361,4433.29033,4434.88316
2026-09-03 11:40:00+00:00,4435.2632,4439.31457,4435.20933,4439.19126
2026-09-03 11:45:00+00:00,4438.93726,4440.30016,4436.95093,4437.1606
2026-09-03 11:50:00+00:00,4437.59152,4441.08896,4437.59152,4440.25739
2026-09-03 11:55:00+00:00,4440.40521,4444.83954,4439.90587,4444.54353
2026-09-03 12:00:00+00:00,4443.99915,4447.79787,4441.61464,4447.42211
2026-09-03 12:05:00+00:00,4446.39857,4448.59647,4444.83954,4446.84862
2026-09-03 12:10:00+00:00,4446.34261,4450.37828,4443.85193,4444.09555
2026-09-03 12:15:00+00:00,4444.43622,4446.01011,4440.615,4442.89019
2026-09-03 12:20:00+00:00,4442.55495,4447.24592,4438.13243,4445.95509
2026-09-03 12:25:00+00:00,4442.87512,4448.9923,4442.87512,4447.35469
2026-09-03 12:30:00+00:00,4447.62323,4469.67327,4446.81608,4465.57233
2026-09-03 12:35:00+00:00,4466.61544,4476.73131,4457.19851,4475.80625
2026-09-03 12:40:00+00:00,4473.81377,4477.87928,4465.08305,4466.23411
2026-09-03 12:45:00+00:00,4466.38662,4479.23809,4466.38662,4478.62201
2026-09-03 12:50:00+00:00,4477.54773,4490.78596,4477.54773,4489.31902
2026-09-03 12:55:00+00:00,4486.78641,4494.2323,4486.78641,4493.90441
2026-09-03 13:00:00+00:00,4493.44493,4496.45288,4489.53937,4490.9179
2026-09-03 13:05:00+00:00,4490.82004,4492.9685,4485.38172,4492.437
2026-09-03 13:10:00+00:00,4491.37498,4491.37498,4485.33761,4486.24868
2026-09-03 13:15:00+00:00,4486.50117,4486.86997,4479.28331,4479.69265
2026-09-03 13:20:00+00:00,4480.62751,4483.50072,4478.68148,4482.58166
2026-09-03 13:25:00+00:00,4482.41011,4483.18995,4476.47612,4479.33818
2026-09-03 13:30:00+00:00,4478.96413,4479.48396,4476.67652,4478.76351
2026-09-03 13:35:00+00:00,4478.54731,4478.7319,4474.27293,4474.69526
2026-09-03 13:40:00+00:00,4474.95972,4476.9332,4470.10451,4470.57948
2026-09-03 13:45:00+00:00,4471.19396,4471.36528,4459.05504,4459.41232
2026-09-03 13:50:00+00:00,4459.87168,4462.89106,4458.31476,4462.77952
2026-09-03 13:55:00+00:00,4462.49668,4467.58427,4461.49728,4465.32554
2026-09-03 14:00:00+00:00,4465.64752,4468.67459,4464.68435,4467.48373
2026-09-03 14:05:00+00:00,4466.96412,4472.47194,4464.66475,4466.65868
2026-09-03 14:10:00+00:00,4469.67553,4469.67553,4461.69634,4468.30459
2026-09-03 14:15:00+00:00,4467.8359,4475.77103,4466.67858,4475.49432
2026-09-03 14:20:00+00:00,4475.10082,4480.76903,4473.07211,4473.47347
2026-09-03 14:25:00+00:00,4474.6351,4477.6707,4471.02448,4471.75425
2026-09-03 14:30:00+00:00,4472.57409,4481.38913,4472.57409,4474.64357
2026-09-03 14:35:00+00:00,4476.52794,4476.52794,4470.27269,4472.3201
2026-09-03 14:40:00+00:00,4471.9101,4473.98441,4468.0756,4473.05841
2026-09-03 14:45:00+00:00,4470.74319,4478.68148,4470.74319,4478.48148
2026-09-03 14:50:00+00:00,4478.48196,4478.48196,4474.47313,4476.15782
2026-09-03 14:55:00+00:00,4476.19315,4483.29971,4475.21291,4482.67311
2026-09-03 15:00:00+00:00,4481.54429,4497.31253,4481.54429,4495.62552
2026-09-03 15:05:00+00:00,4492.28621,4503.08461,4492.28621,4502.62551
2026-09-03 15:10:00+00:00,4501.99737,4501.99737,4496.20071,4499.05829
2026-09-03 15:15:00+00:00,4497.85858,4509.19931,4497.85858,4508.04687
2026-09-03 15:20:00+00:00,4505.3511,4510.59991,4503.2874,4506.19129
2026-09-03 15:25:00+00:00,4505.47077,4507.14382,4505.1133,4505.3209
2026-09-03 15:30:00+00:00,4505.52896,4507.75334,4500.85516,4501.23057
2026-09-03 15:35:00+00:00,4501.90875,4503.08461,4497.39332,4498.59327
2026-09-03 15:40:00+00:00,4501.41729,4501.41729,4495.39222,4496.79208
2026-09-03 15:45:00+00:00,4496.69426,4497.93463,4488.32525,4488.76313
2026-09-03 15:50:00+00:00,4489.70062,4490.95991,4487.92748,4490.75912
2026-09-03 15:55:00+00:00,4490.32621,4492.38917,4488.1289,4491.43787
2026-09-03 16:00:00+00:00,4489.37277,4493.57419,4489.37277,4491.4733
2026-09-03 16:05:00+00:00,4491.53398,4492.9685,4488.5318,4492.67153
2026-09-03 16:10:00+00:00,4492.13448,4495.19015,4492.13448,4493.80756
2026-09-03 16:15:00+00:00,4494.2129,4495.73452,4491.75762,4492.03741
2026-09-03 16:20:00+00:00,4492.53902,4493.57419,4491.55587,4491.79223
2026-09-03 16:25:00+00:00,4491.52443,4494.18004,4491.35414,4493.93237
2026-09-03 16:30:00+00:00,4493.41911,4494.98809,4489.33782,4491.28494
2026-09-03 16:35:00+00:00,4491.0479,4491.55587,4490.34576,4490.91697
2026-09-03 16:40:00+00:00,4491.02345,4492.58289,4487.52468,4487.66932
2026-09-03 16:45:00+00:00,4487.88265,4490.95073,4487.44033,4488.37148
2026-09-03 16:50:00+00:00,4488.80033,4489.75383,4485.91423,4487.75863
2026-09-03 16:55:00+00:00,4487.47008,4487.83229,4486.56017,4486.75994
2026-09-03 17:00:00+00:00,4487.10928,4487.10928,4481.79193,4482.52651
2026-09-03 17:05:00+00:00,4483.64394,4490.43496,4483.64394,4489.71142
2026-09-03 17:10:00+00:00,4488.21538,4488.21538,4485.5118,4487.3029
2026-09-03 17:15:00+00:00,4487.13127,4487.92748,4485.56864,4487.08783
2026-09-03 17:20:00+00:00,4486.77775,4491.1197,4486.77775,4490.9189
2026-09-03 17:25:00+00:00,4490.59454,4492.70076,4490.33832,4492.25007
2026-09-03 17:30:00+00:00,4491.54629,4493.65148,4490.95073,4491.17258
2026-09-03 17:35:00+00:00,4491.57697,4493.77612,4491.43158,4492.99108
2026-09-03 17:40:00+00:00,4493.02262,4493.71769,4491.95939,4492.54951
2026-09-03 17:45:00+00:00,4492.41429,4494.18004,4491.35414,4491.61775
2026-09-03 17:50:00+00:00,4492.04133,4492.57448,4488.33034,4489.84682
2026-09-03 17:55:00+00:00,4489.07378,4491.22949,4487.67086,4488.47941
2026-09-03 18:00:00+00:00,4488.29479,4489.53937,4486.56914,4488.79577
2026-09-03 18:05:00+00:00,4488.89765,4489.17698,4484.28309,4486.8627
2026-09-03 18:10:00+00:00,4485.76352,4487.92748,4485.10944,4485.32057
2026-09-03 18:15:00+00:00,4485.68559,4486.31673,4484.50603,4485.40826
2026-09-03 18:20:00+00:00,4485.39793,4487.76281,4483.47303,4484.08839
2026-09-03 18:25:00+00:00,4484.94004,4485.61232,4480.72452,4481.63048
2026-09-03 18:30:00+00:00,4483.25176,4483.25176,4476.67652,4478.05144
2026-09-03 18:35:00+00:00,4477.50088,4482.69679,4476.88767,4482.54341
2026-09-03 18:40:00+00:00,4482.23042,4483.00343,4481.44695,4481.54852
2026-09-03 18:45:00+00:00,4481.67228,4482.69679,4478.67207,4479.49562
2026-09-03 18:50:00+00:00,4480.68716,4480.68716,4475.88538,4476.67162
2026-09-03 18:55:00+00:00,4478.0496,4478.0496,4474.61153,4475.30263
2026-09-03 19:00:00+00:00,4475.26732,4476.67705,4474.47313,4474.72382
2026-09-03 19:05:00+00:00,4474.69515,4475.67471,4474.50602,4474.95099
2026-09-03 19:10:00+00:00,4475.05695,4477.07736,4473.79702,4474.07552
2026-09-03 19:15:00+00:00,4474.50554,4476.15184,4473.07211,4475.80642
2026-09-03 19:20:00+00:00,4475.3642,4476.52558,4474.47313,4475.13137
2026-09-03 19:25:00+00:00,4475.13893,4475.42592,4472.67197,4475.16756
2026-09-03 19:30:00+00:00,4474.56156,4477.91307,4474.54475,4475.25096
2026-09-03 19:35:00+00:00,4475.48175,4476.27574,4474.47313,4476.1404
2026-09-03 19:40:00+00:00,4475.84395,4479.28331,4475.27411,4477.94684
2026-09-03 19:45:00+00:00,4478.10306,4480.48748,4477.04938,4479.71985
2026-09-03 19:50:00+00:00,4479.82294,4480.76044,4476.67652,4476.9238
2026-09-03 19:55:00+00:00,4477.29572,4478.46584,4474.15123,4475.45383
2026-09-03 20:00:00+00:00,4478.39613,4478.39613,4471.87193,4472.02217
2026-09-03 20:05:00+00:00,4472.30764,4473.72351,4471.87193,4473.45178
2026-09-03 20:10:00+00:00,4473.09465,4473.90729,4472.18726,4472.83517
2026-09-03 20:15:00+00:00,4472.6426,4472.6426,4470.47253,4471.56743
2026-09-03 20:20:00+00:00,4471.37042,4471.41325,4470.87227,4471.12378
2026-09-03 20:25:00+00:00,4470.98721,4472.47194,4470.53041,4472.39958
2026-09-03 20:30:00+00:00,4472.25551,4472.67197,4471.67196,4472.36896
2026-09-03 20:35:00+00:00,4472.26851,4472.51188,4471.07216,4471.20925
2026-09-03 20:40:00+00:00,4471.46627,4472.87203,4471.39602,4472.83038
2026-09-03 20:45:00+00:00,4472.75027,4473.10548,4471.78268,4472.95813
2026-09-03 20:50:00+00:00,4472.7526,4473.74147,4472.7526,4472.9345
2026-09-03 20:55:00+00:00,4472.98163,4473.91047,4472.96243,4473.78645
2026-09-03 21:00:00+00:00,4473.54177,4474.16248,4472.72573,4474.10808
2026-09-03 21:05:00+00:00,4474.04412,4474.27177,4474.00122,4474.03606
2026-09-03 21:10:00+00:00,4474.06586,4474.23509,4474.01339,4474.10308
2026-09-03 21:15:00+00:00,4474.07055,4474.34292,4473.99033,4474.26252
2026-09-03 21:20:00+00:00,4474.15731,4474.47313,4474.06972,4474.1574
2026-09-03 21:25:00+00:00,4474.10466,4474.28204,4473.87258,4474.19252
2026-09-03 21:30:00+00:00,4474.06132,4474.31816,4473.87258,4474.22515
2026-09-03 21:35:00+00:00,4474.06744,4474.33462,4473.99991,4474.16337
2026-09-03 21:40:00+00:00,4474.06435,4474.26,4474.01361,4474.11516
2026-09-03 21:45:00+00:00,4474.07005,4474.27548,4473.87258,4474.1954
2026-09-03 21:50:00+00:00,4474.07797,4474.30514,4473.9986,4474.12544
2026-09-03 21:55:00+00:00,4474.0866,4474.25619,4474.00312,4474.16855
2026-09-03 22:00:00+00:00,4474.06874,4478.28034,4471.02602,4477.03593
2026-09-03 22:05:00+00:00,4476.91922,4476.91922,4475.4744,4475.58409
2026-09-03 22:10:00+00:00,4475.73005,4477.2265,4474.47313,4476.91911
2026-09-03 22:15:00+00:00,4476.33085,4478.89019,4476.33085,4478.18504
2026-09-03 22:20:00+00:00,4477.99082,4479.12896,4475.23087,4475.94606
2026-09-03 22:25:00+00:00,4475.72844,4475.78306,4474.67335,4474.74015
2026-09-03 22:30:00+00:00,4474.82805,4476.67652,4474.27293,4474.67336
2026-09-03 22:35:00+00:00,4474.75026,4475.5518,4473.47231,4474.1073
2026-09-03 22:40:00+00:00,4473.97803,4476.98352,4472.95259,4473.66614
2026-09-03 22:45:00+00:00,4473.76211,4474.09365,4472.47194,4472.58864
2026-09-03 22:50:00+00:00,4472.96506,4475.27411,4472.96506,4475.24309
2026-09-03 22:55:00+00:00,4475.30266,4475.4744,4472.87203,4475.34707
2026-09-03 23:00:00+00:00,4475.0325,4476.67652,4474.89615,4476.59841
2026-09-03 23:05:00+00:00,4476.35948,4477.1684,4473.47231,4476.31427
2026-09-03 23:10:00+00:00,4475.27214,4477.07736,4474.47313,4474.60086
2026-09-03 23:15:00+00:00,4474.80367,4474.80367,4472.27191,4473.22742
2026-09-03 23:20:00+00:00,4473.10421,4473.10421,4472.4324,4473.00085
2026-09-03 23:25:00+00:00,4472.86203,4474.24376,4472.39016,4473.08665
2026-09-03 23:30:00+00:00,4473.39534,4475.93451,4472.83658,4474.24689
2026-09-03 23:35:00+00:00,4474.55809,4478.68148,4474.22163,4477.90012
2026-09-03 23:40:00+00:00,4477.83428,4478.301,4476.67652,4477.25765
2026-09-03 23:45:00+00:00,4477.16356,4477.17053,4475.27411,4475.38081
2026-09-03 23:50:00+00:00,4475.56782,4479.68463,4475.4498,4476.07445
2026-09-03 23:55:00+00:00,4476.4501,4480.0228,4476.27574,4479.87568
2026-09-04 00:00:00+00:00,4479.45567,4480.37514,4478.58464,4478.75569
2026-09-04 00:05:00+00:00,4479.19252,4482.89775,4479.19252,4480.57326
2026-09-04 00:10:00+00:00,4480.72144,4482.73015,4479.13775,4482.34733
2026-09-04 00:15:00+00:00,4481.84769,4485.21778,4476.67652,4476.74702
2026-09-04 00:20:00+00:00,4476.895,4479.68463,4476.67652,4479.4853
2026-09-04 00:25:00+00:00,4479.05111,4480.25068,4474.87358,4475.10288
2026-09-04 00:30:00+00:00,4475.53783,4477.94894,4473.47231,4477.10887
2026-09-04 00:35:00+00:00,4475.47822,4479.70997,4475.47822,4476.66604
2026-09-04 00:40:00+00:00,4476.97811,4481.36989,4476.09842,4480.84749
2026-09-04 00:45:00+00:00,4479.76078,4486.0979,4479.76078,4485.54509
2026-09-04 00:50:00+00:00,4484.58495,4484.58495,4480.68823,4483.49752
2026-09-04 00:55:00+00:00,4482.93764,4486.71931,4481.29061,4486.58502
2026-09-04 01:00:00+00:00,4486.22157,4486.55053,4479.5212,4479.8098
2026-09-04 01:05:00+00:00,4480.17325,4481.16887,4473.66003,4478.11258
2026-09-04 01:10:00+00:00,4477.8819,4483.56972,4476.85044,4478.07793
2026-09-04 01:15:00+00:00,4479.78821,4479.78821,4475.27411,4478.42003
2026-09-04 01:20:00+00:00,4478.26798,4480.25503,4474.87358,4478.33065
2026-09-04 01:25:00+00:00,4478.15691,4478.3771,4468.67459,4471.2665
2026-09-04 01:30:00+00:00,4470.84732,4472.47194,4470.07286,4470.18336
2026-09-04 01:35:00+00:00,4470.32526,4476.27574,4466.64283,4475.88636
2026-09-04 01:40:00+00:00,4475.40229,4475.67471,4470.87227,4471.14079
2026-09-04 01:45:00+00:00,4472.03352,4474.47313,4468.0756,4468.38584
2026-09-04 01:50:00+00:00,4468.87166,4472.66569,4468.44609,4472.14073
2026-09-04 01:55:00+00:00,4470.91515,4481.0898,4470.91515,4480.61609
2026-09-04 02:00:00+00:00,4479.70736,4482.69679,4479.03104,4482.42048
2026-09-04 02:05:00+00:00,4481.77408,4481.77408,4477.67877,4478.47343
2026-09-04 02:10:00+00:00,4478.73908,4480.28674,4478.28034,4480.10647
2026-09-04 02:15:00+00:00,4479.75213,4480.82934,4477.07736,4477.32036
2026-09-04 02:20:00+00:00,4477.89634,4478.4809,4473.63183,4474.05175
2026-09-04 02:25:00+00:00,4474.41719,4479.25046,4472.27191,4472.43419
2026-09-04 02:30:00+00:00,4472.63666,4475.67471,4472.07191,4473.0348
2026-09-04 02:35:00+00:00,4472.69097,4476.12948,4470.87227,4475.44562
2026-09-04 02:40:00+00:00,4473.87005,4478.02894,4472.4689,4472.68444
2026-09-04 02:45:00+00:00,4473.02736,4475.67471,4470.87227,4475.46123
2026-09-04 02:50:00+00:00,4475.13925,4478.88207,4475.13925,4478.64336
2026-09-04 02:55:00+00:00,4478.17368,4480.68823,4475.4744,4476.70512
2026-09-04 03:00:00+00:00,4476.71737,4478.55783,4475.67471,4475.89598
2026-09-04 03:05:00+00:00,4476.18904,4476.47612,4472.87203,4474.61706
2026-09-04 03:10:00+00:00,4474.54096,4474.54096,4469.44331,4469.99103
2026-09-04 03:15:00+00:00,4470.91073,4474.73026,4470.91073,4473.19679
2026-09-04 03:20:00+00:00,4473.0115,4474.47313,4472.47194,4474.3718
2026-09-04 03:25:00+00:00,4474.11006,4474.29267,4472.41043,4472.74953
2026-09-04 03:30:00+00:00,4473.44393,4475.07384,4471.62311,4474.97427
2026-09-04 03:35:00+00:00,4474.70898,4475.47843,4473.5833,4475.23067
2026-09-04 03:40:00+00:00,4474.69652,4474.69652,4470.16285,4470.42256
2026-09-04 03:45:00+00:00,4470.91542,4470.91542,4469.07401,4469.13663
2026-09-04 03:50:00+00:00,4469.31708,4469.87306,4468.67459,4468.90608
2026-09-04 03:55:00+00:00,4469.00114,4470.07478,4467.47677,4467.68791
2026-09-04 04:00:00+00:00,4468.04268,4469.74902,4465.88067,4466.51314
2026-09-04 04:05:00+00:00,4467.32266,4469.07401,4467.32266,4468.38523
2026-09-04 04:10:00+00:00,4468.11639,4469.85975,4467.32265,4469.66393
2026-09-04 04:15:00+00:00,4469.35694,4470.16695,4468.67459,4469.3399
2026-09-04 04:20:00+00:00,4469.04844,4470.07286,4469.04844,4469.37753
2026-09-04 04:25:00+00:00,4469.46149,4471.77316,4469.46149,4471.48189
2026-09-04 04:30:00+00:00,4470.75514,4474.47313,4470.75514,4472.52349
2026-09-04 04:35:00+00:00,4472.69983,4474.47313,4472.19109,4474.41042
2026-09-04 04:40:00+00:00,4474.25371,4474.87358,4473.79908,4474.37674
2026-09-04 04:45:00+00:00,4474.5227,4474.5227,4472.87203,4472.96244
2026-09-04 04:50:00+00:00,4473.01235,4474.47313,4472.5356,4474.1276
2026-09-04 04:55:00+00:00,4474.12039,4474.64245,4473.87258,4473.94209
2026-09-04 05:00:00+00:00,4474.04886,4474.07275,4471.87193,4472.55518
2026-09-04 05:05:00+00:00,4472.40961,4472.40961,4468.47491,4471.45967
2026-09-04 05:10:00+00:00,4470.96679,4471.21176,4467.67636,4468.17596
2026-09-04 05:15:00+00:00,4468.21482,4474.74601,4468.03173,4474.25162
2026-09-04 05:20:00+00:00,4473.2153,4475.07384,4469.87306,4470.93682
2026-09-04 05:25:00+00:00,4470.82356,4471.80995,4468.67459,4468.88981
2026-09-04 05:30:00+00:00,4469.24853,4473.47231,4468.67459,4473.38834
2026-09-04 05:35:00+00:00,4473.19844,4473.91903,4468.62458,4472.87465
2026-09-04 05:40:00+00:00,4471.18663,4477.87928,4471.18663,4472.0604
2026-09-04 05:45:00+00:00,4473.61661,4473.61661,4470.47253,4472.55507
2026-09-04 05:50:00+00:00,4472.31684,4472.31684,4468.33929,4468.53307
2026-09-04 05:55:00+00:00,4468.87111,4471.56194,4468.27525,4470.99567
2026-09-04 06:00:00+00:00,4470.03478,4472.47194,4469.87306,4470.11606
2026-09-04 06:05:00+00:00,4470.52931,4472.98744,4467.87597,4468.21542
2026-09-04 06:10:00+00:00,4468.86681,4471.4503,4466.67858,4467.87127
2026-09-04 06:15:00+00:00,4467.74334,4469.07401,4467.00623,4468.11437
2026-09-04 06:20:00+00:00,4468.0215,4471.47201,4468.00299,4468.50839
2026-09-04 06:25:00+00:00,4468.80901,4471.38279,4467.67636,4470.10898
2026-09-04 06:30:00+00:00,4470.25158,4471.56329,4466.56711,4470.71796
2026-09-04 06:35:00+00:00,4469.05363,4469.05363,4463.09719,4465.74236
2026-09-04 06:40:00+00:00,4465.3778,4467.67636,4464.6188,4465.87522
2026-09-04 06:45:00+00:00,4466.66556,4466.66556,4462.29362,4463.63618
2026-09-04 06:50:00+00:00,4463.48938,4464.28571,4461.49728,4462.63843
2026-09-04 06:55:00+00:00,4462.81643,4463.31703,4460.3033,4462.71619
2026-09-04 07:00:00+00:00,4461.37106,4466.73746,4461.37106,4465.96125
2026-09-04 07:05:00+00:00,4464.39999,4468.67459,4464.39999,4468.49615
2026-09-04 07:10:00+00:00,4468.12081,4470.67239,4468.12081,4469.19748
2026-09-04 07:15:00+00:00,4469.35954,4470.07286,4466.27959,4467.86243
2026-09-04 07:20:00+00:00,4467.61715,4469.3267,4467.28606,4468.90017
2026-09-04 07:25:00+00:00,4468.29858,4471.91544,4468.28875,4471.35923
2026-09-04 07:30:00+00:00,4470.29239,4475.07384,4470.29239,4473.5412
2026-09-04 07:35:00+00:00,4473.39055,4476.07538,4473.39055,4475.17999
2026-09-04 07:40:00+00:00,4475.33718,4485.39204,4472.85095,4484.47112
2026-09-04 07:45:00+00:00,4482.37541,4490.34576,4482.37541,4490.05751
2026-09-04 07:50:00+00:00,4489.44083,4491.1345,4482.89775,4482.98824
2026-09-04 07:55:00+00:00,4483.33906,4485.5118,4482.29494,4482.52504
2026-09-04 08:00:00+00:00,4482.85594,4486.7461,4480.84817,4484.89549
2026-09-04 08:05:00+00:00,4484.63893,4484.63893,4481.89315,4482.20251
2026-09-04 08:10:00+00:00,4482.37809,4483.50072,4479.85068,4483.28424
2026-09-04 08:15:00+00:00,4482.84364,4483.70174,4482.29494,4482.81299
2026-09-04 08:20:00+00:00,4483.08313,4483.86021,4480.96532,4481.25172
2026-09-04 08:25:00+00:00,4481.63524,4481.904,4479.62663,4481.79703
2026-09-04 08:30:00+00:00,4481.61632,4483.43956,4477.87928,4480.77987
2026-09-04 08:35:00+00:00,4480.04478,4481.29061,4478.0798,4478.26333
2026-09-04 08:40:00+00:00,4478.57035,4479.01155,4477.83892,4478.84354
2026-09-04 08:45:00+00:00,4478.53391,4478.90001,4476.12182,4476.36421
2026-09-04 08:50:00+00:00,4476.70685,4476.70685,4474.62501,4476.1577
2026-09-04 08:55:00+00:00,4475.41547,4479.48396,4475.41547,4478.16187
2026-09-04 09:00:00+00:00,4478.56968,4479.91603,4477.2262,4479.61756
2026-09-04 09:05:00+00:00,4479.13385,4479.13385,4473.67244,4474.50683
2026-09-04 09:10:00+00:00,4474.1742,4475.02108,4469.27374,4469.608
2026-09-04 09:15:00+00:00,4470.2283,4470.2283,4467.87597,4468.01578
2026-09-04 09:20:00+00:00,4468.29127,4469.95702,4464.87566,4466.92832
2026-09-04 09:25:00+00:00,4466.56384,4466.56384,4463.3949,4463.74861
2026-09-04 09:30:00+00:00,4464.51642,4471.18,4464.51642,4470.56275
2026-09-04 09:35:00+00:00,4469.4271,4469.5261,4467.07764,4468.69186
2026-09-04 09:40:00+00:00,4468.93679,4468.93679,4466.68098,4467.51711
2026-09-04 09:45:00+00:00,4467.33142,4469.33974,4465.6367,4468.92526
2026-09-04 09:50:00+00:00,4469.00602,4469.50611,4468.47491,4468.53254
2026-09-04 09:55:00+00:00,4468.54058,4470.11493,4466.47907,4467.27773
2026-09-04 10:00:00+00:00,4467.6554,4468.91588,4466.31009,4468.26743
2026-09-04 10:05:00+00:00,4467.44862,4470.65762,4467.44862,4470.5532
2026-09-04 10:10:00+00:00,4470.40844,4472.28356,4469.44946,4471.90445
2026-09-04 10:15:00+00:00,4471.42231,4473.2722,4471.27208,4471.74988
2026-09-04 10:20:00+00:00,4471.81773,4471.92525,4468.85156,4469.10981
2026-09-04 10:25:00+00:00,4469.46053,4471.47201,4467.34109,4470.80618
2026-09-04 10:30:00+00:00,4470.51509,4475.27411,4470.27448,4475.11743
2026-09-04 10:35:00+00:00,4474.76215,4474.99346,4470.27269,4470.46736
2026-09-04 10:40:00+00:00,4470.62457,4474.07275,4470.62457,4473.80833
2026-09-04 10:45:00+00:00,4473.73305,4476.47612,4473.40432,4476.05518
2026-09-04 10:50:00+00:00,4476.10846,4476.10846,4473.67244,4473.82968
2026-09-04 10:55:00+00:00,4474.04467,4474.83785,4474.02557,4474.63463
2026-09-04 11:00:00+00:00,4474.44939,4475.3985,4471.44795,4471.66903
2026-09-04 11:05:00+00:00,4471.95605,4472.13995,4470.38596,4470.43978
2026-09-04 11:10:00+00:00,4470.61949,4471.02853,4469.87966,4470.05995
2026-09-04 11:15:00+00:00,4470.36655,4470.36655,4467.42251,4467.67715
2026-09-04 11:20:00+00:00,4468.03188,4470.87227,4466.67858,4470.63461
2026-09-04 11:25:00+00:00,4470.11173,4472.12917,4466.27959,4466.496
2026-09-04 11:30:00+00:00,4466.68635,4468.27525,4465.43092,4467.25554
2026-09-04 11:35:00+00:00,4467.47313,4469.07401,4466.56657,4468.8821
2026-09-04 11:40:00+00:00,4468.5697,4469.67327,4465.88067,4466.13515
2026-09-04 11:45:00+00:00,4466.41049,4470.47253,4465.75868,4470.18535
2026-09-04 11:50:00+00:00,4470.41359,4470.47253,4467.47677,4467.754
2026-09-04 11:55:00+00:00,4468.14128,4469.67327,4466.81041,4467.51469
2026-09-04 12:00:00+00:00,4468.79293,4469.03526,4465.28243,4467.79708
2026-09-04 12:05:00+00:00,4467.07767,4470.27269,4467.07767,4469.78164
2026-09-04 12:10:00+00:00,4469.62764,4469.62764,4465.48183,4465.7143
2026-09-04 12:15:00+00:00,4466.09113,4466.5577,4465.08305,4466.45222
2026-09-04 12:20:00+00:00,4466.29525,4469.07401,4464.68435,4465.05134
2026-09-04 12:25:00+00:00,4465.80849,4472.15981,4465.80849,4471.6513
2026-09-04 12:30:00+00:00,4470.95046,4514.11331,4393.20049,4395.13161
2026-09-04 12:35:00+00:00,4398.91906,4408.58793,4384.42652,4396.13606
2026-09-04 12:40:00+00:00,4394.19951,4406.64522,4388.6597,4401.14481
2026-09-04 12:45:00+00:00,4402.36748,4407.77028,4377.25288,4389.96372
2026-09-04 12:50:00+00:00,4382.99758,4408.39241,4382.99758,4407.05481
2026-09-04 12:55:00+00:00,4404.05177,4409.94884,4395.17751,4407.33386
2026-09-04 13:00:00+00:00,4403.66185,4403.66185,4368.52912,4384.45263
2026-09-04 13:05:00+00:00,4383.413,4387.81198,4377.90036,4386.76788
2026-09-04 13:10:00+00:00,4384.35872,4393.09406,4383.35833,4392.70573
2026-09-04 13:15:00+00:00,4391.8374,4398.89148,4390.58658,4391.73325
2026-09-04 13:20:00+00:00,4393.12004,4404.35635,4393.12004,4399.50845
2026-09-04 13:25:00+00:00,4398.5201,4412.17794,4398.5201,4410.61808
2026-09-04 13:30:00+00:00,4406.7259,4419.10822,4406.7259,4418.87322
2026-09-04 13:35:00+00:00,4418.38587,4419.24022,4408.97668,4412.87091
2026-09-04 13:40:00+00:00,4413.38489,4422.03944,4407.81064,4420.98579
2026-09-04 13:45:00+00:00,4419.28854,4433.54988,4416.00146,4433.01166
2026-09-04 13:50:00+00:00,4432.17015,4432.17015,4422.82176,4423.32933
2026-09-04 13:55:00+00:00,4424.0617,4426.54154,4414.81612,4415.72542
2026-09-04 14:00:00+00:00,4417.76092,4417.76092,4413.647,4414.5653
2026-09-04 14:05:00+00:00,4414.90863,4425.56205,4411.89257,4425.0861
2026-09-04 14:10:00+00:00,4424.02952,4432.69555,4416.55547,4430.44408
2026-09-04 14:15:00+00:00,4424.85147,4435.96682,4424.85147,4429.54647
2026-09-04 14:20:00+00:00,4430.82162,4434.78647,4428.72642,4429.51972
2026-09-04 14:25:00+00:00,4431.20764,4435.5733,4425.07637,4431.57938
2026-09-04 14:30:00+00:00,4431.85172,4439.06482,4430.85648,4434.44205
2026-09-04 14:35:00+00:00,4435.74179,4441.2862,4429.87508,4430.82004
2026-09-04 14:40:00+00:00,4431.06221,4431.44554,4425.56205,4426.11751
2026-09-04 14:45:00+00:00,4427.00764,4431.01096,4423.01738,4427.61739
2026-09-04 14:50:00+00:00,4426.65083,4432.00648,4420.47564,4422.90349
2026-09-04 14:55:00+00:00,4423.10003,4428.8895,4420.08487,4427.71089
2026-09-04 15:00:00+00:00,4424.85702,4430.07132,4423.99575,4424.05576
2026-09-04 15:05:00+00:00,4424.70756,4440.49069,4424.70756,4439.51916
2026-09-04 15:10:00+00:00,4437.3408,4440.36012,4434.19652,4439.61418
2026-09-04 15:15:00+00:00,4437.97389,4446.48618,4437.97389,4446.04643
2026-09-04 15:20:00+00:00,4444.97444,4449.16564,4442.13458,4442.81528
2026-09-04 15:25:00+00:00,4444.34152,4446.74925,4440.0374,4440.48453
2026-09-04 15:30:00+00:00,4440.84914,4442.86476,4439.21574,4439.95952
2026-09-04 15:35:00+00:00,4440.36062,4440.5292,4438.52641,4439.35669
2026-09-04 15:40:00+00:00,4439.09884,4447.60719,4436.31721,4442.72312
2026-09-04 15:45:00+00:00,4443.37792,4444.38856,4441.85313,4444.21088
2026-09-04 15:50:00+00:00,4443.88461,4445.43232,4440.49734,4440.95622
2026-09-04 15:55:00+00:00,4441.78095,4441.78095,4436.55723,4436.64047
2026-09-04 16:00:00+00:00,4436.79082,4439.31457,4436.55757,4438.16096
2026-09-04 16:05:00+00:00,4438.32917,4440.10301,4434.98315,4435.86706
2026-09-04 16:10:00+00:00,4436.03936,4438.64953,4431.78964,4437.47477
2026-09-04 16:15:00+00:00,4434.81073,4443.25958,4434.81073,4442.84
2026-09-04 16:20:00+00:00,4442.05231,4442.10296,4436.36041,4436.64428
2026-09-04 16:25:00+00:00,4437.10969,4438.24372,4433.99991,4435.06514
2026-09-04 16:30:00+00:00,4434.76541,4437.85268,4433.37431,4437.50508
2026-09-04 16:35:00+00:00,4436.90251,4438.13243,4436.90251,4436.97759
2026-09-04 16:40:00+00:00,4437.15624,4438.68869,4436.16361,4438.04101
2026-09-04 16:45:00+00:00,4437.09863,4439.79458,4437.09863,4438.54801
2026-09-04 16:50:00+00:00,4438.62753,4440.49734,4436.75407,4436.97868
2026-09-04 16:55:00+00:00,4437.00645,4437.34469,4435.83856,4436.18722
2026-09-04 17:00:00+00:00,4436.88876,4436.88876,4430.07132,4430.34954
2026-09-04 17:05:00+00:00,4430.76997,4433.21364,4430.76997,4433.07239
2026-09-04 17:10:00+00:00,4432.77076,4433.73901,4432.23119,4433.57989
2026-09-04 17:15:00+00:00,4433.07517,4438.30991,4433.07517,4437.68563
2026-09-04 17:20:00+00:00,4436.9041,4440.10857,4432.86315,4433.63618
2026-09-04 17:25:00+00:00,4434.74529,4434.74529,4429.46748,4431.99313
2026-09-04 17:30:00+00:00,4430.99717,4430.99717,4423.99575,4424.38657
2026-09-04 17:35:00+00:00,4424.8929,4424.8929,4423.21302,4424.70584
2026-09-04 17:40:00+00:00,4424.65706,4424.65706,4418.32722,4418.48473
2026-09-04 17:45:00+00:00,4418.70051,4420.08487,4415.79087,4419.62592
2026-09-04 17:50:00+00:00,4419.34574,4421.89802,4419.31427,4421.55044
2026-09-04 17:55:00+00:00,4420.91095,4420.91095,4416.57097,4417.37914
2026-09-04 18:00:00+00:00,4417.2081,4418.1172,4412.6732,4413.72527
2026-09-04 18:05:00+00:00,4413.71144,4416.80559,4412.6732,4416.08489
2026-09-04 18:10:00+00:00,4415.15146,4418.52245,4415.15146,4418.00384
2026-09-04 18:15:00+00:00,4417.48055,4422.235,4417.48055,4420.45601
2026-09-04 18:20:00+00:00,4420.81625,4425.17037,4418.30439,4424.51958
2026-09-04 18:25:00+00:00,4424.32472,4426.54154,4422.83927,4424.53973
2026-09-04 18:30:00+00:00,4425.09198,4425.09198,4423.19993,4424.5735
2026-09-04 18:35:00+00:00,4424.05669,4425.17037,4422.235,4422.85287
2026-09-04 18:40:00+00:00,4422.76449,4423.60435,4421.83593,4423.00537
2026-09-04 18:45:00+00:00,4422.95136,4424.38722,4422.43057,4423.98839
2026-09-04 18:50:00+00:00,4423.9927,4425.53946,4423.98738,4425.38086
2026-09-04 18:55:00+00:00,4425.1283,4425.56205,4423.80004,4423.89038
2026-09-04 19:00:00+00:00,4423.99989,4424.38722,4423.5994,4423.974
2026-09-04 19:05:00+00:00,4423.85968,4425.16166,4423.32091,4424.86354
2026-09-04 19:10:00+00:00,4424.17537,4429.28644,4423.20268,4427.93684
2026-09-04 19:15:00+00:00,4427.82945,4431.05282,4427.82945,4429.67182
2026-09-04 19:20:00+00:00,4429.97557,4430.78955,4426.93346,4430.40305
2026-09-04 19:25:00+00:00,4429.36401,4435.77005,4429.36401,4435.56139
2026-09-04 19:30:00+00:00,4435.22017,4437.74571,4434.48254,4437.13101
2026-09-04 19:35:00+00:00,4436.31396,4438.54075,4435.69774,4436.0045
2026-09-04 19:40:00+00:00,4436.61937,4437.34469,4434.60659,4435.89787
2026-09-04 19:45:00+00:00,4435.98645,4438.40772,4433.41018,4434.71838
2026-09-04 19:50:00+00:00,4434.56183,4436.55723,4433.73157,4434.86595
2026-09-04 19:55:00+00:00,4434.95436,4435.96682,4433.41018,4435.0444
2026-09-04 20:00:00+00:00,4434.35504,4435.5733,4433.49674,4434.3623
2026-09-04 20:05:00+00:00,4434.18842,4434.18842,4431.44554,4431.5237
2026-09-04 20:10:00+00:00,4431.61206,4432.20279,4430.85648,4432.01301
2026-09-04 20:15:00+00:00,4431.7249,4432.49973,4430.07132,4430.76653
2026-09-04 20:20:00+00:00,4430.60383,4431.40126,4430.43048,4431.27331
2026-09-04 20:25:00+00:00,4431.02409,4431.02409,4429.5091,4429.59535
2026-09-04 20:30:00+00:00,4429.82862,4430.37822,4429.33165,4429.64429
2026-09-04 20:35:00+00:00,4429.5389,4431.34819,4429.41321,4430.63627
2026-09-04 20:40:00+00:00,4430.5113,4430.66017,4429.48264,4430.46848
2026-09-04 20:45:00+00:00,4429.99596,4431.23804,4428.89411,4428.95185
2026-09-04 20:50:00+00:00,4429.06397,4430.66017,4428.77018,4430.53808
2026-09-04 20:55:00+00:00,4430.33987,4432.16405,4429.97953,4430.05647
2026-09-04 21:00:00+00:00,4430.11359,4430.40399,4428.89411,4428.92467
2026-09-04 21:05:00+00:00,4428.99073,4429.07342,4428.89411,4428.90671
2026-09-04 21:10:00+00:00,4428.94171,4429.14588,4428.87995,4429.03085
2026-09-04 21:15:00+00:00,4428.94766,4429.11463,4428.89411,4429.01646
2026-09-04 21:20:00+00:00,4428.94069,4429.13583,4428.87878,4428.90521
2026-09-04 21:25:00+00:00,4428.94448,4429.08236,4428.89411,4428.9083
2026-09-04 21:30:00+00:00,4428.94165,4429.14441,4428.87911,4429.03257
2026-09-04 21:35:00+00:00,4428.94575,4429.12003,4428.89411,4429.01394
2026-09-04 21:40:00+00:00,4428.94248,4429.13962,4428.88272,4428.90545
2026-09-04 21:45:00+00:00,4428.94837,4429.09353,4428.89411,4428.91133
2026-09-04 21:50:00+00:00,4428.94531,4429.1419,4428.87793,4429.03378
2026-09-04 21:55:00+00:00,4428.94348,4429.12245,4428.89411,4429.00654
2026-09-04 22:00:00+00:00,4428.94118,4429.12887,4428.86829,4428.90741
2026-09-04 22:05:00+00:00,4428.93299,4429.09004,4428.87953,4428.992
2026-09-04 22:10:00+00:00,4428.93692,4429.14019,4428.87392,4429.03656
2026-09-04 22:15:00+00:00,4428.94385,4429.12998,4428.89411,4428.99944
2026-09-04 22:20:00+00:00,4428.9389,4429.14003,4428.87637,4428.90006
2026-09-04 22:25:00+00:00,4428.93958,4429.10266,4428.88888,4428.98828
2026-09-04 22:30:00+00:00,4428.93376,4429.13346,4428.867,4429.03501
2026-09-04 22:35:00+00:00,4428.94033,4429.13081,4428.89411,4428.99851
2026-09-04 22:40:00+00:00,4428.93296,4429.1346,4428.87958,4428.89931
2026-09-04 22:45:00+00:00,4428.93847,4429.11034,4428.87873,4428.98259
2026-09-04 22:50:00+00:00,4428.93366,4429.1319,4428.87294,4429.0386
2026-09-04 22:55:00+00:00,4428.94156,4429.13799,4428.89405,4429.00835
2026-09-04 23:00:00+00:00,4428.93903,4429.13796,4428.88553,4428.8995
2026-09-04 23:05:00+00:00,4428.9408,4429.12034,4428.87979,4428.98201
2026-09-04 23:10:00+00:00,4428.93937,4429.12507,4428.86817,4429.03796
2026-09-04 23:15:00+00:00,4428.94038,4429.13671,4428.88199,4429.00972
2026-09-04 23:20:00+00:00,4428.93316,4429.13044,4428.88893,4428.89844
2026-09-04 23:25:00+00:00,4428.93805,4429.12015,4428.87377,4428.97357
2026-09-04 23:30:00+00:00,4428.93542,4429.12352,4428.87411,4429.04258
2026-09-04 23:35:00+00:00,4428.94432,4429.14005,4428.88105,4429.0175
2026-09-04 23:40:00+00:00,4428.93721,4429.12962,4428.89049,4428.89691
2026-09-04 23:45:00+00:00,4428.9353,4429.12661,4428.87287,4428.96823
2026-09-04 23:50:00+00:00,4428.93532,4429.11946,4428.87712,4429.04475
2026-09-04 23:55:00+00:00,4428.94667,4429.14048,4428.8829,4429.02697
2026-09-05 00:00:00+00:00,4428.94315,4429.13424,4428.89411,4428.91196
2026-09-05 00:05:00+00:00,4428.94471,4429.12444,4428.86704,4428.96751
2026-09-05 00:10:00+00:00,4428.9293,4429.10777,4428.87943,4429.04052
2026-09-05 00:15:00+00:00,4428.94235,4429.13985,4428.87201,4429.02725
2026-09-05 00:20:00+00:00,4428.93543,4429.12751,4428.89411,4428.89917
2026-09-05 00:25:00+00:00,4428.94118,4429.14035,4428.8799,4428.98656
2026-09-05 00:30:00+00:00,4428.94308,4429.10649,4428.89197,4429.04567
2026-09-05 00:35:00+00:00,4428.94784,4429.14231,4428.87789,4429.03866
2026-09-05 00:40:00+00:00,4428.94518,4429.12814,4428.89411,4428.90089
2026-09-05 00:45:00+00:00,4428.94549,4429.14383,4428.88575,4428.99231
2026-09-05 00:50:00+00:00,4428.94305,4429.09991,4428.89411,4429.04637
2026-09-05 00:55:00+00:00,4428.94979,4429.14175,4428.88274,4429.04558
2026-09-05 01:00:00+00:00,4428.94903,4429.12402,4428.91887,4428.91887
2026-09-05 01:05:00+00:00,4428.94903,4429.14833,4428.88872,4429.00358
2026-09-05 01:10:00+00:00,4428.94903,4429.09074,4428.91824,4429.04485
2026-09-05 01:15:00+00:00,4428.94755,4429.14656,4428.88463,4429.04977
2026-09-05 01:20:00+00:00,4428.94903,4429.11683,4428.92088,4428.92088
2026-09-05 01:25:00+00:00,4428.94903,4429.14787,4428.88598,4429.0034
2026-09-05 01:30:00+00:00,4428.94298,4429.08538,4428.89411,4429.04618
2026-09-05 01:35:00+00:00,4428.95472,4429.1424,4428.8759,4428.91036
2026-09-05 01:40:00+00:00,4428.93761,4429.10026,4428.89411,4428.90169
2026-09-05 01:45:00+00:00,4428.94118,4429.1404,4428.87983,4429.0105
2026-09-05 01:50:00+00:00,4428.94491,4429.07982,4428.89411,4429.03761
2026-09-05 01:55:00+00:00,4428.94741,4429.14584,4428.88182,4428.91071
2026-09-05 02:00:00+00:00,4428.94335,4429.09778,4428.89411,4428.90403
2026-09-05 02:05:00+00:00,4428.94543,4429.13993,4428.88077,4429.01365
2026-09-05 02:10:00+00:00,4428.94292,4429.08809,4428.89411,4429.03654
2026-09-05 02:15:00+00:00,4428.94903,4429.14833,4428.88871,4428.94277
2026-09-05 02:20:00+00:00,4428.94903,4429.08425,4428.89411,4428.92405
2026-09-05 02:25:00+00:00,4428.94314,4429.13427,4428.8788,4429.01288
2026-09-05 02:30:00+00:00,4428.93726,4429.09243,4428.89411,4429.01657
2026-09-05 02:35:00+00:00,4428.93334,4429.13989,4428.87791,4428.92997
2026-09-05 02:40:00+00:00,4428.94118,4429.07229,4428.89411,4428.90596
2026-09-05 02:45:00+00:00,4428.94286,4429.1386,4428.87018,4429.02124
2026-09-05 02:50:00+00:00,4428.94201,4429.09542,4428.89411,4429.01476
2026-09-05 02:55:00+00:00,4428.93475,4429.14232,4428.87791,4428.90591
2026-09-05 03:00:00+00:00,4428.94314,4429.07413,4428.89411,4428.90808
2026-09-05 03:05:00+00:00,4428.94484,4429.14191,4428.88192,4429.02676
2026-09-05 03:10:00+00:00,4428.94285,4429.11038,4428.89411,4429.02038
2026-09-05 03:15:00+00:00,4428.94535,4429.13974,4428.87685,4428.90461
2026-09-05 03:20:00+00:00,4428.94345,4429.0898,4428.89411,4428.90978
2026-09-05 03:25:00+00:00,4428.94417,4429.14049,4428.88098,4429.02857
2026-09-05 03:30:00+00:00,4428.94118,4429.11008,4428.89411,4429.01154
2026-09-05 03:35:00+00:00,4428.9414,4429.13794,4428.87293,4428.90201
2026-09-05 03:40:00+00:00,4428.93988,4429.09591,4428.89411,4429.00615
2026-09-05 03:45:00+00:00,4428.94469,4429.13999,4428.88185,4429.03162
2026-09-05 03:50:00+00:00,4428.94051,4429.12207,4428.89411,4429.01057
2026-09-05 03:55:00+00:00,4428.94549,4429.14238,4428.87588,4428.90168
2026-09-05 04:00:00+00:00,4428.94187,4429.10464,4428.89029,4429.00047
2026-09-05 04:05:00+00:00,4428.94475,4429.13252,4428.8699,4429.02877
2026-09-05 04:10:00+00:00,4428.9353,4429.12421,4428.89411,4429.00103
2026-09-05 04:15:00+00:00,4428.94165,4429.14005,4428.87216,4428.8987
2026-09-05 04:20:00+00:00,4428.93638,4429.11265,4428.88504,4428.99599
2026-09-05 04:25:00+00:00,4428.94496,4429.13786,4428.8788,4429.03863
2026-09-05 04:30:00+00:00,4428.94278,4429.13215,4428.89411,4429.00281
2026-09-05 04:35:00+00:00,4428.94536,4429.14441,4428.88099,4428.90008
2026-09-05 04:40:00+00:00,4428.94193,4429.11986,4428.88115,4428.98908
2026-09-05 04:45:00+00:00,4428.94488,4429.14037,4428.88269,4429.04625
2026-09-05 04:50:00+00:00,4428.94903,4429.14543,4428.89411,4429.01662
2026-09-05 04:55:00+00:00,4428.95099,4429.14987,4428.89454,4428.91951
2026-09-05 05:00:00+00:00,4428.95099,4429.13145,4428.88803,4428.99217
2026-09-05 05:05:00+00:00,4428.95099,4429.12989,4428.87984,4429.04173
2026-09-05 05:10:00+00:00,4428.94276,4429.14228,4428.89411,4429.01536
2026-09-05 05:15:00+00:00,4428.94517,4429.14841,4428.89411,4428.90262
2026-09-05 05:20:00+00:00,4428.95099,4429.13344,4428.87999,4428.98286
2026-09-05 05:25:00+00:00,4428.9452,4429.13242,4428.88756,4429.05033
2026-09-05 05:30:00+00:00,4428.95099,4429.14967,4428.89538,4429.02765
2026-09-05 05:35:00+00:00,4428.95099,4429.13984,4428.89411,4428.90036
2026-09-05 05:40:00+00:00,4428.9451,4429.1398,4428.88274,4428.98036
2026-09-05 05:45:00+00:00,4428.94903,4429.12413,4428.88866,4429.04868
2026-09-05 05:50:00+00:00,4428.94903,4429.14833,4428.88525,4429.0266
2026-09-05 05:55:00+00:00,4428.94705,4429.1362,4428.89411,4428.90998
2026-09-05 06:00:00+00:00,4428.94354,4429.13974,4428.87683,4428.98465
2026-09-05 06:05:00+00:00,4428.94712,4429.10485,4428.88542,4429.03664
2026-09-05 06:10:00+00:00,4428.93648,4429.14584,4428.884,4429.03298
2026-09-05 06:15:00+00:00,4428.94702,4429.13579,4428.89411,4428.9012
2026-09-05 06:20:00+00:00,4428.94746,4429.1461,4428.88365,4428.99232
2026-09-05 06:25:00+00:00,4428.94915,4429.10507,4428.89411,4429.04377
2026-09-05 06:30:00+00:00,4428.94472,4429.14048,4428.87985,4429.03725
2026-09-05 06:35:00+00:00,4428.9451,4429.12616,4428.89411,4428.9002
2026-09-05 06:40:00+00:00,4428.94353,4429.14388,4428.87987,4428.99466
2026-09-05 06:45:00+00:00,4428.94549,4429.09401,4428.89411,4429.04051
2026-09-05 06:50:00+00:00,4428.94276,4429.13789,4428.87881,4429.04044
2026-09-05 06:55:00+00:00,4428.94499,4429.11978,4428.89411,4428.90073
2026-09-05 07:00:00+00:00,4428.94352,4429.14441,4428.88292,4428.99979
2026-09-05 07:05:00+00:00,4428.9451,4429.0868,4428.89411,4429.04075
2026-09-05 07:10:00+00:00,4428.94474,4429.13952,4428.8827,4429.04518
2026-09-05 07:15:00+00:00,4428.94678,4429.11256,4428.89411,4428.90144
2026-09-05 07:20:00+00:00,4428.94351,4429.1439,4428.88003,4429.00537
2026-09-05 07:25:00+00:00,4428.94526,4429.07465,4428.89411,4429.03648
2026-09-05 07:30:00+00:00,4428.94279,4429.1403,4428.87982,4429.04844
2026-09-05 07:35:00+00:00,4428.94493,4429.10455,4428.89411,4428.90231
2026-09-05 07:40:00+00:00,4428.94349,4429.14236,4428.87793,4429.01063
2026-09-05 07:45:00+00:00,4428.9453,4429.07615,4428.89411,4429.03375
2026-09-05 07:50:00+00:00,4428.9428,4429.14385,4428.88188,4429.05246
2026-09-05 07:55:00+00:00,4428.94666,4429.09797,4428.89411,4428.9224
2026-09-05 08:00:00+00:00,4428.94544,4429.14182,4428.87687,4429.01562
2026-09-05 08:05:00+00:00,4428.94533,4429.08614,4428.89411,4429.03661
2026-09-05 08:10:00+00:00,4428.94903,4429.14833,4428.88863,4428.94266
2026-09-05 08:15:00+00:00,4428.94856,4429.09098,4428.89411,4428.92962
2026-09-05 08:20:00+00:00,4428.94903,4429.1416,4428.87877,4429.02229
2026-09-05 08:25:00+00:00,4428.94756,4429.09556,4428.89411,4429.02697
2026-09-05 08:30:00+00:00,4428.94284,4429.14789,4428.88605,4428.9383
2026-09-05 08:35:00+00:00,4428.94903,4429.07642,4428.89411,4428.90587
2026-09-05 08:40:00+00:00,4428.94343,4429.1423,4428.87782,4429.02471
2026-09-05 08:45:00+00:00,4428.94538,4429.10432,4428.89411,4429.02904
2026-09-05 08:50:00+00:00,4428.94903,4429.1425,4428.88186,4428.90741
2026-09-05 08:55:00+00:00,4428.94735,4429.07934,4428.89411,4428.90798
2026-09-05 09:00:00+00:00,4428.94537,4429.14772,4428.88562,4429.03257
2026-09-05 09:05:00+00:00,4428.94962,4429.11414,4428.89411,4429.02067
2026-09-05 09:10:00+00:00,4428.94485,4429.13798,4428.87881,4428.90529
2026-09-05 09:15:00+00:00,4428.9448,4429.08393,4428.89411,4428.90892
2026-09-05 09:20:00+00:00,4428.94338,4429.14637,4428.88477,4429.03424
2026-09-05 09:25:00+00:00,4428.94739,4429.12141,4428.89411,4429.01599
2026-09-05 09:30:00+00:00,4428.94488,4429.13956,4428.88074,4428.90481
2026-09-05 09:35:00+00:00,4428.94674,4429.09512,4428.89411,4428.91126
2026-09-05 09:40:00+00:00,4428.94531,4429.14589,4428.88207,4429.03745
2026-09-05 09:45:00+00:00,4428.9474,4429.12783,4428.89411,4429.01101
2026-09-05 09:50:00+00:00,4428.94491,4429.1422,4428.88174,4428.90376
2026-09-05 09:55:00+00:00,4428.94672,4429.10391,4428.89411,4429.00429
2026-09-05 10:00:00+00:00,4428.94528,4429.14438,4428.87994,4429.04021
2026-09-05 10:05:00+00:00,4428.94742,4429.13336,4428.89411,4429.00578
2026-09-05 10:10:00+00:00,4428.94494,4429.14382,4428.88376,4428.90287
2026-09-05 10:15:00+00:00,4428.94671,4429.11198,4428.89123,4428.99649
2026-09-05 10:20:00+00:00,4428.94329,4429.13765,4428.87685,4429.03863
2026-09-05 10:25:00+00:00,4428.94314,4429.13609,4428.89411,4429.00063
2026-09-05 10:30:00+00:00,4428.937,4429.14833,4428.88868,4428.90287
2026-09-05 10:35:00+00:00,4428.94903,4429.12304,4428.88924,4428.99792
2026-09-05 10:40:00+00:00,4428.95099,4429.13831,4428.87877,4429.04432
2026-09-05 10:45:00+00:00,4428.94744,4429.14158,4428.89411,4429.01231
2026-09-05 10:50:00+00:00,4428.94501,4429.14396,4428.89083,4428.90161
2026-09-05 10:55:00+00:00,4428.94668,4429.12571,4428.88399,4428.98726
2026-09-05 11:00:00+00:00,4428.94518,4429.1338,4428.87974,4429.04563
2026-09-05 11:05:00+00:00,4428.94745,4429.1442,4428.89251,4429.01605
2026-09-05 11:10:00+00:00,4428.94308,4429.14047,4428.89397,4428.90054
2026-09-05 11:15:00+00:00,4428.94472,4429.12942,4428.87988,4428.97967
2026-09-05 11:20:00+00:00,4428.94319,4429.13058,4428.88756,4429.04836
2026-09-05 11:25:00+00:00,4428.94864,4429.14965,4428.89411,4429.02754
2026-09-05 11:30:00+00:00,4428.95099,4429.14598,4428.90522,4428.91787
2026-09-05 11:35:00+00:00,4428.95099,4429.14159,4428.88475,4428.98207
2026-09-05 11:40:00+00:00,4428.95099,4429.12638,4428.89047,4429.05064
2026-09-05 11:45:00+00:00,4428.95099,4429.15029,4428.8913,4429.03283
2026-09-05 11:50:00+00:00,4428.95099,4429.14252,4428.91194,4428.91781
2026-09-05 11:55:00+00:00,4428.95099,4429.14528,4428.88463,4428.98794
2026-09-05 12:00:00+00:00,4428.95099,4429.11924,4428.89443,4429.05044
2026-09-05 12:05:00+00:00,4428.95099,4429.14989,4428.8881,4429.0379
2026-09-05 12:10:00+00:00,4428.95099,4429.13808,4428.91827,4428.91827
2026-09-05 12:15:00+00:00,4428.95099,4429.14797,4428.88555,4428.99378
2026-09-05 12:20:00+00:00,4428.95099,4429.11131,4428.89935,4429.04972
2026-09-05 12:25:00+00:00,4428.95099,4429.14845,4428.88591,4429.04273
2026-09-05 12:30:00+00:00,4428.95099,4429.13269,4428.91924,4428.91924
2026-09-05 12:35:00+00:00,4428.95099,4429.14965,4428.8875,4428.99954
2026-09-05 12:40:00+00:00,4428.95099,4429.10264,4428.90519,4429.04849
2026-09-05 12:45:00+00:00,4428.95099,4429.146,4428.88475,4429.04726
2026-09-05 12:50:00+00:00,4428.95099,4429.12641,4428.92073,4428.92073
2026-09-05 12:55:00+00:00,4428.95099,4429.15029,4428.89046,4429.00519
2026-09-05 13:00:00+00:00,4428.95099,4429.09331,4428.91191,4429.04676
2026-09-05 13:05:00+00:00,4428.95099,4429.14526,4428.88463,4429.05147
2026-09-05 13:10:00+00:00,4428.95099,4429.11927,4428.9227,4428.9227
2026-09-05 13:15:00+00:00,4428.95099,4429.14989,4428.88811,4429.01067
2026-09-05 13:20:00+00:00,4428.95099,4429.08338,4428.91945,4429.04454
2026-09-05 13:25:00+00:00,4428.95099,4429.14796,4428.88554,4429.05533
2026-09-05 13:30:00+00:00,4428.95099,4429.11134,4428.92516,4428.92516
2026-09-05 13:35:00+00:00,4428.95099,4429.14846,4428.88592,4429.01595
2026-09-05 13:40:00+00:00,4428.95099,4429.08091,4428.92775,4429.04185
2026-09-05 13:45:00+00:00,4428.95099,4429.14964,4428.88749,4428.94992
2026-09-05 13:50:00+00:00,4428.95099,4429.10268,4428.92808,4428.92808
2026-09-05 13:55:00+00:00,4428.95099,4429.14601,4428.88476,4429.02098
2026-09-05 14:00:00+00:00,4428.95099,4429.09096,4428.93676,4429.03871
2026-09-05 14:05:00+00:00,4428.95099,4429.15029,4428.89045,4428.94503
2026-09-05 14:10:00+00:00,4428.95099,4429.09335,4428.93143,4428.93143
2026-09-05 14:15:00+00:00,4428.95099,4429.14525,4428.88463,4429.02572
2026-09-05 14:20:00+00:00,4428.95099,4429.10045,4428.94639,4429.03515
2026-09-05 14:25:00+00:00,4428.95099,4429.1499,4428.88812,4428.94044
2026-09-05 14:30:00+00:00,4428.95099,4429.08343,4428.9299,4428.9352
2026-09-05 14:35:00+00:00,4428.95099,4429.14795,4428.88554,4429.03013
2026-09-05 14:40:00+00:00,4428.95099,4429.10928,4428.95099,4429.03118
2026-09-05 14:45:00+00:00,4428.95099,4429.14847,4428.88593,4428.9362
2026-09-05 14:50:00+00:00,4428.95099,4429.08087,4428.92142,4428.93935
2026-09-05 14:55:00+00:00,4428.95099,4429.14964,4428.88748,4429.03419
2026-09-05 15:00:00+00:00,4428.95099,4429.1174,4428.94889,4429.02685
2026-09-05 15:05:00+00:00,4428.95099,4429.14602,4428.88476,4428.93234
2026-09-05 15:10:00+00:00,4428.95099,4429.09092,4428.91368,4428.94385
2026-09-05 15:15:00+00:00,4428.95099,4429.15029,4428.89043,4429.03786
2026-09-05 15:20:00+00:00,4428.95099,4429.12473,4428.93911,4429.02219
2026-09-05 15:25:00+00:00,4428.95099,4429.14524,4428.88463,4428.92887
2026-09-05 15:30:00+00:00,4428.95099,4429.10041,4428.90676,4428.94867
2026-09-05 15:35:00+00:00,4428.95099,4429.1499,4428.88813,4429.04111
2026-09-05 15:40:00+00:00,4428.95099,4429.13123,4428.92994,4429.01723
2026-09-05 15:45:00+00:00,4428.95099,4429.14794,4428.88553,4428.92584
2026-09-05 15:50:00+00:00,4428.95099,4429.10925,4428.9007,4429.00943
2026-09-05 15:55:00+00:00,4428.95099,4429.14848,4428.88593,4429.04391
2026-09-05 16:00:00+00:00,4428.95099,4429.13684,4428.92145,4429.01201
2026-09-05 16:05:00+00:00,4428.95099,4429.14963,4428.88747,4428.92327
2026-09-05 16:10:00+00:00,4428.95099,4429.11737,4428.89555,4429.00373
2026-09-05 16:15:00+00:00,4428.95099,4429.14603,4428.88476,4429.04625
2026-09-05 16:20:00+00:00,4428.95099,4429.14152,4428.91371,4429.01072
2026-09-05 16:25:00+00:00,4428.95099,4429.15029,4428.89042,4428.92117
2026-09-05 16:30:00+00:00,4428.95099,4429.1247,4428.89136,4428.99804
2026-09-05 16:35:00+00:00,4428.95099,4429.14258,4428.88463,4429.04811
2026-09-05 16:40:00+00:00,4428.95099,4429.14523,4428.90679,4429.01639
2026-09-05 16:45:00+00:00,4428.95099,4429.1499,4428.89436,4428.91957
2026-09-05 16:50:00+00:00,4428.95099,4429.13121,4428.88814,4428.9924
2026-09-05 16:55:00+00:00,4428.95099,4429.13816,4428.88553,4429.04946
2026-09-05 17:00:00+00:00,4428.95099,4429.14794,4428.90072,4429.02198
2026-09-05 17:05:00+00:00,4428.95099,4429.14849,4428.89926,4428.91847
2026-09-05 17:10:00+00:00,4428.95099,4429.13682,4428.88594,4428.98687
2026-09-05 17:15:00+00:00,4428.95099,4429.13279,4428.88746,4429.05031
2026-09-05 17:20:00+00:00,4428.95099,4429.14963,4428.89557,4429.02743
2026-09-05 17:25:00+00:00,4428.95099,4429.14604,4428.90509,4428.91788
2026-09-05 17:30:00+00:00,4428.95099,4429.1415,4428.88476,4428.98195
2026-09-05 17:35:00+00:00,4428.95099,4429.12652,4428.8904,4429.05064
2026-09-05 17:40:00+00:00,4428.95099,4429.15029,4428.89137,4429.03272
2026-09-05 17:45:00+00:00,4428.95099,4429.1426,4428.91179,4428.91781
2026-09-05 17:50:00+00:00,4428.95099,4429.14521,4428.88462,4428.98782
2026-09-05 17:55:00+00:00,4428.95099,4429.1194,4428.89434,4429.05045
2026-09-05 18:00:00+00:00,4428.95099,4429.14991,4428.88815,4429.0378
2026-09-05 18:05:00+00:00,4428.95099,4429.13818,4428.91826,4428.91826
2026-09-05 18:10:00+00:00,4428.95099,4429.14793,4428.88552,4428.99366
2026-09-05 18:15:00+00:00,4428.95099,4429.11148,4428.89924,4429.04974
2026-09-05 18:20:00+00:00,4428.95099,4429.14849,4428.88595,4429.04263
2026-09-05 18:25:00+00:00,4428.95099,4429.13281,4428.91922,4428.91922
2026-09-05 18:30:00+00:00,4428.95099,4429.14962,4428.88745,4428.99943
2026-09-05 18:35:00+00:00,4428.95099,4429.10283,4428.90506,4429.04852
2026-09-05 18:40:00+00:00,4428.95099,4429.14606,4428.88477,4429.04717
2026-09-05 18:45:00+00:00,4428.95099,4429.12655,4428.92069,4428.92069
2026-09-05 18:50:00+00:00,4428.95099,4429.15028,4428.89039,4429.00508
2026-09-05 18:55:00+00:00,4428.95099,4429.09351,4428.91176,4429.0468
2026-09-05 19:00:00+00:00,4428.95099,4429.1452,4428.88462,4429.05139
2026-09-05 19:05:00+00:00,4428.95099,4429.11943,4428.92266,4428.92266
2026-09-05 19:10:00+00:00,4428.95099,4429.14991,4428.88817,4429.01056
2026-09-05 19:15:00+00:00,4428.95099,4429.08359,4428.91928,4429.04459
2026-09-05 19:20:00+00:00,4428.95099,4429.14792,4428.88552,4429.05525
2026-09-05 19:25:00+00:00,4428.95099,4429.11151,4428.9251,4428.9251
2026-09-05 19:30:00+00:00,4428.95099,4429.1485,4428.88595,4429.01584
2026-09-05 19:35:00+00:00,4428.95099,4429.0807,4428.92757,4429.04191
2026-09-05 19:40:00+00:00,4428.95099,4429.14962,4428.88744,4428.95002
2026-09-05 19:45:00+00:00,4428.95099,4429.10286,4428.92801,4428.92801
2026-09-05 19:50:00+00:00,4428.95099,4429.14607,4428.88477,4429.02088
2026-09-05 19:55:00+00:00,4428.95099,4429.09076,4428.93657,4429.03878
2026-09-05 20:00:00+00:00,4428.95099,4429.15028,4428.89038,4428.94513
2026-09-05 20:05:00+00:00,4428.95099,4429.09355,4428.93136,4428.93136
2026-09-05 20:10:00+00:00,4428.95099,4429.14519,4428.88462,4429.02562
2026-09-05 20:15:00+00:00,4428.95099,4429.10026,4428.94619,4429.03522
2026-09-05 20:20:00+00:00,4428.95099,4429.14991,4428.88818,4428.94054
2026-09-05 20:25:00+00:00,4428.95099,4429.08363,4428.93008,4428.93512
2026-09-05 20:30:00+00:00,4428.95099,4429.14791,4428.88551,4429.03005
2026-09-05 20:35:00+00:00,4428.95099,4429.10911,4428.95099,4429.03127
2026-09-05 20:40:00+00:00,4428.95099,4429.14851,4428.88596,4428.93629
2026-09-05 20:45:00+00:00,4428.95099,4429.08065,4428.92158,4428.93926
2026-09-05 20:50:00+00:00,4428.95099,4429.14961,4428.88743,4429.03411
2026-09-05 20:55:00+00:00,4428.95099,4429.11724,4428.94909,4429.02694
2026-09-05 21:00:00+00:00,4428.95099,4429.14608,4428.88477,4428.93241
2026-09-05 21:05:00+00:00,4428.95099,4429.09072,4428.91383,4428.94376
2026-09-05 21:10:00+00:00,4428.95099,4429.15028,4428.89036,4429.03779
2026-09-05 21:15:00+00:00,4428.95099,4429.12459,4428.9393,4429.02229
2026-09-05 21:20:00+00:00,4428.95099,4429.14517,4428.88462,4428.92894
2026-09-05 21:25:00+00:00,4428.95099,4429.10022,4428.90689,4428.94857
2026-09-05 21:30:00+00:00,4428.95099,4429.14992,4428.88819,4429.04105
2026-09-05 21:35:00+00:00,4428.95099,4429.13111,4428.93012,4429.01733
2026-09-05 21:40:00+00:00,4428.95099,4429.1479,4428.8855,4428.9259
2026-09-05 21:45:00+00:00,4428.95099,4429.10907,4428.90082,4429.00955
2026-09-05 21:50:00+00:00,4428.95099,4429.14852,4428.88597,4429.04386
2026-09-05 21:55:00+00:00,4428.95099,4429.13673,4428.92162,4429.01212
2026-09-05 22:00:00+00:00,4428.95099,4429.14961,4428.88742,4428.92332
2026-09-05 22:05:00+00:00,4428.95099,4429.11721,4428.89565,4429.00385
2026-09-05 22:10:00+00:00,4428.95099,4429.14609,4428.88478,4429.04621
2026-09-05 22:15:00+00:00,4428.95099,4429.14143,4428.91386,4429.0106
2026-09-05 22:20:00+00:00,4428.95099,4429.15028,4428.89035,4428.92121
2026-09-05 22:25:00+00:00,4428.95099,4429.12456,4428.89143,4428.99815
2026-09-05 22:30:00+00:00,4428.95099,4429.14266,4428.88462,4429.04807
2026-09-05 22:35:00+00:00,4428.95099,4429.14516,4428.90692,4429.01627
2026-09-05 22:40:00+00:00,4428.95099,4429.14992,4428.89427,4428.91959
2026-09-05 22:45:00+00:00,4428.95099,4429.13108,4428.8882,4428.99252
2026-09-05 22:50:00+00:00,4428.95099,4429.13826,4428.8855,4429.04944
2026-09-05 22:55:00+00:00,4428.95099,4429.14789,4428.90084,4429.02186
2026-09-05 23:00:00+00:00,4428.95099,4429.14852,4428.89915,4428.91848
2026-09-05 23:05:00+00:00,4428.95099,4429.13671,4428.88598,4428.98699
2026-09-05 23:10:00+00:00,4428.95099,4429.13291,4428.88741,4429.05029
2026-09-05 23:15:00+00:00,4428.95099,4429.1496,4428.89567,4429.02732
2026-09-05 23:20:00+00:00,4428.95099,4429.1461,4428.90496,4428.91788
2026-09-05 23:25:00+00:00,4428.95099,4429.14141,4428.88478,4428.98183
2026-09-05 23:30:00+00:00,4428.95099,4429.12665,4428.89033,4429.05063
2026-09-05 23:35:00+00:00,4428.95099,4429.15028,4428.89145,4429.03261
2026-09-05 23:40:00+00:00,4428.95099,4429.14268,4428.91164,4428.9178
2026-09-05 23:45:00+00:00,4428.95099,4429.14515,4428.88462,4428.9877
2026-09-05 23:50:00+00:00,4428.95099,4429.11955,4428.89425,4429.05046
2026-09-05 23:55:00+00:00,4428.95099,4429.14992,4428.88821,4429.0377
2026-09-06 00:00:00+00:00,4428.95099,4429.13828,4428.91824,4428.91824
2026-09-06 00:05:00+00:00,4428.95099,4429.14788,4428.88549,4428.99354
2026-09-06 00:10:00+00:00,4428.95099,4429.11165,4428.89913,4429.04976
2026-09-06 00:15:00+00:00,4428.95099,4429.14853,4428.88598,4429.04254
2026-09-06 00:20:00+00:00,4428.95099,4429.13293,4428.91919,4428.91919
2026-09-06 00:25:00+00:00,4428.95099,4429.1496,4428.8874,4428.99931
2026-09-06 00:30:00+00:00,4428.95099,4429.10301,4428.90493,4429.04855
2026-09-06 00:35:00+00:00,4428.95099,4429.14612,4428.88478,4429.04708
2026-09-06 00:40:00+00:00,4428.95099,4429.12668,4428.92065,4428.92065
2026-09-06 00:45:00+00:00,4428.95099,4429.15028,4428.89032,4429.00496
2026-09-06 00:50:00+00:00,4428.95099,4429.0937,4428.91162,4429.04684
2026-09-06 00:55:00+00:00,4428.95099,4429.14513,4428.88462,4429.05131
2026-09-06 01:00:00+00:00,4428.95099,4429.11958,4428.92261,4428.92261
2026-09-06 01:05:00+00:00,4428.95099,4429.14993,4428.88822,4429.01045
2026-09-06 01:10:00+00:00,4428.95099,4429.0838,4428.91912,4429.04464
2026-09-06 01:15:00+00:00,4428.95099,4429.14787,4428.88549,4429.05518
2026-09-06 01:20:00+00:00,4428.95099,4429.11168,4428.92505,4428.92505
2026-09-06 01:25:00+00:00,4428.95099,4429.14854,4428.88599,4429.01574
2026-09-06 01:30:00+00:00,4428.95099,4429.08049,4428.9274,4429.04197
2026-09-06 01:35:00+00:00,4428.95099,4429.14959,4428.88739,4428.95012
2026-09-06 01:40:00+00:00,4428.95099,4429.10305,4428.92795,4428.92795
2026-09-06 01:45:00+00:00,4428.95099,4429.14613,4428.88478,4429.02078
2026-09-06 01:50:00+00:00,4428.95099,4429.09056,4428.93638,4429.03885
2026-09-06 01:55:00+00:00,4428.95099,4429.15028,4428.89031,4428.94522
2026-09-06 02:00:00+00:00,4428.95099,4429.09374,4428.93129,4428.93129
2026-09-06 02:05:00+00:00,4428.95099,4429.14512,4428.88461,4429.02553
2026-09-06 02:10:00+00:00,4428.95099,4429.10007,4428.94599,4429.0353
2026-09-06 02:15:00+00:00,4428.95099,4429.14993,4428.88823,4428.94063
2026-09-06 02:20:00+00:00,4428.95099,4429.08384,4428.93026,4428.93504
2026-09-06 02:25:00+00:00,4428.95099,4429.14786,4428.88548,4429.02996
2026-09-06 02:30:00+00:00,4428.95099,4429.10893,4428.95099,4429.03135
2026-09-06 02:35:00+00:00,4428.95099,4429.14855,4428.886,4428.93637
2026-09-06 02:40:00+00:00,4428.95099,4429.08044,4428.92175,4428.93918
2026-09-06 02:45:00+00:00,4428.95099,4429.14959,4428.88738,4429.03403
2026-09-06 02:50:00+00:00,4428.95099,4429.11708,4428.9493,4429.02704
2026-09-06 02:55:00+00:00,4428.95099,4429.14614,4428.88479,4428.93249
2026-09-06 03:00:00+00:00,4428.95099,4429.09052,4428.91398,4428.94366
2026-09-06 03:05:00+00:00,4428.95099,4429.15028,4428.89029,4429.03772
2026-09-06 03:10:00+00:00,4428.95099,4429.12445,4428.93949,4429.02239
2026-09-06 03:15:00+00:00,4428.95099,4429.14511,4428.88461,4428.92901
2026-09-06 03:20:00+00:00,4428.95099,4429.10003,4428.90703,4428.94847
2026-09-06 03:25:00+00:00,4428.95099,4429.14994,4428.88824,4429.04099
2026-09-06 03:30:00+00:00,4428.95099,4429.13098,4428.9303,4429.01744
2026-09-06 03:35:00+00:00,4428.95099,4429.14785,4428.88548,4428.92596
2026-09-06 03:40:00+00:00,4428.95099,4429.1089,4428.90093,4429.00967
2026-09-06 03:45:00+00:00,4428.95099,4429.14856,4428.886,4429.04381
2026-09-06 03:50:00+00:00,4428.95099,4429.13663,4428.92178,4429.01223
2026-09-06 03:55:00+00:00,4428.95099,4429.14958,4428.88737,4428.92337
2026-09-06 04:00:00+00:00,4428.95099,4429.11705,4428.89574,4429.00396
2026-09-06 04:05:00+00:00,4428.95099,4429.14615,4428.88479,4429.04617
2026-09-06 04:10:00+00:00,4428.95099,4429.14134,4428.91401,4429.01049
2026-09-06 04:15:00+00:00,4428.95099,4429.15028,4428.89028,4428.92125
2026-09-06 04:20:00+00:00,4428.95099,4429.12442,4428.89151,4428.99827
2026-09-06 04:25:00+00:00,4428.95099,4429.14274,4428.88461,4429.04804
2026-09-06 04:30:00+00:00,4428.95099,4429.14509,4428.90705,4429.01616
2026-09-06 04:35:00+00:00,4428.95099,4429.14994,4428.89418,4428.91962
2026-09-06 04:40:00+00:00,4428.95099,4429.13096,4428.88826,4428.99263
2026-09-06 04:45:00+00:00,4428.95099,4429.13836,4428.88547,4429.04942
2026-09-06 04:50:00+00:00,4428.95099,4429.14784,4428.90095,4429.02175
2026-09-06 04:55:00+00:00,4428.95099,4429.14856,4428.89904,4428.9185
2026-09-06 05:00:00+00:00,4428.95099,4429.13661,4428.88601,4428.9871
2026-09-06 05:05:00+00:00,4428.95099,4429.13303,4428.88736,4429.05028
2026-09-06 05:10:00+00:00,4428.95099,4429.14958,4428.89576,4429.02721
2026-09-06 05:15:00+00:00,4428.95099,4429.14616,4428.90483,4428.91789
2026-09-06 05:20:00+00:00,4428.95099,4429.14133,4428.88479,4428.98172
2026-09-06 05:25:00+00:00,4428.95099,4429.12679,4428.89026,4429.05063
2026-09-06 05:30:00+00:00,4428.95099,4429.15028,4428.89152,4429.03251
2026-09-06 05:35:00+00:00,4428.95099,4429.14276,4428.9115,4428.9178
2026-09-06 05:40:00+00:00,4428.95099,4429.14508,4428.88461,4428.98758
2026-09-06 05:45:00+00:00,4428.95099,4429.1197,4428.89416,4429.05046
2026-09-06 05:50:00+00:00,4428.95099,4429.14994,4428.88827,4429.0376
2026-09-06 05:55:00+00:00,4428.95099,4429.13838,4428.91823,4428.91823
2026-09-06 06:00:00+00:00,4428.95099,4429.14784,4428.88546,4428.99342
2026-09-06 06:05:00+00:00,4428.95099,4429.11182,4428.89902,4429.04978
2026-09-06 06:10:00+00:00,4428.95099,4429.14857,4428.88602,4429.04244
2026-09-06 06:15:00+00:00,4428.95099,4429.13305,4428.91917,4428.91917
2026-09-06 06:20:00+00:00,4428.95099,4429.14957,4428.88735,4428.99919
2026-09-06 06:25:00+00:00,4428.95099,4429.10319,4428.90481,4429.04858
2026-09-06 06:30:00+00:00,4428.95099,4429.14618,4428.8848,4429.04699
2026-09-06 06:35:00+00:00,4428.95099,4429.12682,4428.92062,4428.92062
2026-09-06 06:40:00+00:00,4428.95099,4429.15028,4428.89025,4429.00485
2026-09-06 06:45:00+00:00,4428.95099,4429.0939,4428.91147,4429.04688
2026-09-06 06:50:00+00:00,4428.95099,4429.14507,4428.88461,4429.05123
2026-09-06 06:55:00+00:00,4428.95099,4429.11973,4428.92257,4428.92257
2026-09-06 07:00:00+00:00,4428.95099,4429.14995,4428.88828,4429.01034
2026-09-06 07:05:00+00:00,4428.95099,4429.08401,4428.91896,4429.04469
2026-09-06 07:10:00+00:00,4428.95099,4429.14783,4428.88546,4429.0551
2026-09-06 07:15:00+00:00,4428.95099,4429.11185,4428.92499,4428.92499
2026-09-06 07:20:00+00:00,4428.95099,4429.14858,4428.88603,4429.01563
2026-09-06 07:25:00+00:00,4428.95099,4429.08027,4428.92722,4429.04203
2026-09-06 07:30:00+00:00,4428.95099,4429.14957,4428.88734,4428.95023
2026-09-06 07:35:00+00:00,4428.95099,4429.10323,4428.92789,4428.92789
2026-09-06 07:40:00+00:00,4428.95099,4429.14619,4428.8848,4429.02068
2026-09-06 07:45:00+00:00,4428.95099,4429.09036,4428.93619,4429.03892
2026-09-06 07:50:00+00:00,4428.95099,4429.15028,4428.89024,4428.94532
2026-09-06 07:55:00+00:00,4428.95099,4429.09394,4428.93122,4428.93122
2026-09-06 08:00:00+00:00,4428.95099,4429.14505,4428.88461,4429.02544
2026-09-06 08:05:00+00:00,4428.95099,4429.09988,4428.94578,4429.03538
2026-09-06 08:10:00+00:00,4428.95099,4429.14995,4428.88829,4428.94072
2026-09-06 08:15:00+00:00,4428.95099,4429.08405,4428.93044,4428.93496
2026-09-06 08:20:00+00:00,4428.95099,4429.14782,4428.88545,4429.02987
2026-09-06 08:25:00+00:00,4428.95099,4429.10876,4428.95099,4429.03144
2026-09-06 08:30:00+00:00,4428.95099,4429.14859,4428.88603,4428.93645
2026-09-06 08:35:00+00:00,4428.95099,4429.08023,4428.92192,4428.93909
2026-09-06 08:40:00+00:00,4428.95099,4429.14956,4428.88733,4429.03395
2026-09-06 08:45:00+00:00,4428.95099,4429.11692,4428.94951,4429.02713
2026-09-06 08:50:00+00:00,4428.95099,4429.1462,4428.8848,4428.93256
2026-09-06 08:55:00+00:00,4428.95099,4429.09032,4428.91414,4428.94357
2026-09-06 09:00:00+00:00,4428.95099,4429.15028,4428.89022,4429.03765
2026-09-06 09:05:00+00:00,4428.95099,4429.12431,4428.93969,4429.02248
2026-09-06 09:10:00+00:00,4428.95099,4429.14504,4428.88461,4428.92907
2026-09-06 09:15:00+00:00,4428.95099,4429.09984,4428.90716,4428.94837
2026-09-06 09:20:00+00:00,4428.95099,4429.14995,4428.8883,4429.04092
2026-09-06 09:25:00+00:00,4428.95099,4429.13086,4428.93048,4429.01754
2026-09-06 09:30:00+00:00,4428.95099,4429.14781,4428.88545,4428.92602
2026-09-06 09:35:00+00:00,4428.95099,4429.10872,4428.90105,4429.00978
2026-09-06 09:40:00+00:00,4428.95099,4429.14859,4428.88604,4429.04376
2026-09-06 09:45:00+00:00,4428.95099,4429.13652,4428.92195,4429.01234
2026-09-06 09:50:00+00:00,4428.95099,4429.14956,4428.88732,4428.92342
2026-09-06 09:55:00+00:00,4428.95099,4429.11689,4428.89584,4429.00408
2026-09-06 10:00:00+00:00,4428.95099,4429.14621,4428.8848,4429.04612
2026-09-06 10:05:00+00:00,4428.95099,4429.14126,4428.91417,4429.01037
2026-09-06 10:10:00+00:00,4428.95099,4429.15028,4428.89021,4428.92129
2026-09-06 10:15:00+00:00,4428.95099,4429.12428,4428.89159,4428.99839
2026-09-06 10:20:00+00:00,4428.95099,4429.14282,4428.8846,4429.04801
2026-09-06 10:25:00+00:00,4428.95099,4429.14503,4428.90719,4429.01604
2026-09-06 10:30:00+00:00,4428.95099,4429.14996,4428.89409,4428.91965
2026-09-06 10:35:00+00:00,4428.95099,4429.13083,4428.88831,4428.99275
2026-09-06 10:40:00+00:00,4428.95099,4429.13846,4428.88544,4429.04939
2026-09-06 10:45:00+00:00,4428.95099,4429.1478,4428.90107,4429.02163
2026-09-06 10:50:00+00:00,4428.95099,4429.1486,4428.89893,4428.91852
2026-09-06 10:55:00+00:00,4428.95099,4429.1365,4428.88605,4428.98721
2026-09-06 11:00:00+00:00,4428.95099,4429.13314,4428.88731,4429.05027
2026-09-06 11:05:00+00:00,4428.95099,4429.14955,4428.89586,4429.0271
2026-09-06 11:10:00+00:00,4428.95099,4429.14622,4428.9047,4428.9179
2026-09-06 11:15:00+00:00,4428.95099,4429.14124,4428.88481,4428.98182
2026-09-06 11:20:00+00:00,4428.95099,4429.12693,4428.89019,4429.05063
2026-09-06 11:25:00+00:00,4428.95099,4429.15027,4428.8916,4429.0324
2026-09-06 11:30:00+00:00,4428.95099,4429.14284,4428.91135,4428.9178
2026-09-06 11:35:00+00:00,4428.95099,4429.14501,4428.8846,4428.98746
2026-09-06 11:40:00+00:00,4428.95099,4429.11986,4428.89407,4429.05047
2026-09-06 11:45:00+00:00,4428.95099,4429.14996,4428.88832,4429.0375
2026-09-06 11:50:00+00:00,4428.95099,4429.13848,4428.91821,4428.91821
2026-09-06 11:55:00+00:00,4428.95099,4429.14779,4428.88544,4428.9933
2026-09-06 12:00:00+00:00,4428.95099,4429.11199,4428.89891,4429.0498
2026-09-06 12:05:00+00:00,4428.95099,4429.14861,4428.88605,4429.04234
2026-09-06 12:10:00+00:00,4428.95099,4429.13317,4428.91915,4428.91915
2026-09-06 12:15:00+00:00,4428.95099,4429.14955,4428.8873,4428.99908
2026-09-06 12:20:00+00:00,4428.95099,4429.10338,4428.90468,4429.04861
2026-09-06 12:25:00+00:00,4428.95099,4429.14624,4428.88481,4429.0469
2026-09-06 12:30:00+00:00,4428.95099,4429.12695,4428.92059,4428.92059
2026-09-06 12:35:00+00:00,4428.95099,4429.15027,4428.89018,4429.00473
2026-09-06 12:40:00+00:00,4428.95099,4429.0941,4428.91133,4429.04692
2026-09-06 12:45:00+00:00,4428.95099,4429.145,4428.8846,4429.05114
2026-09-06 12:50:00+00:00,4428.95099,4429.11989,4428.92252,4428.92252
2026-09-06 12:55:00+00:00,4428.95099,4429.14996,4428.88833,4429.01023
2026-09-06 13:00:00+00:00,4428.95099,4429.08422,4428.9188,4429.04474
2026-09-06 13:05:00+00:00,4428.95099,4429.14778,4428.88543,4429.05503
2026-09-06 13:10:00+00:00,4428.95099,4429.11202,4428.92494,4428.92494
2026-09-06 13:15:00+00:00,4428.95099,4429.14862,4428.88606,4429.01553
2026-09-06 13:20:00+00:00,4428.95099,4429.08006,4428.92704,4429.04209
2026-09-06 13:25:00+00:00,4428.95099,4429.14954,4428.88729,4428.95033
2026-09-06 13:30:00+00:00,4428.95099,4429.10341,4428.92782,4428.92782
2026-09-06 13:35:00+00:00,4428.95099,4429.14625,4428.88481,4429.02058
2026-09-06 13:40:00+00:00,4428.95099,4429.09016,4428.936,4429.03898
2026-09-06 13:45:00+00:00,4428.95099,4429.15027,4428.89017,4428.94542
2026-09-06 13:50:00+00:00,4428.95099,4429.09414,4428.93114,4428.93114
2026-09-06 13:55:00+00:00,4428.95099,4429.14499,4428.8846,4429.02534
2026-09-06 14:00:00+00:00,4428.95099,4429.09969,4428.94558,4429.03545
2026-09-06 14:05:00+00:00,4428.95099,4429.14997,4428.88835,4428.94081
2026-09-06 14:10:00+00:00,4428.95099,4429.08426,4428.93063,4428.93488
2026-09-06 14:15:00+00:00,4428.95099,4429.14777,4428.88543,4429.02979
2026-09-06 14:20:00+00:00,4428.95099,4429.10858,4428.95099,4429.03152
2026-09-06 14:25:00+00:00,4428.95099,4429.14862,4428.88607,4428.93654
2026-09-06 14:30:00+00:00,4428.95099,4429.08002,4428.92208,4428.939
2026-09-06 14:35:00+00:00,4428.95099,4429.14954,4428.88728,4429.03387
2026-09-06 14:40:00+00:00,4428.95099,4429.11676,4428.94971,4429.02722
2026-09-06 14:45:00+00:00,4428.95099,4429.14626,4428.88482,4428.93264
2026-09-06 14:50:00+00:00,4428.95099,4429.09012,4428.91429,4428.94347
2026-09-06 14:55:00+00:00,4428.95099,4429.15027,4428.89015,4429.03758
2026-09-06 15:00:00+00:00,4428.95099,4429.12416,4428.93988,4429.02258
2026-09-06 15:05:00+00:00,4428.95099,4429.14497,4428.8846,4428.92914
2026-09-06 15:10:00+00:00,4428.95099,4429.09966,4428.90729,4428.94827
2026-09-06 15:15:00+00:00,4428.95099,4429.14997,4428.88836,4429.04086
2026-09-06 15:20:00+00:00,4428.95099,4429.13073,4428.93066,4429.01764
2026-09-06 15:25:00+00:00,4428.95099,4429.14776,4428.88542,4428.92608
2026-09-06 15:30:00+00:00,4428.95099,4429.10855,4428.90116,4429.0099
2026-09-06 15:35:00+00:00,4428.95099,4429.14863,4428.88608,4429.0437
2026-09-06 15:40:00+00:00,4428.95099,4429.13642,4428.92212,4429.01245
2026-09-06 15:45:00+00:00,4428.95099,4429.14953,4428.88727,4428.92346
2026-09-06 15:50:00+00:00,4428.95099,4429.11673,4428.89594,4429.0042
2026-09-06 15:55:00+00:00,4428.95099,4429.14627,4428.88482,4429.04608
2026-09-06 16:00:00+00:00,4428.95099,4429.14117,4428.91432,4429.01025
2026-09-06 16:05:00+00:00,4428.95099,4429.15027,4428.89014,4428.92133
2026-09-06 16:10:00+00:00,4428.95099,4429.12413,4428.89166,4428.9985
2026-09-06 16:15:00+00:00,4428.95099,4429.1429,4428.8846,4429.04797
2026-09-06 16:20:00+00:00,4428.95099,4429.14496,4428.90732,4429.01592
2026-09-06 16:25:00+00:00,4428.95099,4429.14997,4428.894,4428.91968
2026-09-06 16:30:00+00:00,4428.95099,4429.13071,4428.88837,4428.99286
2026-09-06 16:35:00+00:00,4428.95099,4429.13856,4428.88541,4429.04937
2026-09-06 16:40:00+00:00,4428.95099,4429.14775,4428.90119,4429.02152
2026-09-06 16:45:00+00:00,4428.95099,4429.14864,4428.89883,4428.91854
2026-09-06 16:50:00+00:00,4428.95099,4429.13639,4428.88608,4428.98733
2026-09-06 16:55:00+00:00,4428.95099,4429.13326,4428.88726,4429.05026
2026-09-06 17:00:00+00:00,4428.95099,4429.14953,4428.89596,4429.02699
2026-09-06 17:05:00+00:00,4428.95099,4429.14628,4428.90458,4428.91791
2026-09-06 17:10:00+00:00,4428.95099,4429.14115,4428.88482,4428.98193
2026-09-06 17:15:00+00:00,4428.95099,4429.12706,4428.89013,4429.05063
2026-09-06 17:20:00+00:00,4428.95099,4429.15027,4428.89168,4429.03229
2026-09-06 17:25:00+00:00,4428.95099,4429.14292,4428.91121,4428.91779
2026-09-06 17:30:00+00:00,4428.95099,4429.14495,4428.8846,4428.98734
2026-09-06 17:35:00+00:00,4428.95099,4429.12001,4428.89398,4429.05048
2026-09-06 17:40:00+00:00,4428.95099,4429.14998,4428.88838,4429.0374
2026-09-06 17:45:00+00:00,4428.95099,4429.13857,4428.9182,4428.9182
2026-09-06 17:50:00+00:00,4428.95099,4429.14774,4428.88541,4428.99318
2026-09-06 17:55:00+00:00,4428.95099,4429.11215,4428.8988,4429.04982
2026-09-06 18:00:00+00:00,4428.95099,4429.14865,4428.87236,4429.02367
2026-09-06 18:05:00+00:00,4428.93137,4429.11001,4428.89392,4428.89392
2026-09-06 18:10:00+00:00,4428.92625,4429.12626,4428.86628,4428.9751
2026-09-06 18:15:00+00:00,4428.92549,4429.07978,4428.88255,4429.02666
2026-09-06 18:20:00+00:00,4428.92979,4429.12196,4428.86112,4429.02972
2026-09-06 18:25:00+00:00,4428.92789,4429.11262,4428.89411,4428.90002
2026-09-06 18:30:00+00:00,4428.94043,4429.14244,4428.8828,4428.99334
2026-09-06 18:35:00+00:00,4428.93897,4429.08495,4428.89411,4429.03894
2026-09-06 18:40:00+00:00,4428.94314,4429.13752,4428.87285,4429.04191
2026-09-06 18:45:00+00:00,4428.93768,4429.10564,4428.89411,4428.90141
2026-09-06 18:50:00+00:00,4428.94206,4429.13617,4428.88012,4428.99687
2026-09-06 18:55:00+00:00,4428.93679,4429.07522,4428.89411,4429.03656
2026-09-06 19:00:00+00:00,4428.94421,4429.13827,4428.87179,4428.91063
2026-09-06 19:05:00+00:00,4428.9376,4430.07132,4428.80631,4429.32406
2026-09-06 19:10:00+00:00,4429.36195,4429.36195,4428.89411,4429.00596
2026-09-06 19:15:00+00:00,4428.94081,4429.0716,4428.89411,4429.04006
2026-09-06 19:20:00+00:00,4428.94937,4429.14573,4428.87754,4428.91027
2026-09-06 19:25:00+00:00,4428.94158,4429.09319,4428.89411,4428.90395
2026-09-06 19:30:00+00:00,4428.94444,4429.13631,4428.87887,4429.01099
2026-09-06 19:35:00+00:00,4428.94075,4429.08081,4428.89411,4429.0328
2026-09-06 19:40:00+00:00,4428.94575,4429.14244,4428.88059,4428.90852
2026-09-06 19:45:00+00:00,4428.94141,4429.08367,4428.89411,4428.90444
2026-09-06 19:50:00+00:00,4428.94283,4429.13155,4428.87484,4429.01203
2026-09-06 19:55:00+00:00,4428.93677,4429.08679,4428.89411,4429.02906
2026-09-06 20:00:00+00:00,4428.9463,4429.14202,4428.87247,4428.90482
2026-09-06 20:05:00+00:00,4428.93607,4429.07639,4428.89411,4428.90779
2026-09-06 20:10:00+00:00,4428.94816,4429.13615,4428.87774,4429.01831
2026-09-06 20:15:00+00:00,4428.93868,4429.09151,4428.89411,4429.01891
2026-09-06 20:20:00+00:00,4428.94032,4429.13646,4428.86626,4428.90193
2026-09-06 20:25:00+00:00,4428.93251,4429.0716,4428.89411,4428.90731
2026-09-06 20:30:00+00:00,4428.94209,4429.13398,4428.87595,4429.01853
2026-09-06 20:35:00+00:00,4428.93441,4429.09981,4428.89411,4429.0168
2026-09-06 20:40:00+00:00,4428.94168,4429.14011,4428.87498,4428.90407
2026-09-06 20:45:00+00:00,4428.94149,4429.08338,4428.89411,4428.90886
2026-09-06 20:50:00+00:00,4428.94243,4429.14047,4428.88542,4429.02793
2026-09-06 20:55:00+00:00,4428.94055,4429.11468,4428.89411,4429.01202
2026-09-06 21:00:00+00:00,4428.94185,4429.13938,4428.87482,4428.90288
2026-09-06 21:05:00+00:00,4428.94183,4429.08797,4428.88542,4428.94818
2026-09-06 21:10:00+00:00,4428.93233,4429.13605,4428.69796,4429.0274
2026-09-06 21:15:00+00:00,4428.93659,4429.11951,4428.89411,4429.00462
2026-09-06 21:20:00+00:00,4428.94036,4429.12881,4428.8213,4428.8948
2026-09-06 21:25:00+00:00,4428.9233,4429.10995,4428.89411,4428.89752
2026-09-06 21:30:00+00:00,4428.90207,4429.14671,4428.89411,4429.04035
2026-09-06 21:35:00+00:00,4428.94114,4429.13756,4428.89411,4428.99893
2026-09-06 21:40:00+00:00,4428.94901,4429.12487,4428.82859,4428.86365
2026-09-06 21:45:00+00:00,4428.89579,4429.14355,4428.89182,4429.05774
2026-09-06 21:50:00+00:00,4428.95723,4429.29768,4428.95723,4429.18962
2026-09-06 21:55:00+00:00,4429.09409,4429.31448,4429.09026,4429.20258
2026-09-06 22:00:00+00:00,4429.13538,4429.44752,4418.32722,4421.82216
2026-09-06 22:05:00+00:00,4420.9252,4425.75791,4420.9252,4425.45347
2026-09-06 22:10:00+00:00,4424.86112,4429.09026,4424.57681,4428.88689
2026-09-06 22:15:00+00:00,4428.37011,4429.87508,4427.62754,4428.1805
2026-09-06 22:20:00+00:00,4428.30267,4429.55436,4427.43946,4428.20926
2026-09-06 22:25:00+00:00,4428.43105,4429.87508,4428.02941,4429.7178
2026-09-06 22:30:00+00:00,4429.4233,4430.85648,4428.68028,4428.93085
2026-09-06 22:35:00+00:00,4429.35273,4429.56166,4427.91357,4429.42788
2026-09-06 22:40:00+00:00,4429.24724,4431.04113,4428.95823,4430.92226
2026-09-06 22:45:00+00:00,4430.59258,4433.98978,4430.59258,4433.85387
2026-09-06 22:50:00+00:00,4433.41678,4434.89188,4431.83833,4431.89421
2026-09-06 22:55:00+00:00,4431.9992,4432.62411,4429.45356,4429.79502
2026-09-06 23:00:00+00:00,4430.4578,4431.05282,4429.09026,4430.27973
2026-09-06 23:05:00+00:00,4430.43589,4431.40387,4429.87508,4430.99863
2026-09-06 23:10:00+00:00,4430.8531,4430.8531,4429.67885,4429.88698
2026-09-06 23:15:00+00:00,4429.82942,4430.11968,4429.28644,4429.53521
2026-09-06 23:20:00+00:00,4429.49053,4430.02677,4426.51631,4427.6214
2026-09-06 23:25:00+00:00,4427.52742,4427.52742,4425.75791,4426.88121
2026-09-06 23:30:00+00:00,4426.62761,4428.06712,4425.26762,4427.87448
2026-09-06 23:35:00+00:00,4427.40087,4429.87508,4427.40087,4428.8328
2026-09-06 23:40:00+00:00,4428.5373,4429.28644,4424.79922,4428.96748
2026-09-06 23:45:00+00:00,4428.45712,4434.30525,4428.45712,4428.93181
2026-09-06 23:50:00+00:00,4428.95947,4429.0848,4423.01738,4424.5353
2026-09-06 23:55:00+00:00,4424.4191,4424.58298,4420.60461,4423.50511
2026-09-07 00:00:00+00:00,4421.87877,4426.48457,4421.87877,4422.65187
2026-09-07 00:05:00+00:00,4423.43333,4426.25428,4421.25741,4421.56091
2026-09-07 00:10:00+00:00,4422.03798,4427.33356,4421.9915,4425.02775
2026-09-07 00:15:00+00:00,4425.7005,4427.71751,4423.77495,4426.26045
2026-09-07 00:20:00+00:00,4427.24279,4428.30253,4424.77876,4426.2727
2026-09-07 00:25:00+00:00,4426.04544,4426.97929,4423.95897,4424.22606
2026-09-07 00:30:00+00:00,4424.59822,4425.89526,4419.64811,4419.75957
2026-09-07 00:35:00+00:00,4420.05032,4422.17781,4419.10822,4421.20067
2026-09-07 00:40:00+00:00,4419.81006,4424.42683,4419.81006,4424.27936
2026-09-07 00:45:00+00:00,4424.01402,4428.69796,4424.01402,4428.47361
2026-09-07 00:50:00+00:00,4428.0332,4428.0332,4422.65589,4423.11075
2026-09-07 00:55:00+00:00,4424.07471,4424.6534,4412.2838,4412.56108
2026-09-07 01:00:00+00:00,4413.16818,4415.38696,4410.00563,4410.71525
2026-09-07 01:05:00+00:00,4411.41539,4411.89447,4403.81422,4406.25259
2026-09-07 01:10:00+00:00,4406.49438,4410.35059,4395.99086,4396.58668
2026-09-07 01:15:00+00:00,4397.5704,4399.7238,4392.32222,4392.82256
2026-09-07 01:20:00+00:00,4393.68047,4396.18411,4391.3649,4395.88124
2026-09-07 01:25:00+00:00,4395.26626,4403.73437,4393.9073,4403.37526
2026-09-07 01:30:00+00:00,4402.59411,4411.69983,4401.30483,4411.04277
2026-09-07 01:35:00+00:00,4409.77886,4412.55448,4407.4221,4411.81596
2026-09-07 01:40:00+00:00,4409.93643,4413.4522,4409.36549,4410.26509
2026-09-07 01:45:00+00:00,4410.07846,4412.6732,4409.17108,4410.72649
2026-09-07 01:50:00+00:00,4411.05389,4415.78011,4409.75438,4415.41969
2026-09-07 01:55:00+00:00,4414.69393,4415.98587,4410.50981,4410.89689
2026-09-07 02:00:00+00:00,4411.53669,4411.53669,4405.48042,4406.2972
2026-09-07 02:05:00+00:00,4406.09717,4408.19925,4404.28722,4404.53499
2026-09-07 02:10:00+00:00,4404.98975,4406.06274,4403.9283,4404.39847
2026-09-07 02:15:00+00:00,4405.07585,4406.83941,4403.04467,4406.67346
2026-09-07 02:20:00+00:00,4406.20847,4409.00839,4405.62648,4408.77371
2026-09-07 02:25:00+00:00,4408.24368,4409.36549,4408.00494,4408.28966
2026-09-07 02:30:00+00:00,4408.24939,4414.23148,4407.81877,4413.03434
2026-09-07 02:35:00+00:00,4412.42382,4417.93682,4412.42382,4417.53889
2026-09-07 02:40:00+00:00,4416.78746,4418.13201,4414.03664,4414.38143
2026-09-07 02:45:00+00:00,4414.95431,4418.13201,4414.42635,4418.06863
2026-09-07 02:50:00+00:00,4417.98862,4417.98862,4414.4275,4414.6659
2026-09-07 02:55:00+00:00,4414.96461,4414.96461,4408.97668,4409.23463
2026-09-07 03:00:00+00:00,4409.71128,4410.60029,4407.68119,4408.56746
2026-09-07 03:05:00+00:00,4408.26863,4409.36549,4406.06274,4406.14041
2026-09-07 03:10:00+00:00,4406.30784,4408.17978,4405.72372,4408.06417
2026-09-07 03:15:00+00:00,4407.90468,4408.30744,4404.89825,4405.14409
2026-09-07 03:20:00+00:00,4405.31041,4409.55993,4405.31041,4408.97933
2026-09-07 03:25:00+00:00,4409.08388,4409.55993,4408.78229,4409.06757
2026-09-07 03:30:00+00:00,4409.13687,4409.19545,4407.4221,4408.13706
2026-09-07 03:35:00+00:00,4408.00041,4408.19925,4404.51022,4404.84227
2026-09-07 03:40:00+00:00,4405.3997,4405.77682,4402.18348,4402.43984
2026-09-07 03:45:00+00:00,4402.84786,4404.99487,4402.37728,4404.85363
2026-09-07 03:50:00+00:00,4404.60975,4404.60975,4401.9897,4402.08694
2026-09-07 03:55:00+00:00,4402.27553,4403.71625,4402.14229,4403.44643
2026-09-07 04:00:00+00:00,4403.09419,4405.28634,4403.09419,4404.06047
2026-09-07 04:05:00+00:00,4403.96239,4404.69619,4401.9897,4404.2691
2026-09-07 04:10:00+00:00,4403.3289,4406.83941,4403.3289,4406.50925
2026-09-07 04:15:00+00:00,4406.41307,4406.55281,4403.15266,4403.23237
2026-09-07 04:20:00+00:00,4403.41094,4404.18872,4401.02104,4401.32303
2026-09-07 04:25:00+00:00,4401.56438,4402.41903,4400.96752,4402.27527
2026-09-07 04:30:00+00:00,4401.94147,4402.37728,4398.27352,4399.0169
2026-09-07 04:35:00+00:00,4400.63536,4400.63536,4395.57107,4396.36043
2026-09-07 04:40:00+00:00,4396.32531,4397.34564,4395.02483,4397.30078
2026-09-07 04:45:00+00:00,4397.18537,4397.344,4395.98053,4396.27486
2026-09-07 04:50:00+00:00,4396.80111,4397.73077,4395.6044,4396.40738
2026-09-07 04:55:00+00:00,4396.61256,4398.89148,4395.57786,4398.75843
2026-09-07 05:00:00+00:00,4398.51436,4400.66598,4397.35019,4397.97618
2026-09-07 05:05:00+00:00,4399.00928,4403.9283,4399.00928,4401.43613
2026-09-07 05:10:00+00:00,4401.72743,4402.18348,4397.64833,4401.23532
2026-09-07 05:15:00+00:00,4400.74949,4405.2838,4400.74949,4404.96365
2026-09-07 05:20:00+00:00,4404.40327,4405.48042,4402.5711,4403.42192
2026-09-07 05:25:00+00:00,4403.00736,4410.61009,4403.00736,4410.047
2026-09-07 05:30:00+00:00,4408.60223,4412.6732,4405.48042,4405.94669
2026-09-07 05:35:00+00:00,4406.79534,4410.33783,4405.67451,4406.02059
2026-09-07 05:40:00+00:00,4406.6175,4406.89151,4401.79593,4404.62468
2026-09-07 05:45:00+00:00,4404.35375,4405.47294,4402.5711,4403.81172
2026-09-07 05:50:00+00:00,4403.5442,4403.5442,4397.09937,4397.51644
2026-09-07 05:55:00+00:00,4398.15049,4398.15049,4395.41119,4397.73365
2026-09-07 06:00:00+00:00,4397.31829,4397.31829,4388.12719,4392.68562
2026-09-07 06:05:00+00:00,4391.99581,4391.99581,4385.96491,4388.13493
2026-09-07 06:10:00+00:00,4387.46843,4393.67311,4387.46843,4393.22168
2026-09-07 06:15:00+00:00,4392.98444,4395.41119,4392.90107,4395.28734
2026-09-07 06:20:00+00:00,4394.92162,4395.95498,4391.16498,4395.24074
2026-09-07 06:25:00+00:00,4393.48383,4397.344,4393.48383,4394.87121
2026-09-07 06:30:00+00:00,4395.19154,4397.52779,4394.15846,4397.07326
2026-09-07 06:35:00+00:00,4396.34608,4397.92418,4394.44542,4394.581
2026-09-07 06:40:00+00:00,4394.64077,4399.40715,4393.95769,4397.04565
2026-09-07 06:45:00+00:00,4397.55073,4399.08916,4396.76398,4398.8697
2026-09-07 06:50:00+00:00,4398.49339,4398.49339,4396.24289,4396.9812
2026-09-07 06:55:00+00:00,4397.04916,4398.9768,4391.34048,4391.60856
2026-09-07 07:00:00+00:00,4392.16921,4398.70081,4392.16921,4398.15972
2026-09-07 07:05:00+00:00,4397.37947,4401.21474,4397.37947,4399.39806
2026-09-07 07:10:00+00:00,4399.88626,4403.00811,4396.37739,4399.84932
2026-09-07 07:15:00+00:00,4398.54512,4401.19893,4398.09471,4398.21279
2026-09-07 07:20:00+00:00,4398.35256,4401.02104,4396.76398,4396.88093
2026-09-07 07:25:00+00:00,4397.00698,4399.40369,4396.13218,4396.73926
2026-09-07 07:30:00+00:00,4397.73244,4397.73244,4395.41119,4395.80995
2026-09-07 07:35:00+00:00,4395.84476,4399.08499,4394.92523,4396.41295
2026-09-07 07:40:00+00:00,4396.8237,4396.8237,4391.8152,4392.17345
2026-09-07 07:45:00+00:00,4393.02568,4398.42358,4393.02568,4395.80698
2026-09-07 07:50:00+00:00,4396.06507,4401.9897,4396.06507,4401.91963
2026-09-07 07:55:00+00:00,4401.81376,4406.64522,4399.99682,4405.5398
2026-09-07 08:00:00+00:00,4404.62367,4415.98587,4404.62367,4415.54676
2026-09-07 08:05:00+00:00,4414.67233,4414.98564,4410.76918,4413.08312
2026-09-07 08:10:00+00:00,4412.77861,4417.03464,4412.74556,4416.71372
2026-09-07 08:15:00+00:00,4416.15574,4422.38024,4416.15574,4421.65207
2026-09-07 08:20:00+00:00,4420.51395,4423.86613,4418.52245,4420.18542
2026-09-07 08:25:00+00:00,4419.82033,4420.64491,4416.5186,4419.29278
2026-09-07 08:30:00+00:00,4418.90204,4422.62616,4418.8034,4422.53938
2026-09-07 08:35:00+00:00,4422.24892,4422.24892,4417.90141,4418.27015
2026-09-07 08:40:00+00:00,4418.77638,4420.22689,4413.74758,4415.51175
2026-09-07 08:45:00+00:00,4415.13622,4415.79087,4413.84181,4415.0853
2026-09-07 08:50:00+00:00,4414.77015,4415.03932,4410.33783,4412.02858
2026-09-07 08:55:00+00:00,4411.39714,4412.47849,4409.87367,4409.96412
2026-09-07 09:00:00+00:00,4410.32666,4413.3415,4410.32666,4412.36401
2026-09-07 09:05:00+00:00,4412.53287,4412.78214,4411.69983,4412.29313
2026-09-07 09:10:00+00:00,4411.93789,4413.47801,4411.50521,4411.60962
2026-09-07 09:15:00+00:00,4411.72939,4411.80791,4407.37129,4407.79541
2026-09-07 09:20:00+00:00,4408.66735,4408.97668,4406.96028,4408.46136
2026-09-07 09:25:00+00:00,4408.52219,4409.19165,4406.59181,4407.41534
2026-09-07 09:30:00+00:00,4408.95709,4408.95709,4404.51022,4406.28506
2026-09-07 09:35:00+00:00,4405.9469,4408.10954,4405.20769,4407.72137
2026-09-07 09:40:00+00:00,4406.67312,4410.33783,4406.24922,4409.33173
2026-09-07 09:45:00+00:00,4409.14699,4410.10713,4408.99519,4410.01072
2026-09-07 09:50:00+00:00,4409.77011,4410.71127,4408.3905,4408.67695
2026-09-07 09:55:00+00:00,4409.17036,4409.17036,4405.09229,4405.22938
2026-09-07 10:00:00+00:00,4405.50756,4406.12609,4404.89825,4404.95895
2026-09-07 10:05:00+00:00,4405.03413,4405.53694,4402.76494,4403.98763
2026-09-07 10:10:00+00:00,4403.42063,4404.95623,4402.88396,4402.91665
2026-09-07 10:15:00+00:00,4403.03717,4404.13495,4402.80925,4403.97956
2026-09-07 10:20:00+00:00,4403.72898,4404.37679,4398.50451,4399.02603
2026-09-07 10:25:00+00:00,4399.84371,4399.84371,4396.95731,4397.0994
2026-09-07 10:30:00+00:00,4397.31453,4397.31453,4394.09835,4394.50378
2026-09-07 10:35:00+00:00,4395.36074,4395.36074,4392.86141,4394.09552
2026-09-07 10:40:00+00:00,4393.66043,4398.73176,4392.51515,4398.1417
2026-09-07 10:45:00+00:00,4396.9177,4399.66563,4394.78855,4394.94055
2026-09-07 10:50:00+00:00,4395.17399,4395.17399,4393.48008,4393.55177
2026-09-07 10:55:00+00:00,4393.4234,4394.89689,4390.00834,4391.88558
2026-09-07 11:00:00+00:00,4391.79139,4391.9364,4389.81563,4391.09821
2026-09-07 11:05:00+00:00,4390.64869,4393.86616,4390.64869,4391.55601
2026-09-07 11:10:00+00:00,4391.94069,4394.44542,4390.97216,4394.29281
2026-09-07 11:15:00+00:00,4393.97861,4393.97861,4393.07171,4393.10245
2026-09-07 11:20:00+00:00,4393.1288,4395.02483,4389.43025,4389.84644
2026-09-07 11:25:00+00:00,4390.59179,4390.92931,4388.27453,4389.12679
2026-09-07 11:30:00+00:00,4389.39531,4390.607,4383.33511,4383.80812
2026-09-07 11:35:00+00:00,4384.7274,4388.34253,4382.50504,4387.99873
2026-09-07 11:40:00+00:00,4387.34735,4388.46711,4386.92696,4388.23006
2026-09-07 11:45:00+00:00,4388.0566,4392.1293,4385.49509,4392.0105
2026-09-07 11:50:00+00:00,4391.75518,4391.93342,4388.34692,4388.92386
2026-09-07 11:55:00+00:00,4390.21209,4390.21209,4385.77255,4386.32106
2026-09-07 12:00:00+00:00,4386.2099,4390.00834,4383.92165,4387.10667
2026-09-07 12:05:00+00:00,4387.61932,4391.55066,4385.48346,4391.42494
2026-09-07 12:10:00+00:00,4391.13651,4393.09406,4390.39382,4392.5722
2026-09-07 12:15:00+00:00,4392.23521,4392.5941,4391.3207,4392.43593
2026-09-07 12:20:00+00:00,4392.21473,4393.64162,4391.17292,4391.76156
2026-09-07 12:25:00+00:00,4391.92597,4394.58752,4391.92597,4394.50984
2026-09-07 12:30:00+00:00,4394.31607,4396.66523,4394.31607,4396.6196
2026-09-07 12:35:00+00:00,4396.60556,4396.60556,4392.66034,4395.3777
2026-09-07 12:40:00+00:00,4394.86264,4397.73077,4394.86264,4396.31142
2026-09-07 12:45:00+00:00,4396.51573,4397.344,4396.18411,4396.40518
2026-09-07 12:50:00+00:00,4396.68538,4397.92418,4394.83168,4394.98448
2026-09-07 12:55:00+00:00,4395.18171,4396.43821,4394.46822,4396.14784
2026-09-07 13:00:00+00:00,4395.32895,4398.69799,4395.32895,4396.85569
2026-09-07 13:05:00+00:00,4397.07561,4402.13973,4396.82675,4401.06576
2026-09-07 13:10:00+00:00,4400.72025,4404.25229,4400.72025,4403.95008
2026-09-07 13:15:00+00:00,4403.5617,4405.02561,4402.2388,4403.31843
2026-09-07 13:20:00+00:00,4403.15302,4404.31623,4402.76494,4404.0808
2026-09-07 13:25:00+00:00,4403.92722,4404.89825,4402.89457,4403.83668
2026-09-07 13:30:00+00:00,4403.95001,4407.45342,4403.34654,4407.34491
2026-09-07 13:35:00+00:00,4407.12869,4407.41142,4403.07143,4403.18143
2026-09-07 13:40:00+00:00,4403.31783,4403.73437,4402.20815,4402.52807
2026-09-07 13:45:00+00:00,4402.70438,4407.81064,4402.65838,4405.02456
2026-09-07 13:50:00+00:00,4406.0692,4406.0692,4402.95879,4404.14578
2026-09-07 13:55:00+00:00,4403.79695,4404.51022,4401.60218,4401.7618
2026-09-07 14:00:00+00:00,4401.95268,4407.81064,4401.7096,4407.23534
2026-09-07 14:05:00+00:00,4407.23813,4408.39358,4405.86293,4408.34703
2026-09-07 14:10:00+00:00,4408.23025,4409.15443,4406.8944,4408.91858
2026-09-07 14:15:00+00:00,4408.52762,4408.78229,4407.22785,4407.38415
2026-09-07 14:20:00+00:00,4407.64436,4408.20446,4406.23353,4406.65092
2026-09-07 14:25:00+00:00,4407.42769,4408.19925,4405.48042,4407.3192
2026-09-07 14:30:00+00:00,4407.69693,4407.69693,4406.06274,4406.62822
2026-09-07 14:35:00+00:00,4406.56362,4406.86101,4405.48042,4405.77527
2026-09-07 14:40:00+00:00,4406.08431,4411.62656,4404.08369,4410.8872
2026-09-07 14:45:00+00:00,4409.04784,4417.93682,4409.04784,4417.63877
2026-09-07 14:50:00+00:00,4416.8183,4418.28378,4412.67946,4417.58173
2026-09-07 14:55:00+00:00,4416.55052,4419.10822,4415.98587,4416.10995
2026-09-07 15:00:00+00:00,4416.21457,4416.94243,4413.647,4413.78933
2026-09-07 15:05:00+00:00,4414.01147,4414.75665,4409.14163,4411.44095
2026-09-07 15:10:00+00:00,4410.2691,4413.9763,4410.2691,4413.76157
2026-09-07 15:15:00+00:00,4413.53749,4414.81612,4412.83817,4413.82406
2026-09-07 15:20:00+00:00,4413.94673,4415.13421,4413.84181,4414.10684
2026-09-07 15:25:00+00:00,4414.22171,4414.89148,4411.69983,4413.11938
2026-09-07 15:30:00+00:00,4412.66987,4413.73787,4410.78572,4411.09728
2026-09-07 15:35:00+00:00,4411.72492,4414.03664,4411.72492,4412.10839
2026-09-07 15:40:00+00:00,4412.1683,4413.36529,4409.75438,4410.87399
2026-09-07 15:45:00+00:00,4409.75424,4412.64767,4409.75424,4412.61184
2026-09-07 15:50:00+00:00,4412.51671,4413.25743,4411.98155,4412.71348
2026-09-07 15:55:00+00:00,4412.76626,4414.76501,4412.51257,4414.3585
2026-09-07 16:00:00+00:00,4413.55703,4415.01104,4413.25743,4413.31877
2026-09-07 16:05:00+00:00,4413.5222,4415.20175,4413.5222,4415.10696
2026-09-07 16:10:00+00:00,4414.95383,4417.15623,4414.93697,4416.67989
2026-09-07 16:15:00+00:00,4416.83231,4416.83231,4413.25743,4413.37453
2026-09-07 16:20:00+00:00,4413.55087,4413.98603,4413.06267,4413.84895
2026-09-07 16:25:00+00:00,4413.65097,4414.42635,4413.14899,4413.91664
2026-09-07 16:30:00+00:00,4413.98575,4414.03664,4413.20543,4413.9061
2026-09-07 16:35:00+00:00,4413.76493,4413.76493,4412.39855,4412.66201
2026-09-07 16:40:00+00:00,4412.59807,4414.068,4412.06721,4413.46005
2026-09-07 16:45:00+00:00,4413.56709,4414.23148,4413.06267,4413.44342
2026-09-07 16:50:00+00:00,4413.29866,4414.62123,4412.83428,4413.74604
2026-09-07 16:55:00+00:00,4413.93842,4414.30144,4412.81868,4414.01478
2026-09-07 17:00:00+00:00,4413.56852,4415.20597,4413.56852,4413.87053
2026-09-07 17:05:00+00:00,4413.9072,4414.42635,4412.6732,4413.28437
2026-09-07 17:10:00+00:00,4413.09134,4413.4522,4412.24939,4412.28565
2026-09-07 17:15:00+00:00,4412.30126,4413.9286,4412.22532,4413.73805
2026-09-07 17:20:00+00:00,4413.46979,4414.20843,4412.6518,4412.70921
2026-09-07 17:25:00+00:00,4412.74979,4413.09285,4412.08912,4412.55223
2026-09-07 17:30:00+00:00,4412.37493,4412.82553,4410.29991,4410.47102
2026-09-07 17:35:00+00:00,4410.75677,4410.78873,4409.94884,4410.74247
2026-09-07 17:40:00+00:00,4410.59946,4411.01481,4410.28792,4411.01481
2026-09-07 17:45:00+00:00,4410.94114,4410.9419,4409.94884,4410.70502
2026-09-07 17:50:00+00:00,4410.58127,4410.92144,4409.17108,4409.39499
2026-09-07 17:55:00+00:00,4409.76999,4409.88091,4407.61636,4408.37463
2026-09-07 18:00:00+00:00,4408.24741,4408.58793,4405.248,4408.33989
2026-09-07 18:05:00+00:00,4407.92343,4409.36549,4406.83941,4409.2734
2026-09-07 18:10:00+00:00,4409.14229,4409.14229,4405.53823,4405.84341
2026-09-07 18:15:00+00:00,4406.23456,4406.23456,4403.86742,4404.77223
2026-09-07 18:20:00+00:00,4404.61533,4406.52219,4403.98368,4406.3946
2026-09-07 18:25:00+00:00,4406.14268,4406.41182,4403.34654,4406.11556
2026-09-07 18:30:00+00:00,4405.42367,4406.9262,4405.42367,4406.82898
2026-09-07 18:35:00+00:00,4406.66381,4406.88352,4404.70422,4404.86285
2026-09-07 18:40:00+00:00,4405.08064,4405.23425,4405.08064,4405.16221
2026-09-07 18:45:00+00:00,4405.08064,4405.27321,4405.01082,4405.06067
2026-09-07 18:50:00+00:00,4405.07696,4405.49274,4405.07696,4405.13151
2026-09-07 18:55:00+00:00,4405.20797,4405.29279,4405.03354,4405.17646
2026-09-07 19:00:00+00:00,4405.09617,4405.25675,4405.0831,4405.1565
2026-09-07 19:05:00+00:00,4405.07739,4405.31234,4405.03314,4405.07886
2026-09-07 19:10:00+00:00,4405.08644,4405.28634,4404.89825,4405.08335
2026-09-07 19:15:00+00:00,4405.09031,4405.28267,4405.00573,4405.16927
2026-09-07 19:20:00+00:00,4405.08483,4405.25985,4405.0759,4405.14948
2026-09-07 19:25:00+00:00,4405.07676,4405.30554,4405.04611,4405.248
2026-09-07 19:30:00+00:00,4405.15347,4405.28634,4405.09229,4405.10451
2026-09-07 19:35:00+00:00,4405.12984,4405.29243,4405.03739,4405.18537
2026-09-07 19:40:00+00:00,4405.07128,4405.315,4405.07128,4405.17916
2026-09-07 19:45:00+00:00,4405.07575,4405.33505,4405.04176,4405.08469
2026-09-07 19:50:00+00:00,4405.10616,4405.23694,4405.04604,4405.08049
2026-09-07 19:55:00+00:00,4405.08084,4405.23673,4404.99065,4405.12996
2026-09-07 20:00:00+00:00,4405.03484,4405.26466,4405.03065,4405.14379
2026-09-07 20:05:00+00:00,4405.08047,4405.27756,4405.01842,4405.0561
2026-09-07 20:10:00+00:00,4405.08223,4405.24244,4405.02961,4405.13685
2026-09-07 20:15:00+00:00,4405.08081,4405.27715,4405.01098,4405.17646
2026-09-07 20:20:00+00:00,4405.08366,4405.26645,4405.04091,4405.13701
2026-09-07 20:25:00+00:00,4405.07856,4405.27869,4405.02091,4405.0538
2026-09-07 20:30:00+00:00,4405.08222,4405.29801,4405.02501,4405.22269
2026-09-07 20:35:00+00:00,4405.09442,4405.33584,4405.02431,4405.19374
2026-09-07 20:40:00+00:00,4405.09958,4405.27967,4405.04025,4405.14449
2026-09-07 20:45:00+00:00,4405.08053,4405.27879,4405.02439,4405.05198
2026-09-07 20:50:00+00:00,4405.08221,4405.25698,4404.89825,4404.9325
2026-09-07 20:55:00+00:00,4404.98126,4405.26868,4404.98126,4405.18434
2026-09-07 21:00:00+00:00,4405.04851,4405.33234,4405.04851,4405.13415
2026-09-07 21:05:00+00:00,4405.08551,4405.27783,4405.02702,4405.04872
2026-09-07 21:10:00+00:00,4405.08064,4405.34796,4405.01874,4405.27265
2026-09-07 21:15:00+00:00,4405.22404,4405.2683,4405.01833,4405.18298
2026-09-07 21:20:00+00:00,4405.08491,4405.27367,4405.01971,4405.1561
2026-09-07 21:25:00+00:00,4405.08258,4405.31271,4405.05841,4405.25
2026-09-07 21:30:00+00:00,4405.15602,4405.23069,4405.02052,4405.10465
2026-09-07 21:35:00+00:00,4405.06908,4405.25463,4405.01514,4405.17774
2026-09-07 21:40:00+00:00,4405.07909,4405.27679,4404.89825,4404.94504
2026-09-07 21:45:00+00:00,4404.99918,4405.27085,4404.99918,4405.04567
2026-09-07 21:50:00+00:00,4405.0787,4405.48558,4405.03647,4405.11376
2026-09-07 21:55:00+00:00,4405.12136,4405.27444,4405.04285,4405.2011
2026-09-07 22:00:00+00:00,4405.10199,4414.81612,4397.62905,4411.26383
2026-09-07 22:05:00+00:00,4411.37611,4413.49105,4411.37611,4412.21182
2026-09-07 22:10:00+00:00,4412.44464,4413.32771,4412.44464,4412.54441
2026-09-07 22:15:00+00:00,4412.68351,4413.25743,4412.55363,4412.93225
2026-09-07 22:20:00+00:00,4412.76809,4413.28376,4411.50521,4411.57753
2026-09-07 22:25:00+00:00,4411.67738,4411.69983,4409.94884,4409.97522
2026-09-07 22:30:00+00:00,4409.99362,4410.02208,4408.97547,4409.23111
2026-09-07 22:35:00+00:00,4409.12311,4409.88904,4408.72814,4409.14143
2026-09-07 22:40:00+00:00,4409.23041,4409.55993,4407.81064,4407.95124
2026-09-07 22:45:00+00:00,4408.15994,4408.19925,4406.45104,4406.56241
2026-09-07 22:50:00+00:00,4406.74788,4407.46187,4406.64522,4406.98236
2026-09-07 22:55:00+00:00,4407.13559,4408.19925,4407.13559,4407.65314
2026-09-07 23:00:00+00:00,4407.5422,4411.21059,4406.57196,4410.70192
2026-09-07 23:05:00+00:00,4409.91816,4412.47849,4409.91816,4411.65453
2026-09-07 23:10:00+00:00,4411.51579,4411.51579,4410.53235,4410.96085
2026-09-07 23:15:00+00:00,4410.88628,4411.11601,4409.36549,4409.51771
2026-09-07 23:20:00+00:00,4409.79301,4412.47849,4409.75438,4410.83471
2026-09-07 23:25:00+00:00,4411.38284,4413.52697,4409.13334,4410.79884
2026-09-07 23:30:00+00:00,4411.20185,4416.87715,4409.94884,4415.73763
2026-09-07 23:35:00+00:00,4412.90488,4421.41531,4412.90488,4419.07904
2026-09-07 23:40:00+00:00,4419.3839,4425.96415,4419.23224,4425.71772
2026-09-07 23:45:00+00:00,4425.00253,4427.71751,4423.60435,4425.98458
2026-09-07 23:50:00+00:00,4425.66307,4426.93346,4421.80011,4422.22839
2026-09-07 23:55:00+00:00,4423.06768,4423.60435,4420.28025,4421.55303
2026-09-08 00:00:00+00:00,4422.03427,4423.01738,4419.61412,4421.01224
2026-09-08 00:05:00+00:00,4420.85211,4420.87583,4417.93682,4419.86131
2026-09-08 00:10:00+00:00,4419.43867,4419.81455,4416.18089,4416.30576
2026-09-08 00:15:00+00:00,4416.39077,4429.09026,4415.9685,4428.31649
2026-09-08 00:20:00+00:00,4426.91303,4430.26759,4421.2233,4421.92134
2026-09-08 00:25:00+00:00,4423.33762,4423.33762,4418.71769,4421.67254
2026-09-08 00:30:00+00:00,4420.28074,4425.56205,4420.28074,4425.25979
2026-09-08 00:35:00+00:00,4424.71723,4425.95182,4422.32788,4422.58268
2026-09-08 00:40:00+00:00,4422.94137,4425.3662,4420.51985,4421.04716
2026-09-08 00:45:00+00:00,4422.20075,4422.68975,4418.13201,4418.44097
2026-09-08 00:50:00+00:00,4419.02099,4420.08487,4416.18089,4416.27541
2026-09-08 00:55:00+00:00,4416.89424,4426.29984,4416.89424,4425.97719
2026-09-08 01:00:00+00:00,4425.35222,4426.93346,4419.43808,4420.70401
2026-09-08 01:05:00+00:00,4423.48683,4423.48683,4417.54649,4421.97806
2026-09-08 01:10:00+00:00,4421.48163,4430.66017,4419.87953,4430.28833
2026-09-08 01:15:00+00:00,4429.4426,4430.26759,4428.10964,4430.08783
2026-09-08 01:20:00+00:00,4429.67832,4434.78647,4428.69796,4434.39573
2026-09-08 01:25:00+00:00,4433.60707,4435.55926,4432.7322,4433.86816
2026-09-08 01:30:00+00:00,4434.6557,4435.96682,4432.76521,4433.13856
2026-09-08 01:35:00+00:00,4433.61581,4433.61581,4431.78809,4431.9609
2026-09-08 01:40:00+00:00,4432.25434,4434.98315,4429.90829,4434.33375
2026-09-08 01:45:00+00:00,4434.13884,4440.69452,4431.36626,4440.23713
2026-09-08 01:50:00+00:00,4439.2515,4440.14704,4435.32108,4438.4783
2026-09-08 01:55:00+00:00,4438.12082,4438.94228,4436.16361,4436.46317
2026-09-08 02:00:00+00:00,4436.83471,4438.56211,4433.56931,4434.01582
2026-09-08 02:05:00+00:00,4434.96304,4434.96304,4429.67885,4430.093
2026-09-08 02:10:00+00:00,4430.87279,4430.87279,4426.07168,4430.142
2026-09-08 02:15:00+00:00,4429.64154,4429.64154,4426.14969,4427.17054
2026-09-08 02:20:00+00:00,4427.2346,4429.1376,4426.14969,4427.35986
2026-09-08 02:25:00+00:00,4427.71973,4430.07132,4425.3662,4425.59804
2026-09-08 02:30:00+00:00,4425.90002,4425.90002,4423.60435,4423.78195
2026-09-08 02:35:00+00:00,4424.05608,4424.43521,4421.8151,4423.51217
2026-09-08 02:40:00+00:00,4422.75385,4426.41987,4421.22327,4425.54139
2026-09-08 02:45:00+00:00,4423.4247,4428.74527,4423.4247,4424.49862
2026-09-08 02:50:00+00:00,4424.63767,4425.27851,4421.64839,4421.84833
2026-09-08 02:55:00+00:00,4422.14472,4424.77876,4422.14472,4424.27875
2026-09-08 03:00:00+00:00,4423.85681,4425.56205,4423.40868,4425.3536
2026-09-08 03:05:00+00:00,4424.95652,4428.32399,4424.93675,4427.71331
2026-09-08 03:10:00+00:00,4426.16175,4431.05282,4426.11582,4430.451
2026-09-08 03:15:00+00:00,4430.11381,4434.47657,4428.47458,4433.46542
2026-09-08 03:20:00+00:00,4432.18024,4438.52641,4432.18024,4438.23768
2026-09-08 03:25:00+00:00,4437.68658,4438.04999,4431.64192,4431.88808
2026-09-08 03:30:00+00:00,4432.31392,4434.78647,4431.05282,4431.31808
2026-09-08 03:35:00+00:00,4431.77371,4431.86036,4430.85648,4431.00977
2026-09-08 03:40:00+00:00,4431.24771,4433.21364,4430.82532,4433.13595
2026-09-08 03:45:00+00:00,4432.9164,4436.65638,4432.71782,4436.19589
2026-09-08 03:50:00+00:00,4435.38066,4438.29732,4435.17985,4436.19499
2026-09-08 03:55:00+00:00,4436.07815,4438.16765,4435.65909,4437.91248
2026-09-08 04:00:00+00:00,4437.17426,4441.70418,4437.17426,4441.06943
2026-09-08 04:05:00+00:00,4440.06224,4443.20358,4439.90261,4440.21429
2026-09-08 04:10:00+00:00,4440.77766,4442.07681,4439.51165,4439.8858
2026-09-08 04:15:00+00:00,4440.20953,4440.98406,4438.34929,4439.06379
2026-09-08 04:20:00+00:00,4439.76702,4439.76702,4433.65861,4433.91718
2026-09-08 04:25:00+00:00,4434.41427,4434.41427,4432.42764,4432.46504
2026-09-08 04:30:00+00:00,4432.53571,4434.24697,4432.38905,4433.97546
2026-09-08 04:35:00+00:00,4433.59554,4434.39315,4433.41018,4433.52129
2026-09-08 04:40:00+00:00,4433.7314,4436.36041,4433.7314,4436.198
2026-09-08 04:45:00+00:00,4435.95438,4436.23866,4435.04723,4435.15188
2026-09-08 04:50:00+00:00,4435.27414,4435.27414,4434.74372,4434.76163
2026-09-08 04:55:00+00:00,4434.79073,4440.10301,4434.58086,4439.63019
2026-09-08 05:00:00+00:00,4438.81812,4438.81812,4435.57031,4435.95013
2026-09-08 05:05:00+00:00,4436.60084,4436.60084,4431.10787,4431.47201
2026-09-08 05:10:00+00:00,4432.05652,4432.05652,4427.91357,4428.70526
2026-09-08 05:15:00+00:00,4428.65709,4429.20337,4426.82215,4429.01074
2026-09-08 05:20:00+00:00,4428.75562,4430.86,4426.03763,4427.05066
2026-09-08 05:25:00+00:00,4428.94923,4428.94923,4421.64839,4421.83238
2026-09-08 05:30:00+00:00,4422.13402,4423.40868,4419.75935,4420.06242
2026-09-08 05:35:00+00:00,4420.84372,4425.9459,4420.84372,4425.12419
2026-09-08 05:40:00+00:00,4423.06358,4426.73749,4423.06358,4425.73714
2026-09-08 05:45:00+00:00,4426.10734,4428.69796,4423.80004,4424.92982
2026-09-08 05:50:00+00:00,4425.15068,4425.15068,4421.06194,4421.244
2026-09-08 05:55:00+00:00,4421.51436,4422.78717,4416.94093,4420.01009
2026-09-08 06:00:00+00:00,4419.5614,4420.47564,4413.4522,4415.14097
2026-09-08 06:05:00+00:00,4414.83347,4414.83347,4412.86792,4414.79112
2026-09-08 06:10:00+00:00,4414.56575,4415.16396,4410.14333,4411.61152
2026-09-08 06:15:00+00:00,4410.34981,4412.6732,4403.98321,4405.11092
2026-09-08 06:20:00+00:00,4406.60474,4406.60474,4401.59821,4403.23683
2026-09-08 06:25:00+00:00,4404.32973,4404.32973,4399.9721,4400.19023
2026-09-08 06:30:00+00:00,4400.77892,4402.95879,4399.47206,4401.83393
2026-09-08 06:35:00+00:00,4401.90743,4404.31623,4398.89148,4403.73335
2026-09-08 06:40:00+00:00,4402.77856,4408.05612,4402.77856,4407.34009
2026-09-08 06:45:00+00:00,4405.79323,4408.78229,4405.79323,4406.96056
2026-09-08 06:50:00+00:00,4407.37825,4408.82561,4404.89622,4405.14759
2026-09-08 06:55:00+00:00,4405.61274,4405.61274,4403.73437,4404.4355
2026-09-08 07:00:00+00:00,4404.28793,4407.46812,4403.15266,4404.48406
2026-09-08 07:05:00+00:00,4405.12783,4409.17108,4405.12783,4407.47701
2026-09-08 07:10:00+00:00,4407.64052,4408.4466,4403.91547,4404.57855
2026-09-08 07:15:00+00:00,4405.64171,4405.64171,4401.54566,4401.7076
2026-09-08 07:20:00+00:00,4401.97075,4404.89491,4399.92599,4401.09734
2026-09-08 07:25:00+00:00,4401.45543,4404.12226,4400.64642,4402.34457
2026-09-08 07:30:00+00:00,4402.60541,4405.48042,4400.07784,4401.63845
2026-09-08 07:35:00+00:00,4405.32279,4405.32279,4394.05493,4395.03192
2026-09-08 07:40:00+00:00,4397.03526,4397.90672,4391.16498,4394.7113
2026-09-08 07:45:00+00:00,4393.61956,4397.53738,4393.61956,4395.37288
2026-09-08 07:50:00+00:00,4395.59354,4397.37333,4391.55066,4392.76897
2026-09-08 07:55:00+00:00,4392.49105,4393.67311,4390.75144,4390.88154
2026-09-08 08:00:00+00:00,4391.36432,4392.7081,4389.43025,4390.48849
2026-09-08 08:05:00+00:00,4390.12798,4395.09301,4389.79287,4390.66026
2026-09-08 08:10:00+00:00,4392.03784,4392.32222,4387.80805,4392.14204
2026-09-08 08:15:00+00:00,4391.53937,4392.7081,4389.62293,4392.4799
2026-09-08 08:20:00+00:00,4392.14881,4393.09406,4389.97803,4392.46694
2026-09-08 08:25:00+00:00,4391.81532,4396.39794,4391.81532,4395.10175
2026-09-08 08:30:00+00:00,4395.2443,4397.25977,4394.05923,4396.98166
2026-09-08 08:35:00+00:00,4396.6154,4397.344,4395.00213,4395.72953
2026-09-08 08:40:00+00:00,4395.39895,4395.99086,4392.86517,4393.15344
2026-09-08 08:45:00+00:00,4393.60096,4398.69799,4390.03233,4392.79728
2026-09-08 08:50:00+00:00,4393.71669,4395.02483,4390.44497,4392.83299
2026-09-08 08:55:00+00:00,4392.57797,4394.25232,4391.89093,4394.2052
2026-09-08 09:00:00+00:00,4394.04502,4395.37892,4392.3987,4394.96344
2026-09-08 09:05:00+00:00,4394.23994,4397.53738,4394.23994,4395.95558
2026-09-08 09:10:00+00:00,4395.79677,4398.02561,4394.9171,4396.84455
2026-09-08 09:15:00+00:00,4397.02498,4399.27852,4396.90382,4398.27357
2026-09-08 09:20:00+00:00,4398.71605,4398.71605,4394.78935,4394.92214
2026-09-08 09:25:00+00:00,4395.1001,4395.41119,4393.48008,4394.73503
2026-09-08 09:30:00+00:00,4394.54046,4397.15065,4392.32222,4395.76254
2026-09-08 09:35:00+00:00,4395.98727,4396.77906,4395.41119,4396.64438
2026-09-08 09:40:00+00:00,4396.29976,4403.54045,4395.14613,4401.21534
2026-09-08 09:45:00+00:00,4401.77144,4403.31386,4400.0528,4401.98151
2026-09-08 09:50:00+00:00,4402.23156,4405.86862,4402.23156,4404.58876
2026-09-08 09:55:00+00:00,4404.6966,4405.09229,4403.15266,4403.37161
2026-09-08 10:00:00+00:00,4403.54014,4405.47257,4399.78542,4400.0031
2026-09-08 10:05:00+00:00,4400.31121,4400.86637,4396.95731,4397.02302
2026-09-08 10:10:00+00:00,4397.12361,4397.40872,4394.25232,4395.57274
2026-09-08 10:15:00+00:00,4394.83888,4398.49933,4394.83888,4398.3342
2026-09-08 10:20:00+00:00,4398.10672,4405.28072,4398.10672,4401.34081
2026-09-08 10:25:00+00:00,4401.53281,4401.53281,4399.38616,4400.8137
2026-09-08 10:30:00+00:00,4400.65945,4400.65945,4397.92088,4397.94245
2026-09-08 10:35:00+00:00,4397.95795,4398.40791,4394.90535,4395.2392
2026-09-08 10:40:00+00:00,4395.88422,4397.92418,4393.82815,4397.81733
2026-09-08 10:45:00+00:00,4397.52887,4399.73613,4397.32525,4399.55436
2026-09-08 10:50:00+00:00,4399.03191,4400.0528,4397.42564,4397.72952
2026-09-08 10:55:00+00:00,4398.26723,4399.75562,4396.95416,4397.69623
2026-09-08 11:00:00+00:00,4399.31308,4399.31308,4395.79762,4397.38522
2026-09-08 11:05:00+00:00,4396.97954,4396.97954,4394.05923,4394.16081
2026-09-08 11:10:00+00:00,4394.68133,4396.57067,4390.29003,4390.87488
2026-09-08 11:15:00+00:00,4391.75967,4401.44752,4391.75967,4401.05483
2026-09-08 11:20:00+00:00,4400.1671,4401.79593,4399.08499,4400.18218
2026-09-08 11:25:00+00:00,4399.77576,4402.5711,4399.77576,4402.47986
2026-09-08 11:30:00+00:00,4402.25803,4404.70422,4398.49315,4404.38634
2026-09-08 11:35:00+00:00,4403.93946,4407.61636,4403.93946,4406.99589
2026-09-08 11:40:00+00:00,4406.75359,4406.75359,4404.69783,4406.0091
2026-09-08 11:45:00+00:00,4405.87726,4405.87726,4399.66563,4399.98155
2026-09-08 11:50:00+00:00,4400.55029,4404.4993,4397.15065,4399.64795
2026-09-08 11:55:00+00:00,4398.89749,4405.76949,4398.89749,4404.99895
2026-09-08 12:00:00+00:00,4404.03783,4406.83941,4402.76494,4402.9802
2026-09-08 12:05:00+00:00,4403.33072,4404.12226,4402.37728,4403.51571
2026-09-08 12:10:00+00:00,4403.52734,4403.54687,4392.26581,4392.94507
2026-09-08 12:15:00+00:00,4393.92143,4395.40623,4386.92696,4389.12132
2026-09-08 12:20:00+00:00,4389.08295,4396.95731,4388.58962,4391.37561
2026-09-08 12:25:00+00:00,4392.09424,4400.17904,4392.09424,4397.27629
2026-09-08 12:30:00+00:00,4397.48809,4407.22785,4397.48809,4406.92899
2026-09-08 12:35:00+00:00,4406.29416,4406.77437,4399.08499,4399.44042
2026-09-08 12:40:00+00:00,4400.14584,4400.44004,4396.07044,4396.60687
2026-09-08 12:45:00+00:00,4397.48781,4400.76098,4395.41119,4400.4382
2026-09-08 12:50:00+00:00,4399.70593,4403.15266,4399.70593,4401.4143
2026-09-08 12:55:00+00:00,4401.66087,4409.95807,4401.14156,4408.91702
2026-09-08 13:00:00+00:00,4406.45448,4411.11601,4403.34654,4404.6493
2026-09-08 13:05:00+00:00,4404.45265,4407.29414,4401.89188,4406.70681
2026-09-08 13:10:00+00:00,4405.36318,4407.67341,4402.76494,4407.45554
2026-09-08 13:15:00+00:00,4406.80623,4409.17108,4406.31494,4409.10092
2026-09-08 13:20:00+00:00,4408.82836,4410.11207,4403.74946,4407.0262
2026-09-08 13:25:00+00:00,4406.66589,4409.01416,4399.47206,4399.78147
2026-09-08 13:30:00+00:00,4400.25602,4405.67451,4397.9084,4401.47681
2026-09-08 13:35:00+00:00,4401.49442,4403.63585,4395.78018,4401.03614
2026-09-08 13:40:00+00:00,4400.39909,4402.31244,4392.32222,4392.99488
2026-09-08 13:45:00+00:00,4393.31196,4399.92965,4393.31196,4399.70251
2026-09-08 13:50:00+00:00,4399.03168,4402.95879,4397.62946,4398.21292
2026-09-08 13:55:00+00:00,4398.88509,4408.02467,4398.88509,4401.06301
2026-09-08 14:00:00+00:00,4403.13865,4403.13865,4397.344,4398.57999
2026-09-08 14:05:00+00:00,4398.57544,4401.79593,4397.10036,4399.96891
2026-09-08 14:10:00+00:00,4400.05479,4401.79593,4394.69393,4395.67041
2026-09-08 14:15:00+00:00,4397.83166,4399.28087,4393.28706,4398.50991
2026-09-08 14:20:00+00:00,4397.44694,4400.74968,4397.44694,4399.76914
2026-09-08 14:25:00+00:00,4398.33297,4402.76494,4398.33297,4400.3817
2026-09-08 14:30:00+00:00,4402.65476,4402.65476,4395.218,4397.98632
2026-09-08 14:35:00+00:00,4397.7091,4398.79461,4397.28872,4398.49937
2026-09-08 14:40:00+00:00,4398.44631,4398.44631,4393.28706,4393.5145
2026-09-08 14:45:00+00:00,4393.96646,4397.67365,4393.6151,4394.62076
2026-09-08 14:50:00+00:00,4396.93274,4396.93274,4389.81563,4393.67739
2026-09-08 14:55:00+00:00,4390.86566,4396.37739,4390.86566,4394.62809
2026-09-08 15:00:00+00:00,4394.8798,4404.10436,4394.8798,4403.68412
2026-09-08 15:05:00+00:00,4402.71447,4404.51022,4401.79593,4401.82583
2026-09-08 15:10:00+00:00,4402.01786,4407.03363,4402.01786,4405.74471
2026-09-08 15:15:00+00:00,4406.13266,4408.39358,4404.89825,4407.56953
2026-09-08 15:20:00+00:00,4407.7306,4408.44381,4396.76398,4397.18419
2026-09-08 15:25:00+00:00,4397.51654,4402.5711,4397.28657,4400.0974
2026-09-08 15:30:00+00:00,4401.06724,4402.95879,4399.08499,4402.74555
2026-09-08 15:35:00+00:00,4402.61377,4403.21278,4398.89148,4399.61447
2026-09-08 15:40:00+00:00,4399.79611,4401.00297,4398.11761,4398.24026
2026-09-08 15:45:00+00:00,4398.38255,4401.21474,4396.76398,4397.51079
2026-09-08 15:50:00+00:00,4397.38976,4399.27852,4396.76398,4399.2142
2026-09-08 15:55:00+00:00,4398.98937,4399.64272,4396.07486,4396.42442
2026-09-08 16:00:00+00:00,4397.08115,4397.08115,4391.74352,4392.93537
2026-09-08 16:05:00+00:00,4392.54581,4394.75805,4388.14236,4389.40427
2026-09-08 16:10:00+00:00,4392.38899,4392.38899,4382.50504,4382.7053
2026-09-08 16:15:00+00:00,4383.11067,4386.73451,4383.11067,4385.23568
2026-09-08 16:20:00+00:00,4385.8037,4392.51515,4382.87204,4392.35842
2026-09-08 16:25:00+00:00,4392.03502,4393.6215,4391.35839,4393.36738
2026-09-08 16:30:00+00:00,4392.71657,4395.99086,4392.63904,4394.20646
2026-09-08 16:35:00+00:00,4394.35454,4395.78112,4393.7716,4393.91514
2026-09-08 16:40:00+00:00,4394.29705,4395.6044,4394.05923,4394.32074
2026-09-08 16:45:00+00:00,4394.70236,4394.70236,4392.7081,4392.80925
2026-09-08 16:50:00+00:00,4392.88363,4396.37739,4392.21907,4394.30709
2026-09-08 16:55:00+00:00,4393.78648,4395.41119,4392.51515,4395.21941
2026-09-08 17:00:00+00:00,4394.7119,4400.36284,4393.28706,4399.88346
2026-09-08 17:05:00+00:00,4398.83857,4403.54045,4397.53738,4397.82698
2026-09-08 17:10:00+00:00,4398.39274,4398.73028,4395.25373,4395.43931
2026-09-08 17:15:00+00:00,4395.763,4397.01128,4394.67827,4396.44683
2026-09-08 17:20:00+00:00,4396.42406,4397.15065,4393.48008,4393.88194
2026-09-08 17:25:00+00:00,4393.80007,4394.32898,4392.51515,4394.02685
2026-09-08 17:30:00+00:00,4393.19876,4394.83168,4393.19876,4394.75116
2026-09-08 17:35:00+00:00,4394.39345,4395.34085,4390.39382,4392.93915
2026-09-08 17:40:00+00:00,4392.3834,4392.3834,4386.2199,4386.5314
2026-09-08 17:45:00+00:00,4387.14712,4387.6969,4385.77255,4387.66281
2026-09-08 17:50:00+00:00,4387.49848,4389.23759,4386.50732,4389.11012
2026-09-08 17:55:00+00:00,4388.92157,4390.00834,4388.46711,4389.86695
2026-09-08 18:00:00+00:00,4389.59085,4390.00834,4387.50439,4387.60394
2026-09-08 18:05:00+00:00,4387.71944,4388.46711,4385.19558,4385.31839
2026-09-08 18:10:00+00:00,4385.5658,4387.28493,4383.56376,4385.81417
2026-09-08 18:15:00+00:00,4386.35795,4387.79284,4384.81101,4385.03985
2026-09-08 18:20:00+00:00,4385.39038,4386.4538,4384.43348,4385.95143
2026-09-08 18:25:00+00:00,4385.48572,4386.34968,4384.61472,4384.7011
2026-09-08 18:30:00+00:00,4384.96862,4386.23673,4382.12095,4383.75269
2026-09-08 18:35:00+00:00,4383.30194,4384.81101,4382.77036,4384.74228
2026-09-08 18:40:00+00:00,4384.57816,4384.88524,4383.77173,4384.65847
2026-09-08 18:45:00+00:00,4384.31417,4391.81593,4368.73383,4372.66408
2026-09-08 18:50:00+00:00,4380.61495,4380.61495,4358.81789,4370.55928
2026-09-08 18:55:00+00:00,4366.0645,4377.51707,4366.0645,4373.43296
2026-09-08 19:00:00+00:00,4373.64858,4376.36761,4371.20252,4375.94864
2026-09-08 19:05:00+00:00,4375.0962,4375.0962,4370.62937,4372.00704
2026-09-08 19:10:00+00:00,4371.72687,4374.26184,4371.49549,4372.19543
2026-09-08 19:15:00+00:00,4373.7858,4373.7858,4368.14747,4368.34178
2026-09-08 19:20:00+00:00,4368.67076,4369.90811,4368.00322,4368.12227
2026-09-08 19:25:00+00:00,4368.28507,4369.23718,4367.00293,4369.105
2026-09-08 19:30:00+00:00,4368.72536,4369.47218,4362.24045,4362.6356
2026-09-08 19:35:00+00:00,4363.32725,4369.29261,4362.8114,4369.06384
2026-09-08 19:40:00+00:00,4368.61423,4369.48759,4366.81223,4369.29553
2026-09-08 19:45:00+00:00,4368.95685,4368.95685,4365.28724,4366.01808
2026-09-08 19:50:00+00:00,4365.92943,4366.42484,4361.81486,4362.02094
2026-09-08 19:55:00+00:00,4362.50126,4363.42873,4358.44408,4363.03014
2026-09-08 20:00:00+00:00,4361.79741,4363.81225,4356.53917,4359.39603
2026-09-08 20:05:00+00:00,4360.37935,4360.37935,4356.83833,4359.10569
2026-09-08 20:10:00+00:00,4358.39476,4361.47941,4356.34938,4361.30143
2026-09-08 20:15:00+00:00,4360.95692,4361.20316,4359.38794,4360.43665
2026-09-08 20:20:00+00:00,4360.2404,4361.88036,4359.76806,4360.84223
2026-09-08 20:25:00+00:00,4360.61283,4360.61283,4356.32734,4356.92222
2026-09-08 20:30:00+00:00,4358.07877,4358.43794,4355.78012,4357.86091
2026-09-08 20:35:00+00:00,4357.07087,4358.6279,4357.07087,4357.37084
2026-09-08 20:40:00+00:00,4357.52258,4358.05805,4357.29524,4358.00525
2026-09-08 20:45:00+00:00,4357.89626,4358.05805,4355.74239,4355.91776
2026-09-08 20:50:00+00:00,4356.18199,4358.43666,4348.39327,4355.58522
2026-09-08 20:55:00+00:00,4354.87506,4356.15961,4353.88366,4356.02958
2026-09-08 21:00:00+00:00,4355.73503,4355.74905,4355.4007,4355.72756
2026-09-08 21:05:00+00:00,4355.64131,4355.90208,4355.50697,4355.61771
2026-09-08 21:10:00+00:00,4355.67233,4355.79137,4355.5904,4355.60627
2026-09-08 21:15:00+00:00,4355.6543,4355.83861,4355.54636,4355.72068
2026-09-08 21:20:00+00:00,4355.64637,4355.87564,4355.5904,4355.74156
2026-09-08 21:25:00+00:00,4355.65928,4355.82253,4355.51556,4355.69953
2026-09-08 21:30:00+00:00,4355.61798,4355.76722,4355.55345,4355.70049
2026-09-08 21:35:00+00:00,4355.61267,4355.89908,4355.48216,4355.78114
2026-09-08 21:40:00+00:00,4355.7086,4355.81251,4355.5904,4355.73309
2026-09-08 21:45:00+00:00,4355.65728,4355.85497,4355.5904,4355.80015
2026-09-08 21:50:00+00:00,4355.70673,4355.78012,4355.32322,4355.33611
2026-09-08 21:55:00+00:00,4355.41288,4355.9414,4355.41288,4355.82537
2026-09-08 22:00:00+00:00,4355.74787,4358.81789,4354.64205,4357.4667
2026-09-08 22:05:00+00:00,4357.68554,4357.86276,4353.69411,4353.94354
2026-09-08 22:10:00+00:00,4354.40935,4357.10862,4354.25677,4356.9471
2026-09-08 22:15:00+00:00,4356.70602,4357.86813,4355.21101,4355.40758
2026-09-08 22:20:00+00:00,4355.69298,4356.14648,4353.37821,4353.49366
2026-09-08 22:25:00+00:00,4353.78381,4355.5904,4353.6552,4354.82026
2026-09-08 22:30:00+00:00,4354.85478,4355.78012,4354.45243,4354.95139
2026-09-08 22:35:00+00:00,4355.13859,4355.21101,4353.1131,4353.55931
2026-09-08 22:40:00+00:00,4354.27764,4354.27764,4351.62799,4352.69385
2026-09-08 22:45:00+00:00,4352.62304,4352.62304,4351.04207,4351.4852
2026-09-08 22:50:00+00:00,4351.37659,4353.69411,4351.37659,4353.56758
2026-09-08 22:55:00+00:00,4353.47532,4354.09195,4352.24814,4352.53883
2026-09-08 23:00:00+00:00,4352.97477,4354.95126,4352.97477,4353.70127
2026-09-08 23:05:00+00:00,4353.92955,4353.9689,4352.90136,4353.90483
2026-09-08 23:10:00+00:00,4353.77818,4354.45243,4352.36769,4352.59667
2026-09-08 23:15:00+00:00,4352.51295,4353.50457,4351.81071,4353.41624
2026-09-08 23:20:00+00:00,4353.22401,4354.33523,4352.74658,4353.85713
2026-09-08 23:25:00+00:00,4354.00966,4357.52686,4353.3749,4357.28201
2026-09-08 23:30:00+00:00,4356.70129,4360.14825,4356.70129,4359.86666
2026-09-08 23:35:00+00:00,4359.74123,4359.74123,4357.10813,4357.29443
2026-09-08 23:40:00+00:00,4357.25632,4359.00789,4356.55829,4358.95618
2026-09-08 23:45:00+00:00,4358.83444,4358.83444,4355.21101,4356.85195
2026-09-08 23:50:00+00:00,4356.44383,4357.18166,4350.85277,4351.01021
2026-09-08 23:55:00+00:00,4351.25903,4352.74658,4349.97557,4350.2027
2026-09-09 00:00:00+00:00,4350.62625,4351.98886,4346.23188,4351.75971
2026-09-09 00:05:00+00:00,4351.24617,4351.24617,4344.80361,4347.95324
2026-09-09 00:10:00+00:00,4347.10465,4352.36769,4347.10465,4352.25467
2026-09-09 00:15:00+00:00,4351.87075,4352.31602,4344.4261,4347.5105
2026-09-09 00:20:00+00:00,4346.93611,4349.31488,4343.65614,4343.89936
2026-09-09 00:25:00+00:00,4344.35073,4347.10667,4341.97386,4346.26261
2026-09-09 00:30:00+00:00,4344.29749,4348.20419,4344.29749,4346.26573
2026-09-09 00:35:00+00:00,4346.49365,4347.91161,4344.49967,4344.76465
2026-09-09 00:40:00+00:00,4345.29187,4353.71168,4345.29187,4352.46415
2026-09-09 00:45:00+00:00,4350.83004,4355.67275,4350.83004,4354.90737
2026-09-09 00:50:00+00:00,4355.14334,4360.71865,4355.14334,4360.45487
2026-09-09 00:55:00+00:00,4359.88803,4364.00364,4358.94298,4363.11784
2026-09-09 01:00:00+00:00,4361.68634,4365.28724,4354.64205,4357.8897
2026-09-09 01:05:00+00:00,4357.31477,4367.19364,4355.11662,4366.82584
2026-09-09 01:10:00+00:00,4366.17408,4368.14747,4363.29722,4366.8453
2026-09-09 01:15:00+00:00,4366.75039,4368.33828,4363.00175,4365.47442
2026-09-09 01:20:00+00:00,4364.83895,4368.11431,4364.83895,4367.73807
2026-09-09 01:25:00+00:00,4367.11978,4372.54045,4367.11978,4372.15641
2026-09-09 01:30:00+00:00,4371.2374,4376.05181,4371.2374,4375.52847
2026-09-09 01:35:00+00:00,4374.86871,4377.51707,4374.86871,4375.42263
2026-09-09 01:40:00+00:00,4376.29015,4376.94227,4374.40158,4376.81755
2026-09-09 01:45:00+00:00,4376.42322,4377.37132,4373.68789,4373.88748
2026-09-09 01:50:00+00:00,4374.3355,4375.93209,4371.77582,4372.22432
2026-09-09 01:55:00+00:00,4372.01945,4375.02734,4371.77582,4372.11845
2026-09-09 02:00:00+00:00,4372.59497,4373.87919,4371.3936,4372.87672
2026-09-09 02:05:00+00:00,4372.59328,4374.39963,4371.5847,4372.30741
2026-09-09 02:10:00+00:00,4372.94274,4375.41019,4372.94274,4373.75777
2026-09-09 02:15:00+00:00,4374.69807,4375.86106,4372.51453,4375.72766
2026-09-09 02:20:00+00:00,4375.46953,4375.46953,4372.34926,4372.50358
2026-09-09 02:25:00+00:00,4372.79097,4373.22601,4371.77582,4372.20294
2026-09-09 02:30:00+00:00,4372.15277,4374.30629,4369.86541,4370.0404
2026-09-09 02:35:00+00:00,4370.27127,4370.27127,4367.38437,4369.74708
2026-09-09 02:40:00+00:00,4369.43166,4372.27303,4368.71997,4371.66408
2026-09-09 02:45:00+00:00,4370.68124,4377.91269,4370.68124,4376.07794
2026-09-09 02:50:00+00:00,4376.23283,4384.61876,4374.5573,4384.05507
2026-09-09 02:55:00+00:00,4382.93553,4382.93553,4380.77715,4380.9499
2026-09-09 03:00:00+00:00,4381.05231,4382.69711,4378.66713,4380.01777
2026-09-09 03:05:00+00:00,4379.74664,4381.44902,4378.85887,4379.11023
2026-09-09 03:10:00+00:00,4379.58923,4380.20149,4378.61352,4378.8557
2026-09-09 03:15:00+00:00,4379.14024,4379.14024,4376.55915,4376.64426
2026-09-09 03:20:00+00:00,4376.76453,4378.80138,4376.40538,4378.083
2026-09-09 03:25:00+00:00,4378.14189,4379.24239,4375.41019,4377.14612
2026-09-09 03:30:00+00:00,4376.21116,4379.67093,4375.60165,4376.28372
2026-09-09 03:35:00+00:00,4376.29379,4377.45852,4375.9846,4377.38778
2026-09-09 03:40:00+00:00,4377.26895,4379.8178,4376.76667,4378.52518
2026-09-09 03:45:00+00:00,4378.63856,4379.05062,4377.70871,4377.78441
2026-09-09 03:50:00+00:00,4377.82747,4379.47327,4376.69371,4377.76039
2026-09-09 03:55:00+00:00,4377.35208,4378.15089,4376.08213,4377.22289
2026-09-09 04:00:00+00:00,4377.20056,4377.20056,4374.47957,4374.92548
2026-09-09 04:05:00+00:00,4375.07408,4375.25661,4371.77582,4372.70614
2026-09-09 04:10:00+00:00,4372.56011,4373.49661,4370.57147,4373.39601
2026-09-09 04:15:00+00:00,4373.05123,4374.26184,4372.67419,4372.78102
2026-09-09 04:20:00+00:00,4373.01833,4376.78795,4373.01833,4376.31904
2026-09-09 04:25:00+00:00,4375.11192,4380.96907,4375.11192,4380.64716
2026-09-09 04:30:00+00:00,4380.00418,4380.39135,4378.57768,4380.18416
2026-09-09 04:35:00+00:00,4379.79108,4380.37324,4378.16981,4378.91175
2026-09-09 04:40:00+00:00,4379.05656,4379.53435,4376.15236,4378.12967
2026-09-09 04:45:00+00:00,4377.7378,4380.05104,4377.7378,4379.95121
2026-09-09 04:50:00+00:00,4379.7492,4381.05678,4377.54447,4380.67217
2026-09-09 04:55:00+00:00,4379.70146,4382.72311,4379.70146,4382.5829
2026-09-09 05:00:00+00:00,4382.31425,4384.42652,4380.72218,4382.04943
2026-09-09 05:05:00+00:00,4382.42078,4384.42652,4381.54493,4384.36311
2026-09-09 05:10:00+00:00,4384.15521,4388.08197,4383.44752,4387.87893
2026-09-09 05:15:00+00:00,4387.41158,4388.46711,4387.31189,4388.38372
2026-09-09 05:20:00+00:00,4388.09468,4389.96693,4383.46557,4383.74636
2026-09-09 05:25:00+00:00,4383.82187,4387.88943,4383.82187,4386.87071
2026-09-09 05:30:00+00:00,4387.66879,4387.66879,4384.74715,4385.38066
2026-09-09 05:35:00+00:00,4385.42411,4392.02838,4385.42411,4390.33056
2026-09-09 05:40:00+00:00,4390.93188,4395.05047,4390.93188,4394.65903
2026-09-09 05:45:00+00:00,4393.85258,4397.59848,4392.7081,4396.841
2026-09-09 05:50:00+00:00,4396.22014,4399.8592,4396.03823,4399.73935
2026-09-09 05:55:00+00:00,4399.42251,4401.02104,4398.26739,4399.44357
2026-09-09 06:00:00+00:00,4399.60533,4403.01129,4396.06445,4401.82989
2026-09-09 06:05:00+00:00,4398.89437,4404.89825,4398.89437,4400.42591
2026-09-09 06:10:00+00:00,4400.76471,4401.52006,4399.14517,4401.33428
2026-09-09 06:15:00+00:00,4401.02389,4403.34781,4399.8592,4400.15691
2026-09-09 06:20:00+00:00,4400.11409,4401.21474,4397.92039,4399.55893
2026-09-09 06:25:00+00:00,4399.10218,4401.01237,4396.57067,4396.64977
2026-09-09 06:30:00+00:00,4396.64566,4402.21744,4396.26622,4400.18228
2026-09-09 06:35:00+00:00,4400.57423,4406.25688,4400.57423,4406.00586
2026-09-09 06:40:00+00:00,4405.50465,4406.50853,4399.8592,4400.08032
2026-09-09 06:45:00+00:00,4400.46628,4400.63868,4399.25398,4399.43194
2026-09-09 06:50:00+00:00,4399.26242,4401.60218,4399.23514,4400.30866
2026-09-09 06:55:00+00:00,4400.33931,4401.37614,4399.8592,4399.96557
2026-09-09 07:00:00+00:00,4400.04356,4401.84958,4399.67462,4401.71978
2026-09-09 07:05:00+00:00,4401.38998,4403.9283,4401.38998,4403.8894
2026-09-09 07:10:00+00:00,4403.75939,4406.55469,4403.28221,4406.13757
2026-09-09 07:15:00+00:00,4405.04285,4407.22785,4404.3761,4404.5623
2026-09-09 07:20:00+00:00,4404.79474,4406.83941,4403.09727,4406.77768
2026-09-09 07:25:00+00:00,4406.50837,4407.81064,4405.28634,4407.567
2026-09-09 07:30:00+00:00,4407.35969,4408.51402,4406.83941,4407.2195
2026-09-09 07:35:00+00:00,4407.02907,4409.94884,4407.02907,4408.55478
2026-09-09 07:40:00+00:00,4408.78439,4410.14333,4408.73432,4409.09752
2026-09-09 07:45:00+00:00,4409.16598,4412.86792,4408.72115,4412.02839
2026-09-09 07:50:00+00:00,4411.84561,4412.24923,4409.17108,4411.18339
2026-09-09 07:55:00+00:00,4410.68795,4410.68795,4408.78229,4408.93793
2026-09-09 08:00:00+00:00,4409.17771,4409.17771,4407.22785,4407.37777
2026-09-09 08:05:00+00:00,4407.63054,4411.89447,4407.63054,4409.33296
2026-09-09 08:10:00+00:00,4410.1761,4410.64045,4404.32976,4404.84934
2026-09-09 08:15:00+00:00,4405.68846,4405.68846,4402.76494,4402.86938
2026-09-09 08:20:00+00:00,4403.12365,4404.12226,4401.36961,4401.64171
2026-09-09 08:25:00+00:00,4402.08043,4402.63048,4399.8592,4400.07483
2026-09-09 08:30:00+00:00,4400.4708,4402.95879,4399.99715,4402.79853
2026-09-09 08:35:00+00:00,4402.57782,4403.47044,4400.43059,4402.53319
2026-09-09 08:40:00+00:00,4401.77611,4402.19027,4399.27852,4400.38467
2026-09-09 08:45:00+00:00,4400.58809,4401.9897,4399.46232,4401.9072
2026-09-09 08:50:00+00:00,4401.6826,4402.25887,4399.47206,4401.66383
2026-09-09 08:55:00+00:00,4401.45253,4403.48961,4400.63369,4400.8675
2026-09-09 09:00:00+00:00,4401.28586,4401.84067,4400.42418,4401.73592
2026-09-09 09:05:00+00:00,4401.52448,4401.90618,4399.8592,4401.70459
2026-09-09 09:10:00+00:00,4401.50711,4401.91819,4398.11761,4398.24493
2026-09-09 09:15:00+00:00,4398.46389,4399.46647,4397.44252,4399.02194
2026-09-09 09:20:00+00:00,4398.40847,4399.73241,4398.3667,4398.59631
2026-09-09 09:25:00+00:00,4399.01828,4399.01828,4397.53738,4397.96344
2026-09-09 09:30:00+00:00,4398.14133,4398.18336,4396.76398,4398.00208
2026-09-09 09:35:00+00:00,4397.72844,4398.31105,4397.72844,4398.27612
2026-09-09 09:40:00+00:00,4398.17395,4398.17395,4395.41119,4396.21653
2026-09-09 09:45:00+00:00,4396.1794,4396.1794,4394.05923,4394.86632
2026-09-09 09:50:00+00:00,4394.93391,4395.53461,4392.25082,4393.99977
2026-09-09 09:55:00+00:00,4393.42109,4393.42109,4389.23759,4389.33042
2026-09-09 10:00:00+00:00,4389.30323,4391.43179,4386.73451,4390.55782
2026-09-09 10:05:00+00:00,4389.56576,4393.09406,4389.56576,4392.80674
2026-09-09 10:10:00+00:00,4392.72195,4393.35792,4391.19142,4391.42542
2026-09-09 10:15:00+00:00,4391.71699,4393.68724,4389.81563,4392.76683
2026-09-09 10:20:00+00:00,4391.38311,4395.99086,4391.38311,4394.44362
2026-09-09 10:25:00+00:00,4394.46978,4395.26811,4393.67311,4393.78512
2026-09-09 10:30:00+00:00,4393.96613,4396.5581,4393.96613,4396.36838
2026-09-09 10:35:00+00:00,4396.07164,4399.27852,4396.07164,4399.12074
2026-09-09 10:40:00+00:00,4398.86233,4399.42572,4394.63854,4394.78026
2026-09-09 10:45:00+00:00,4395.04136,4399.27852,4394.77971,4398.98463
2026-09-09 10:50:00+00:00,4398.15758,4401.65245,4398.15758,4401.18144
2026-09-09 10:55:00+00:00,4400.05454,4402.37728,4400.05454,4401.61887
2026-09-09 11:00:00+00:00,4401.3506,4403.34654,4400.0528,4401.89102
2026-09-09 11:05:00+00:00,4402.06823,4403.9283,4402.05602,4403.49055
2026-09-09 11:10:00+00:00,4402.92388,4404.70422,4402.92388,4403.65129
2026-09-09 11:15:00+00:00,4404.09177,4404.09177,4401.9897,4403.89115
2026-09-09 11:20:00+00:00,4403.53946,4405.16981,4402.76494,4404.90204
2026-09-09 11:25:00+00:00,4404.28147,4408.97668,4404.28147,4408.05557
2026-09-09 11:30:00+00:00,4408.15815,4409.04104,4405.62833,4408.45748
2026-09-09 11:35:00+00:00,4407.36344,4407.36344,4403.57316,4404.63429
2026-09-09 11:40:00+00:00,4404.48602,4406.25688,4404.18724,4406.04389
2026-09-09 11:45:00+00:00,4405.97942,4409.99259,4403.34654,4408.06591
2026-09-09 11:50:00+00:00,4405.01703,4416.18089,4405.01703,4408.91664
2026-09-09 11:55:00+00:00,4409.80186,4409.80186,4405.86862,4408.05164
2026-09-09 12:00:00+00:00,4407.9466,4409.09207,4404.68637,4405.30183
2026-09-09 12:05:00+00:00,4406.6791,4406.6791,4400.63369,4403.67534
2026-09-09 12:10:00+00:00,4403.03332,4404.70422,4399.65628,4400.09877
2026-09-09 12:15:00+00:00,4400.91271,4400.91271,4396.95731,4398.22253
2026-09-09 12:20:00+00:00,4398.13283,4400.44004,4395.97437,4396.38659
2026-09-09 12:25:00+00:00,4397.0368,4397.0368,4394.05923,4395.60236
2026-09-09 12:30:00+00:00,4395.5675,4396.57067,4392.1293,4396.27088
2026-09-09 12:35:00+00:00,4395.6388,4396.79262,4392.49608,4392.94927
2026-09-09 12:40:00+00:00,4393.64881,4393.98883,4391.50748,4393.56561
2026-09-09 12:45:00+00:00,4392.93095,4399.47206,4392.93095,4398.91133
2026-09-09 12:50:00+00:00,4398.62735,4398.62735,4396.37739,4398.01458
2026-09-09 12:55:00+00:00,4397.87001,4402.37728,4397.83321,4402.19532
2026-09-09 13:00:00+00:00,4401.70269,4407.03363,4400.0528,4406.821
2026-09-09 13:05:00+00:00,4406.42209,4409.83079,4404.74091,4409.63655
2026-09-09 13:10:00+00:00,4409.36413,4413.06267,4409.36413,4412.16043
2026-09-09 13:15:00+00:00,4411.92647,4416.41789,4409.32964,4415.20831
2026-09-09 13:20:00+00:00,4412.33083,4425.43952,4412.33083,4423.84241
2026-09-09 13:25:00+00:00,4421.00529,4429.67885,4421.00529,4429.46166
2026-09-09 13:30:00+00:00,4429.06148,4432.62411,4428.48381,4430.04209
2026-09-09 13:35:00+00:00,4430.55832,4431.83833,4423.66224,4424.24962
2026-09-09 13:40:00+00:00,4425.31548,4425.31548,4412.12671,4412.95628
2026-09-09 13:45:00+00:00,4414.1059,4419.49883,4414.1059,4419.06259
2026-09-09 13:50:00+00:00,4418.94012,4423.21498,4416.49079,4418.75896
2026-09-09 13:55:00+00:00,4419.2442,4419.52145,4411.75885,4411.99897
2026-09-09 14:00:00+00:00,4412.58426,4423.38759,4412.58426,4422.72027
2026-09-09 14:05:00+00:00,4421.04826,4426.73749,4420.85711,4422.7998
2026-09-09 14:10:00+00:00,4422.98735,4423.41088,4419.10822,4419.26158
2026-09-09 14:15:00+00:00,4419.20445,4422.235,4416.46252,4416.80536
2026-09-09 14:20:00+00:00,4417.50346,4417.50346,4413.647,4414.40265
2026-09-09 14:25:00+00:00,4414.20677,4424.15057,4410.22241,4423.3078
2026-09-09 14:30:00+00:00,4421.56608,4426.42705,4421.56608,4421.97806
2026-09-09 14:35:00+00:00,4422.19146,4425.3662,4421.38588,4424.13751
2026-09-09 14:40:00+00:00,4424.44889,4426.28149,4420.28025,4420.68188
2026-09-09 14:45:00+00:00,4421.31224,4422.00995,4418.91295,4421.73695
2026-09-09 14:50:00+00:00,4421.52583,4422.43057,4420.75036,4421.07272
2026-09-09 14:55:00+00:00,4421.41652,4421.41652,4416.57097,4416.63198
2026-09-09 15:00:00+00:00,4416.64904,4421.68759,4399.47206,4400.69197
2026-09-09 15:05:00+00:00,4403.4592,4403.4592,4382.68351,4394.66996
2026-09-09 15:10:00+00:00,4393.24341,4393.24341,4384.61876,4387.85149
2026-09-09 15:15:00+00:00,4386.53574,4391.55066,4383.62609,4384.90063
2026-09-09 15:20:00+00:00,4387.49162,4387.49162,4373.68719,4374.74471
2026-09-09 15:25:00+00:00,4376.02127,4393.58484,4373.41071,4392.92035
2026-09-09 15:30:00+00:00,4391.34011,4398.55944,4391.34011,4398.00983
2026-09-09 15:35:00+00:00,4397.31483,4404.31623,4397.31483,4401.2297
2026-09-09 15:40:00+00:00,4401.67519,4403.68572,4400.44004,4401.24888
2026-09-09 15:45:00+00:00,4402.20295,4405.09479,4400.72959,4401.24622
2026-09-09 15:50:00+00:00,4402.38417,4406.64522,4396.64902,4400.85908
2026-09-09 15:55:00+00:00,4401.36343,4401.36343,4399.08499,4399.20644
2026-09-09 16:00:00+00:00,4399.40271,4401.9805,4397.73077,4401.39008
2026-09-09 16:05:00+00:00,4400.65337,4402.76494,4396.30317,4397.02736
2026-09-09 16:10:00+00:00,4398.24581,4398.38798,4395.0161,4397.99624
2026-09-09 16:15:00+00:00,4397.46142,4399.84848,4392.32222,4392.49836
2026-09-09 16:20:00+00:00,4392.80674,4397.574,4392.65658,4396.77195
2026-09-09 16:25:00+00:00,4395.28935,4402.03276,4395.28935,4401.77494
2026-09-09 16:30:00+00:00,4401.34915,4403.73437,4399.90178,4403.52044
2026-09-09 16:35:00+00:00,4403.03096,4403.81809,4398.76051,4399.33892
2026-09-09 16:40:00+00:00,4400.4051,4407.03363,4400.4051,4406.81546
2026-09-09 16:45:00+00:00,4406.3773,4408.24044,4406.3773,4407.90609
2026-09-09 16:50:00+00:00,4407.71336,4407.85779,4405.40598,4405.66007
2026-09-09 16:55:00+00:00,4406.15441,4409.50315,4406.15441,4409.35274
2026-09-09 17:00:00+00:00,4408.93201,4412.56862,4408.79569,4412.41414
2026-09-09 17:05:00+00:00,4411.96693,4419.49883,4411.72206,4419.32971
2026-09-09 17:10:00+00:00,4418.82163,4419.69416,4415.79087,4415.94501
2026-09-09 17:15:00+00:00,4416.55783,4419.14605,4415.65957,4418.1842
2026-09-09 17:20:00+00:00,4417.89939,4418.78751,4416.37592,4418.60954
2026-09-09 17:25:00+00:00,4418.28605,4420.28025,4415.88645,4416.66659
2026-09-09 17:30:00+00:00,4417.82595,4417.82595,4412.94429,4413.19272
2026-09-09 17:35:00+00:00,4413.56101,4414.80338,4412.08912,4412.28873
2026-09-09 17:40:00+00:00,4412.75309,4417.86752,4412.75309,4414.34067
2026-09-09 17:45:00+00:00,4414.831,4415.20597,4413.8278,4414.09574
2026-09-09 17:50:00+00:00,4414.40269,4415.98587,4413.84181,4415.92441
2026-09-09 17:55:00+00:00,4415.72491,4416.96113,4415.40092,4416.89938
2026-09-09 18:00:00+00:00,4416.69609,4418.52245,4415.655,4417.47395
2026-09-09 18:05:00+00:00,4417.38525,4419.35953,4415.83307,4416.0247
2026-09-09 18:10:00+00:00,4416.54618,4421.64839,4416.54618,4421.44786
2026-09-09 18:15:00+00:00,4421.05837,4421.05837,4419.30352,4420.07914
2026-09-09 18:20:00+00:00,4419.97484,4419.97484,4417.44246,4417.8558
2026-09-09 18:25:00+00:00,4418.67212,4418.67212,4416.96113,4417.1997
2026-09-09 18:30:00+00:00,4417.30951,4417.74165,4414.42635,4416.04083
2026-09-09 18:35:00+00:00,4415.6663,4415.79087,4413.84181,4415.12921
2026-09-09 18:40:00+00:00,4414.71975,4416.36459,4410.14333,4410.33017
2026-09-09 18:45:00+00:00,4410.64021,4410.64021,4407.0064,4407.22709
2026-09-09 18:50:00+00:00,4407.63017,4407.81064,4405.67451,4405.77886
2026-09-09 18:55:00+00:00,4405.97286,4407.69717,4401.79593,4402.28328
2026-09-09 19:00:00+00:00,4402.46154,4405.37399,4397.73077,4397.87965
2026-09-09 19:05:00+00:00,4398.1178,4399.66563,4397.52737,4399.02747
2026-09-09 19:10:00+00:00,4399.01827,4399.27852,4397.53738,4397.67408
2026-09-09 19:15:00+00:00,4397.96092,4401.9924,4397.96092,4401.46761
2026-09-09 19:20:00+00:00,4400.76469,4404.89825,4400.76469,4404.74454
2026-09-09 19:25:00+00:00,4404.42086,4404.76147,4400.52172,4400.77642
2026-09-09 19:30:00+00:00,4401.25097,4401.25097,4399.4274,4399.48121
2026-09-09 19:35:00+00:00,4399.54587,4399.8052,4395.61822,4395.88583
2026-09-09 19:40:00+00:00,4396.2508,4399.56487,4396.2508,4398.96056
2026-09-09 19:45:00+00:00,4397.47569,4401.60218,4397.47569,4400.86454
2026-09-09 19:50:00+00:00,4400.80643,4401.02607,4396.76398,4399.61183
2026-09-09 19:55:00+00:00,4399.3845,4400.22968,4398.50451,4398.58875
2026-09-09 20:00:00+00:00,4398.60251,4399.08499,4397.02323,4397.89914
2026-09-09 20:05:00+00:00,4397.67941,4397.67941,4396.37739,4396.97502
2026-09-09 20:10:00+00:00,4396.98407,4398.34517,4396.8688,4398.2356
2026-09-09 20:15:00+00:00,4398.02321,4398.02321,4395.35881,4395.62935
2026-09-09 20:20:00+00:00,4395.97066,4396.37873,4393.48008,4394.83683
2026-09-09 20:25:00+00:00,4394.64143,4396.02174,4394.05923,4394.25349
2026-09-09 20:30:00+00:00,4394.56074,4397.73077,4393.95132,4397.60562
2026-09-09 20:35:00+00:00,4397.41863,4401.40845,4395.87459,4399.41693
2026-09-09 20:40:00+00:00,4399.62363,4399.92906,4399.153,4399.91674
2026-09-09 20:45:00+00:00,4399.81595,4401.02104,4399.01233,4399.70087
2026-09-09 20:50:00+00:00,4399.76319,4400.44115,4399.66563,4400.33773
2026-09-09 20:55:00+00:00,4400.19374,4402.06134,4399.95696,4401.6959
2026-09-09 21:00:00+00:00,4401.22755,4402.37728,4401.22755,4401.62523
2026-09-09 21:05:00+00:00,4401.57118,4402.35707,4401.40845,4401.73045
2026-09-09 21:10:00+00:00,4401.64536,4401.89696,4401.49038,4401.61084
2026-09-09 21:15:00+00:00,4401.6133,4401.71571,4401.40845,4401.53013
2026-09-09 21:20:00+00:00,4401.5562,4401.89267,4401.40698,4401.59429
2026-09-09 21:25:00+00:00,4401.60643,4401.67856,4401.40845,4401.6441
2026-09-09 21:30:00+00:00,4401.55216,4401.77084,4401.50826,4401.69207
2026-09-09 21:35:00+00:00,4401.60565,4401.71175,4401.53452,4401.53452
2026-09-09 21:40:00+00:00,4401.55854,4401.74179,4401.40845,4401.62074
2026-09-09 21:45:00+00:00,4401.55475,4401.69355,4401.33713,4401.59796
2026-09-09 21:50:00+00:00,4401.49719,4401.75339,4401.48753,4401.54889
2026-09-09 21:55:00+00:00,4401.55457,4401.71097,4401.53917,4401.53917
2026-09-09 22:00:00+00:00,4401.5615,4406.06274,4401.54355,4405.98105
2026-09-09 22:05:00+00:00,4405.7932,4405.7932,4403.34654,4404.44517
2026-09-09 22:10:00+00:00,4404.09319,4405.60104,4402.95879,4403.69167
2026-09-09 22:15:00+00:00,4404.45095,4404.45095,4402.39328,4403.6711
2026-09-09 22:20:00+00:00,4403.53669,4403.66167,4401.40845,4401.53715
2026-09-09 22:25:00+00:00,4401.71128,4403.52444,4400.82736,4400.92703
2026-09-09 22:30:00+00:00,4401.06341,4403.9283,4400.44607,4403.80845
2026-09-09 22:35:00+00:00,4403.53431,4403.86549,4399.8592,4400.31686
2026-09-09 22:40:00+00:00,4400.39191,4401.9897,4400.32082,4401.9267
2026-09-09 22:45:00+00:00,4401.76589,4401.76589,4399.66563,4399.76027
2026-09-09 22:50:00+00:00,4399.90071,4400.44004,4399.02487,4399.12057
2026-09-09 22:55:00+00:00,4399.26155,4400.21449,4397.92418,4399.96682
2026-09-09 23:00:00+00:00,4399.35083,4402.7615,4399.35083,4402.56238
2026-09-09 23:05:00+00:00,4402.22037,4402.95879,4399.64581,4399.83055
2026-09-09 23:10:00+00:00,4400.0606,4402.37728,4399.08499,4402.13068
2026-09-09 23:15:00+00:00,4401.81283,4401.9897,4397.94939,4401.62248
2026-09-09 23:20:00+00:00,4400.93231,4401.45358,4398.09595,4398.61605
2026-09-09 23:25:00+00:00,4399.30248,4399.47206,4395.6044,4395.97664
2026-09-09 23:30:00+00:00,4396.52631,4399.08499,4394.25232,4394.43318
2026-09-09 23:35:00+00:00,4394.74356,4394.74356,4394.20286,4394.29752
2026-09-09 23:40:00+00:00,4394.32359,4394.32359,4393.67311,4393.99029
2026-09-09 23:45:00+00:00,4393.73892,4395.34847,4393.48008,4393.6279
2026-09-09 23:50:00+00:00,4393.93166,4394.83168,4393.89519,4394.7191
2026-09-09 23:55:00+00:00,4394.55681,4395.04189,4393.48008,4393.58004
2026-09-10 00:00:00+00:00,4393.63719,4394.25232,4390.00834,4390.07109
2026-09-10 00:05:00+00:00,4390.53018,4392.7081,4390.53018,4390.76613
2026-09-10 00:10:00+00:00,4391.27741,4396.57067,4391.27741,4395.77648
2026-09-10 00:15:00+00:00,4396.17798,4397.92418,4394.83168,4397.51915
2026-09-10 00:20:00+00:00,4397.20332,4397.73077,4395.6044,4395.76412
2026-09-10 00:25:00+00:00,4395.99601,4396.18411,4393.63641,4394.19848
2026-09-10 00:30:00+00:00,4394.94029,4394.94029,4392.32222,4392.44325
2026-09-10 00:35:00+00:00,4392.59348,4399.88767,4390.30084,4399.88767
2026-09-10 00:40:00+00:00,4400.261,4401.94233,4395.89434,4400.14253
2026-09-10 00:45:00+00:00,4402.43884,4402.43884,4396.55955,4399.55617
2026-09-10 00:50:00+00:00,4397.96977,4405.68979,4397.60529,4401.18959
2026-09-10 00:55:00+00:00,4403.45862,4405.85809,4400.52065,4402.19928
2026-09-10 01:00:00+00:00,4402.97891,4414.24993,4400.65245,4409.17456
2026-09-10 01:05:00+00:00,4408.38397,4419.13434,4407.18353,4417.52021
2026-09-10 01:10:00+00:00,4416.88367,4420.34796,4410.013844,4412.020781
2026-09-10 01:15:00+00:00,4412.034396,4417.66939,4410.50176,4417.059408
2026-09-10 01:20:00+00:00,4416.7128,4416.7128,4410.017514,4414.25366
2026-09-10 01:25:00+00:00,4414.48995,4421.64002,4410.27004,4411.4791
2026-09-10 01:30:00+00:00,4412.86773,4412.86773,4405.3386,4409.36479
2026-09-10 01:35:00+00:00,4407.14977,4411.69685,4405.044917,4408.011048
2026-09-10 01:40:00+00:00,4409.48256,4411.88851,4406.27504,4408.69505
2026-09-10 01:45:00+00:00,4409.20663,4415.72433,4408.69019,4411.93802
2026-09-10 01:50:00+00:00,4415.51686,4415.69694,4408.0040092,4408.65559
2026-09-10 01:55:00+00:00,4411.69505,4415.24561,4407.057592,4413.9867
2026-09-10 02:00:00+00:00,4411.99252,4419.00091984,4411.12431,4417.25262
2026-09-10 02:05:00+00:00,4416.3035,4420.62598,4414.85646,4416.55758
2026-09-10 02:10:00+00:00,4417.67928,4417.67928,4411.41574,4416.41169
2026-09-10 02:15:00+00:00,4415.59682,4415.67426,4407.76087,4411.49216
2026-09-10 02:20:00+00:00,4411.14648,4415.30248,4409.26396,4412.9343
2026-09-10 02:25:00+00:00,4415.58239,4418.74401,4412.2206,4416.16588
2026-09-10 02:30:00+00:00,4420.041008,4420.041008,4410.93371,4417.28139
2026-09-10 02:35:00+00:00,4414.85934,4421.51039,4413.70336,4420.77062
2026-09-10 02:40:00+00:00,4421.12531,4422.13429,4416.32783,4417.74326
2026-09-10 02:45:00+00:00,4416.91492,4421.47557,4416.029341,4420.1028
2026-09-10 02:50:00+00:00,4420.013381,4422.66019,4416.16588,4422.66019
2026-09-10 02:55:00+00:00,4422.74938,4422.74938,4416.8235,4417.98299
2026-09-10 03:00:00+00:00,4419.59085,4422.95524,4414.41595,4416.33794
2026-09-10 03:05:00+00:00,4416.81554,4418.73559,4411.20554,4414.24854
2026-09-10 03:10:00+00:00,4414.62809,4417.92245,4411.20179,4413.74188
2026-09-10 03:15:00+00:00,4412.33089,4415.69937,4410.89003,4415.55157
2026-09-10 03:20:00+00:00,4413.97249,4414.92136,4410.38951,4412.030879
2026-09-10 03:25:00+00:00,4413.64164,4413.84024,4408.28528,4412.29874
2026-09-10 03:30:00+00:00,4409.45468,4413.079195,4408.48946,4412.64069
2026-09-10 03:35:00+00:00,4411.064051,4411.78181,4405.98335,4408.18703
2026-09-10 03:40:00+00:00,4410.30204,4410.30204,4405.94016,4406.73727
2026-09-10 03:45:00+00:00,4407.098694,4411.43903,4406.61062,4410.43919
2026-09-10 03:50:00+00:00,4408.9719,4410.95708,4406.68547,4407.44333
2026-09-10 03:55:00+00:00,4410.66902,4410.66902,4407.031379,4408.27259
2026-09-10 04:00:00+00:00,4408.71004,4414.71655,4407.77829,4413.85948
2026-09-10 04:05:00+00:00,4414.10835,4415.95508,4410.27573,4414.46385
2026-09-10 04:10:00+00:00,4414.032348,4416.70412,4412.24487,4413.71804
2026-09-10 04:15:00+00:00,4414.17941,4416.94795,4412.88052,4416.71121
2026-09-10 04:20:00+00:00,4416.50861,4417.020364,4413.28721,4414.069433
2026-09-10 04:25:00+00:00,4413.65055,4416.037651,4410.51456,4411.31913
2026-09-10 04:30:00+00:00,4411.51095,4415.86015,4410.42895,4410.84307
2026-09-10 04:35:00+00:00,4413.65131,4413.65131,4407.65946,4410.1472
2026-09-10 04:40:00+00:00,4410.75876,4410.75876,4404.30266,4407.8119
2026-09-10 04:45:00+00:00,4408.48277,4411.69437,4405.63512,4410.80294
2026-09-10 04:50:00+00:00,4412.65979,4413.28189,4406.39509,4406.81508
2026-09-10 04:55:00+00:00,4407.086694,4410.5876,4406.053492,4408.14532
2026-09-10 05:00:00+00:00,4410.13521,4415.39698,4408.023166,4410.64818
2026-09-10 05:05:00+00:00,4410.1877,4416.33183,4408.97235,4416.33183
2026-09-10 05:10:00+00:00,4416.14403,4423.73248,4413.44273,4420.40371
2026-09-10 05:15:00+00:00,4418.57394,4421.32871,4415.79023,4420.41307
2026-09-10 05:20:00+00:00,4420.21732,4421.37608,4416.83377,4418.68116
2026-09-10 05:25:00+00:00,4419.31903,4422.10186,4415.39181,4422.10186
2026-09-10 05:30:00+00:00,4421.66088,4427.39403,4417.34054,4425.93467
2026-09-10 05:35:00+00:00,4425.84663,4428.00096526,4421.41944,4424.12235
2026-09-10 05:40:00+00:00,4425.03175,4429.48264,4422.62616,4429.13412
2026-09-10 05:45:00+00:00,4428.39723,4429.48264,4427.10859,4427.34454
2026-09-10 05:50:00+00:00,4427.68526,4428.49619,4424.38722,4427.4085
2026-09-10 05:55:00+00:00,4427.22767,4429.43619,4425.24933,4428.78668
2026-09-10 06:00:00+00:00,4427.97766,4430.46387,4427.52147,4427.74846
2026-09-10 06:05:00+00:00,4428.10804,4428.10804,4423.21302,4423.68294
2026-09-10 06:10:00+00:00,4423.88878,4423.88878,4417.21055,4417.80511
2026-09-10 06:15:00+00:00,4418.97968,4418.97968,4412.46658,4415.55049
2026-09-10 06:20:00+00:00,4415.05775,4415.20597,4411.52477,4413.87496
2026-09-10 06:25:00+00:00,4412.77925,4417.2116,4412.77925,4416.65191
2026-09-10 06:30:00+00:00,4415.19679,4418.52245,4415.19679,4416.51874
2026-09-10 06:35:00+00:00,4416.39237,4417.96044,4413.4522,4417.39472
2026-09-10 06:40:00+00:00,4416.55694,4426.93346,4416.55694,4426.38942
2026-09-10 06:45:00+00:00,4425.37945,4428.30573,4424.19148,4424.35306
2026-09-10 06:50:00+00:00,4424.60836,4428.69796,4423.5169,4425.44037
2026-09-10 06:55:00+00:00,4425.90036,4425.90036,4423.99575,4424.135
2026-09-10 07:00:00+00:00,4424.39313,4426.16847,4415.59588,4415.94099
2026-09-10 07:05:00+00:00,4416.50754,4416.76604,4414.62123,4415.25755
2026-09-10 07:10:00+00:00,4415.0251,4416.76604,4413.77809,4416.46725
2026-09-10 07:15:00+00:00,4416.63627,4416.63627,4412.47849,4413.00957
2026-09-10 07:20:00+00:00,4413.21431,4413.21431,4410.72689,4412.15269
2026-09-10 07:25:00+00:00,4411.87784,4411.93646,4408.90724,4408.99753
2026-09-10 07:30:00+00:00,4409.1252,4409.21384,4406.23761,4407.12394
2026-09-10 07:35:00+00:00,4409.17956,4409.17956,4404.89825,4406.63264
2026-09-10 07:40:00+00:00,4406.57604,4409.36505,4404.139,4408.48427
2026-09-10 07:45:00+00:00,4406.29079,4412.6732,4406.29079,4411.58296
2026-09-10 07:50:00+00:00,4411.6272,4415.20597,4411.6272,4414.39422
2026-09-10 07:55:00+00:00,4414.52115,4414.52115,4411.50521,4411.63949
2026-09-10 08:00:00+00:00,4411.88689,4412.2838,4408.25032,4408.6724
2026-09-10 08:05:00+00:00,4409.47572,4409.47572,4407.4221,4408.13941
2026-09-10 08:10:00+00:00,4408.31124,4409.75438,4406.04761,4406.57697
2026-09-10 08:15:00+00:00,4407.72524,4407.72524,4405.48042,4406.25258
2026-09-10 08:20:00+00:00,4406.10027,4407.4221,4405.88459,4407.25306
2026-09-10 08:25:00+00:00,4406.81932,4406.81932,4404.73764,4405.72805
2026-09-10 08:30:00+00:00,4405.42648,4405.86862,4400.63369,4400.89657
2026-09-10 08:35:00+00:00,4401.3626,4401.3626,4399.08499,4399.27611
2026-09-10 08:40:00+00:00,4399.61786,4400.44004,4395.79762,4396.00177
2026-09-10 08:45:00+00:00,4396.34601,4396.34601,4393.17342,4393.39856
2026-09-10 08:50:00+00:00,4393.817,4398.77427,4392.89294,4396.51985
2026-09-10 08:55:00+00:00,4396.7931,4397.37102,4394.05923,4395.51441
2026-09-10 09:00:00+00:00,4395.29091,4396.09774,4393.67311,4395.77382
2026-09-10 09:05:00+00:00,4395.33778,4395.79762,4391.55066,4393.19195
2026-09-10 09:10:00+00:00,4394.20006,4394.83168,4391.9364,4394.73905
2026-09-10 09:15:00+00:00,4394.43371,4396.18411,4394.43371,4395.69961
2026-09-10 09:20:00+00:00,4395.75958,4396.02021,4393.18198,4393.45842
2026-09-10 09:25:00+00:00,4393.88928,4395.218,4392.1293,4393.59946
2026-09-10 09:30:00+00:00,4394.08417,4394.08417,4390.53525,4390.78062
2026-09-10 09:35:00+00:00,4391.33626,4392.1293,4391.33626,4391.58059
2026-09-10 09:40:00+00:00,4391.65587,4392.57342,4388.85232,4391.60726
2026-09-10 09:45:00+00:00,4389.66326,4395.41119,4389.66326,4395.32785
2026-09-10 09:50:00+00:00,4395.15846,4395.38722,4393.91635,4395.17402
2026-09-10 09:55:00+00:00,4394.99654,4395.218,4393.77645,4393.92401
2026-09-10 10:00:00+00:00,4394.13769,4398.5637,4392.61272,4398.14949
2026-09-10 10:05:00+00:00,4397.20735,4401.05461,4394.31333,4395.15363
2026-09-10 10:10:00+00:00,4396.78729,4396.78729,4390.71955,4396.39409
2026-09-10 10:15:00+00:00,4395.81417,4400.06955,4394.78107,4398.25989
2026-09-10 10:20:00+00:00,4398.49747,4399.27852,4396.67186,4397.14064
2026-09-10 10:25:00+00:00,4398.09302,4398.09302,4394.7001,4394.93785
2026-09-10 10:30:00+00:00,4395.33685,4395.33685,4384.64221,4385.7002
2026-09-10 10:35:00+00:00,4387.13283,4387.13283,4379.43418,4384.48517
2026-09-10 10:40:00+00:00,4383.37669,4387.05108,4382.66592,4386.62169
2026-09-10 10:45:00+00:00,4385.94287,4385.94287,4381.35296,4381.65196
2026-09-10 10:50:00+00:00,4382.24437,4384.59135,4375.21876,4378.35127
2026-09-10 10:55:00+00:00,4378.09005,4387.11942,4374.78998,4379.73247
2026-09-10 11:00:00+00:00,4380.93055,4383.65772,4378.09203,4383.36107
2026-09-10 11:05:00+00:00,4382.82472,4384.54788,4378.95082,4382.79657
2026-09-10 11:10:00+00:00,4382.23393,4382.5659,4373.13148,4381.84661
2026-09-10 11:15:00+00:00,4380.03582,4384.42652,4380.03582,4382.89657
2026-09-10 11:20:00+00:00,4383.24304,4383.60294,4380.19057,4382.14909
2026-09-10 11:25:00+00:00,4381.90376,4388.6597,4381.90376,4386.3616
2026-09-10 11:30:00+00:00,4387.14957,4387.55193,4385.24819,4385.62236
2026-09-10 11:35:00+00:00,4386.14785,4389.22871,4385.10513,4385.84778
2026-09-10 11:40:00+00:00,4386.96495,4392.00805,4385.27035,4385.8408
2026-09-10 11:45:00+00:00,4387.1084,4387.1084,4380.58525,4380.84519
2026-09-10 11:50:00+00:00,4381.21453,4382.68951,4375.60165,4378.17364
2026-09-10 11:55:00+00:00,4377.32657,4379.62598,4375.02734,4376.82777
2026-09-10 12:00:00+00:00,4376.57888,4377.71687,4371.01145,4371.57832
2026-09-10 12:05:00+00:00,4372.63408,4374.4566,4370.8204,4374.2481
2026-09-10 12:10:00+00:00,4373.62324,4376.7507,4372.1581,4373.56967
2026-09-10 12:15:00+00:00,4374.00824,4377.75874,4367.00293,4372.62004
2026-09-10 12:20:00+00:00,4371.69214,4373.68789,4367.29745,4367.87364
2026-09-10 12:25:00+00:00,4369.14395,4369.14395,4362.05016,4362.24141
2026-09-10 12:30:00+00:00,4362.48103,4365.71926,4345.46026,4347.50282
2026-09-10 12:35:00+00:00,4351.60725,4351.60725,4326.36097,4327.53994
2026-09-10 12:40:00+00:00,4329.90314,4335.48731,4324.51133,4334.58303
2026-09-10 12:45:00+00:00,4332.30928,4347.25408,4328.59596,4342.74051
2026-09-10 12:50:00+00:00,4343.3322,4356.71142,4343.3322,4345.53292
2026-09-10 12:55:00+00:00,4346.25343,4346.25343,4337.45391,4343.57826
2026-09-10 13:00:00+00:00,4343.12,4353.50457,4335.98162,4352.96658
2026-09-10 13:05:00+00:00,4352.62956,4353.14191,4347.07007,4347.87982
2026-09-10 13:10:00+00:00,4347.91375,4350.85277,4345.55884,4345.80522
2026-09-10 13:15:00+00:00,4346.21273,4347.20794,4342.7281,4346.78507
2026-09-10 13:20:00+00:00,4345.71946,4356.23122,4344.55421,4352.258
2026-09-10 13:25:00+00:00,4353.48175,4356.80182,4344.47158,4355.77165
2026-09-10 13:30:00+00:00,4353.31786,4366.17119,4351.16061,4364.5211
2026-09-10 13:35:00+00:00,4361.93688,4371.96695,4360.90281,4370.82143
2026-09-10 13:40:00+00:00,4368.7966,4372.30384,4366.83712,4367.63581
2026-09-10 13:45:00+00:00,4369.45793,4375.02734,4364.21337,4374.20735
2026-09-10 13:50:00+00:00,4372.47971,4375.9846,4363.73321,4374.83412
2026-09-10 13:55:00+00:00,4372.67162,4372.67162,4365.28724,4368.12807
2026-09-10 14:00:00+00:00,4368.07524,4375.02734,4365.59767,4370.88112
2026-09-10 14:05:00+00:00,4371.58421,4371.58421,4362.8114,4363.0632
2026-09-10 14:10:00+00:00,4363.46967,4365.11574,4359.76806,4360.28508
2026-09-10 14:15:00+00:00,4361.18674,4361.69834,4353.60729,4354.81935
2026-09-10 14:20:00+00:00,4356.75534,4366.62154,4356.75534,4362.91638
2026-09-10 14:25:00+00:00,4364.73466,4376.1761,4355.61001,4366.49737
2026-09-10 14:30:00+00:00,4366.9088,4369.21211,4361.2892,4363.6734
2026-09-10 14:35:00+00:00,4362.95338,4368.84269,4360.93469,4366.90181
2026-09-10 14:40:00+00:00,4367.97293,4371.15767,4356.53917,4357.40788
2026-09-10 14:45:00+00:00,4358.8993,4360.29015,4355.4007,4355.87238
2026-09-10 14:50:00+00:00,4355.79765,4361.099,4355.79765,4360.83601
2026-09-10 14:55:00+00:00,4360.37671,4360.37671,4354.45243,4357.60533
2026-09-10 15:00:00+00:00,4357.79303,4358.05805,4353.50457,4354.58405
2026-09-10 15:05:00+00:00,4353.90034,4357.28118,4353.90034,4357.00634
2026-09-10 15:10:00+00:00,4356.31157,4359.95814,4356.31157,4358.40315
2026-09-10 15:15:00+00:00,4358.60106,4363.95374,4357.68003,4363.72927
2026-09-10 15:20:00+00:00,4363.36201,4366.0496,4362.43075,4365.84923
2026-09-10 15:25:00+00:00,4365.45858,4366.43088,4365.22797,4366.39018
2026-09-10 15:30:00+00:00,4366.16312,4367.76496,4363.00175,4366.4157
2026-09-10 15:35:00+00:00,4364.68469,4370.8204,4364.68469,4370.60773
2026-09-10 15:40:00+00:00,4370.25014,4370.25014,4365.28724,4365.38818
2026-09-10 15:45:00+00:00,4365.55036,4365.85898,4362.8114,4362.90825
2026-09-10 15:50:00+00:00,4362.93732,4370.24736,4360.1905,4367.72643
2026-09-10 15:55:00+00:00,4368.2656,4368.67654,4364.71564,4366.61459
2026-09-10 16:00:00+00:00,4366.0454,4368.619,4365.85898,4367.47412
2026-09-10 16:05:00+00:00,4367.45615,4369.76458,4360.95379,4361.89638
2026-09-10 16:10:00+00:00,4363.45114,4363.45114,4355.02134,4358.83042
2026-09-10 16:15:00+00:00,4357.91298,4359.76806,4355.24764,4355.67175
2026-09-10 16:20:00+00:00,4356.59183,4363.20612,4356.59183,4362.85945
2026-09-10 16:25:00+00:00,4362.31578,4363.19211,4358.75678,4362.79784
2026-09-10 16:30:00+00:00,4362.35605,4367.29719,4362.04264,4366.37101
2026-09-10 16:35:00+00:00,4364.2757,4366.19769,4355.4007,4360.77461
2026-09-10 16:40:00+00:00,4360.41191,4361.1136,4356.34938,4356.66556
2026-09-10 16:45:00+00:00,4357.3909,4362.8114,4356.71251,4362.43004
2026-09-10 16:50:00+00:00,4361.73381,4363.42577,4359.19791,4362.14704
2026-09-10 16:55:00+00:00,4362.28859,4363.82071,4359.76977,4363.25921
2026-09-10 17:00:00+00:00,4362.49634,4364.33466,4360.33836,4360.72324
2026-09-10 17:05:00+00:00,4361.30855,4364.52514,4359.24385,4363.42646
2026-09-10 17:10:00+00:00,4362.98457,4366.62154,4361.4411,4362.83936
2026-09-10 17:15:00+00:00,4363.83609,4364.6197,4361.099,4362.90188
2026-09-10 17:20:00+00:00,4363.14109,4365.28724,4363.14109,4364.01097
2026-09-10 17:25:00+00:00,4364.10647,4366.62154,4363.04871,4365.8804
2026-09-10 17:30:00+00:00,4365.82891,4365.82891,4363.26965,4363.48986
2026-09-10 17:35:00+00:00,4363.85875,4363.85875,4360.96803,4361.39075
2026-09-10 17:40:00+00:00,4362.27734,4362.27734,4354.85837,4358.06152
2026-09-10 17:45:00+00:00,4357.58799,4359.84714,4356.91879,4357.45311
2026-09-10 17:50:00+00:00,4357.69916,4359.95814,4356.80371,4359.57425
2026-09-10 17:55:00+00:00,4359.48688,4361.16272,4351.6101,4351.83316
2026-09-10 18:00:00+00:00,4352.08,4355.21101,4349.3389,4351.21742
2026-09-10 18:05:00+00:00,4351.21816,4351.21816,4343.6044,4345.64205
2026-09-10 18:10:00+00:00,4349.84145,4349.84145,4340.65457,4342.65922
2026-09-10 18:15:00+00:00,4342.47749,4344.55205,4340.46617,4341.43691
2026-09-10 18:20:00+00:00,4341.29606,4345.74769,4340.69976,4345.59049
2026-09-10 18:25:00+00:00,4345.26893,4345.52558,4337.19842,4340.4979
2026-09-10 18:30:00+00:00,4340.23468,4340.23468,4333.6256,4334.24248
2026-09-10 18:35:00+00:00,4335.62401,4336.13737,4331.78931,4333.63011
2026-09-10 18:40:00+00:00,4333.69035,4335.94936,4332.56791,4333.84072
2026-09-10 18:45:00+00:00,4334.12024,4334.88548,4331.25433,4331.33898
2026-09-10 18:50:00+00:00,4331.32429,4337.64206,4330.69161,4333.99131
2026-09-10 18:55:00+00:00,4336.12677,4337.07768,4330.87917,4331.29399
2026-09-10 19:00:00+00:00,4332.19839,4333.99362,4313.69166,4314.40215
2026-09-10 19:05:00+00:00,4315.75823,4320.90097,4315.75823,4317.45069
2026-09-10 19:10:00+00:00,4317.85393,4325.4466,4317.85393,4321.42853
2026-09-10 19:15:00+00:00,4321.51666,4323.7634,4319.80835,4320.4767
2026-09-10 19:20:00+00:00,4320.62949,4326.34848,4320.5876,4325.69645
2026-09-10 19:25:00+00:00,4324.57199,4331.06674,4324.57199,4328.28314
2026-09-10 19:30:00+00:00,4329.12902,4329.12902,4325.63371,4325.96015
2026-09-10 19:35:00+00:00,4326.53051,4328.80546,4324.32432,4324.6115
2026-09-10 19:40:00+00:00,4325.39141,4327.8802,4323.95036,4324.27782
2026-09-10 19:45:00+00:00,4324.87824,4325.25952,4322.51737,4322.9068
2026-09-10 19:50:00+00:00,4323.45625,4324.32939,4320.40093,4323.72549
2026-09-10 19:55:00+00:00,4328.71513,4331.67193,4322.82886,4322.99614
2026-09-10 20:00:00+00:00,4323.12958,4331.12218,4321.47525,4321.69553
2026-09-10 20:05:00+00:00,4321.97231,4323.35167,4320.49908,4323.0004
2026-09-10 20:10:00+00:00,4322.55035,4324.09387,4322.45515,4322.52605
2026-09-10 20:15:00+00:00,4322.59907,4323.20263,4322.26833,4322.52474
2026-09-10 20:20:00+00:00,4322.57245,4322.70288,4316.85733,4317.01943
2026-09-10 20:25:00+00:00,4317.28477,4319.09472,4317.04369,4319.05962
2026-09-10 20:30:00+00:00,4318.9372,4318.98419,4317.04369,4317.22674
2026-09-10 20:35:00+00:00,4317.21939,4317.97573,4316.42408,4317.67587
2026-09-10 20:40:00+00:00,4317.59699,4317.99941,4316.48465,4317.80968
2026-09-10 20:45:00+00:00,4317.28999,4318.84452,4316.8542,4317.27632
2026-09-10 20:50:00+00:00,4317.82982,4317.82982,4314.94134,4317.21253
2026-09-10 20:55:00+00:00,4316.77428,4319.13194,4316.67098,4316.75877
2026-09-10 21:00:00+00:00,4316.69142,4317.97573,4316.69142,4317.38001
2026-09-10 21:05:00+00:00,4317.31021,4317.49493,4317.23007,4317.24501
2026-09-10 21:10:00+00:00,4317.30425,4317.48477,4317.23007,4317.38465
2026-09-10 21:15:00+00:00,4317.30551,4317.60287,4317.23007,4317.41623
2026-09-10 21:20:00+00:00,4317.30702,4317.52887,4317.19926,4317.37956
2026-09-10 21:25:00+00:00,4317.29324,4317.58637,4317.23007,4317.25351
2026-09-10 21:30:00+00:00,4317.34216,4317.65892,4317.20712,4317.37853
2026-09-10 21:35:00+00:00,4317.37505,4317.4664,4317.04369,4317.3943
2026-09-10 21:40:00+00:00,4317.2953,4317.50636,4317.20194,4317.2215
2026-09-10 21:45:00+00:00,4317.22871,4317.46638,4317.22679,4317.23053
2026-09-10 21:50:00+00:00,4317.26733,4317.49274,4317.16176,4317.37006
2026-09-10 21:55:00+00:00,4317.31778,4317.31778,4317.04369,4317.23942
2026-09-10 22:00:00+00:00,4317.14433,4324.69835,4314.64752,4323.17756
2026-09-10 22:05:00+00:00,4322.73471,4322.99471,4321.11498,4321.39221
2026-09-10 22:10:00+00:00,4321.60113,4323.20263,4321.33443,4321.51668
2026-09-10 22:15:00+00:00,4321.81164,4321.82455,4320.02765,4320.56378
2026-09-10 22:20:00+00:00,4320.52081,4321.52118,4319.00171,4319.6519
2026-09-10 22:25:00+00:00,4319.9443,4319.9443,4319.46784,4319.65552
2026-09-10 22:30:00+00:00,4319.6027,4320.34577,4316.00179,4318.20175
2026-09-10 22:35:00+00:00,4317.70839,4318.90818,4316.9545,4317.93853
2026-09-10 22:40:00+00:00,4317.63751,4317.97573,4313.87774,4316.3697
2026-09-10 22:45:00+00:00,4316.69187,4317.91222,4315.55325,4317.618
2026-09-10 22:50:00+00:00,4317.23324,4318.90818,4317.23324,4317.9697
2026-09-10 22:55:00+00:00,4318.04734,4318.72343,4317.78929,4318.12466
2026-09-10 23:00:00+00:00,4318.30515,4319.24099,4317.97573,4318.58417
2026-09-10 23:05:00+00:00,4318.44412,4319.65443,4318.44412,4319.22812
2026-09-10 23:10:00+00:00,4319.07598,4319.60203,4317.41646,4317.5117
2026-09-10 23:15:00+00:00,4318.07596,4320.40093,4318.07596,4319.76061
2026-09-10 23:20:00+00:00,4319.65417,4321.18812,4318.2127,4318.46002
2026-09-10 23:25:00+00:00,4318.9135,4319.09472,4317.94625,4318.51821
2026-09-10 23:30:00+00:00,4318.59701,4319.68956,4316.79609,4319.46043
2026-09-10 23:35:00+00:00,4319.15661,4321.43159,4315.36702,4315.51236
2026-09-10 23:40:00+00:00,4315.78236,4317.23007,4315.36702,4316.10684
2026-09-10 23:45:00+00:00,4315.98013,4317.97573,4314.92207,4315.05376
2026-09-10 23:50:00+00:00,4315.24543,4316.11205,4313.50559,4314.06759
2026-09-10 23:55:00+00:00,4313.94984,4315.92577,4311.20034,4314.30339
2026-09-11 00:00:00+00:00,4314.40077,4321.43837,4311.6987,4321.22136
2026-09-11 00:05:00+00:00,4320.92676,4324.62903,4319.08916,4320.17121
2026-09-11 00:10:00+00:00,4321.92402,4321.92402,4315.7395,4318.97423
2026-09-11 00:15:00+00:00,4318.74294,4320.96098,4318.34866,4320.07721
2026-09-11 00:20:00+00:00,4319.90027,4321.89472,4319.46784,4321.43879
2026-09-11 00:25:00+00:00,4321.36541,4323.95036,4316.89137,4323.75199
2026-09-11 00:30:00+00:00,4323.45921,4326.79873,4319.84103,4322.14088
2026-09-11 00:35:00+00:00,4321.87447,4324.93691,4320.96098,4324.13311
2026-09-11 00:40:00+00:00,4322.13615,4327.00793,4320.96098,4325.6007
2026-09-11 00:45:00+00:00,4323.49601,4333.34064,4323.49601,4333.04377
2026-09-11 00:50:00+00:00,4332.26748,4333.71687,4332.26748,4333.23858
2026-09-11 00:55:00+00:00,4332.97501,4333.64111,4330.12904,4330.38795
2026-09-11 01:00:00+00:00,4330.45822,4339.18373,4327.1404,4338.75796
2026-09-11 01:05:00+00:00,4337.65665,4340.23797,4333.88229,4334.27002
2026-09-11 01:10:00+00:00,4334.99849,4338.95952,4334.61831,4335.55229
2026-09-11 01:15:00+00:00,4337.52029,4337.52029,4331.41175,4333.30977
2026-09-11 01:20:00+00:00,4334.91898,4334.91898,4323.62163,4324.21957
2026-09-11 01:25:00+00:00,4325.06417,4330.87917,4318.59192,4329.62158
2026-09-11 01:30:00+00:00,4329.6117,4332.38021,4327.35567,4332.03832
2026-09-11 01:35:00+00:00,4331.74677,4334.82162,4331.35727,4333.9102
2026-09-11 01:40:00+00:00,4334.32494,4334.32494,4323.57646,4325.32684
2026-09-11 01:45:00+00:00,4324.99936,4327.93021,4324.99936,4327.41923
2026-09-11 01:50:00+00:00,4326.07971,4329.37917,4325.56251,4326.04347
2026-09-11 01:55:00+00:00,4326.75229,4328.31777,4324.5821,4325.64909
2026-09-11 02:00:00+00:00,4326.17508,4331.96768,4326.17508,4330.56567
2026-09-11 02:05:00+00:00,4330.72665,4334.14235,4327.8802,4329.80393
2026-09-11 02:10:00+00:00,4329.3891,4331.40344,4329.04254,4331.15758
2026-09-11 02:15:00+00:00,4330.73771,4334.15769,4330.7346,4333.77948
2026-09-11 02:20:00+00:00,4333.2994,4335.36704,4328.67416,4328.93384
2026-09-11 02:25:00+00:00,4329.32635,4329.32635,4323.7634,4326.98435
2026-09-11 02:30:00+00:00,4326.31489,4326.99008,4317.23007,4319.25076
2026-09-11 02:35:00+00:00,4319.18179,4321.31541,4317.23007,4320.73785
2026-09-11 02:40:00+00:00,4319.9924,4324.14617,4319.9924,4320.37547
2026-09-11 02:45:00+00:00,4320.92582,4324.39413,4314.64163,4323.01648
2026-09-11 02:50:00+00:00,4321.09238,4326.38228,4321.09238,4323.96182
2026-09-11 02:55:00+00:00,4324.61561,4324.61561,4321.70794,4323.79473
2026-09-11 03:00:00+00:00,4323.45776,4326.38228,4322.74762,4324.3338
2026-09-11 03:05:00+00:00,4324.63334,4325.84046,4316.67098,4317.13453
2026-09-11 03:10:00+00:00,4317.41683,4319.32879,4314.99461,4318.78523
2026-09-11 03:15:00+00:00,4317.9619,4321.59084,4316.81005,4317.24466
2026-09-11 03:20:00+00:00,4317.94253,4317.94253,4302.68501,4303.63512
2026-09-11 03:25:00+00:00,4304.80553,4310.15904,4304.80553,4310.08237
2026-09-11 03:30:00+00:00,4319.20303,4319.57994,4307.74533,4308.40563
2026-09-11 03:35:00+00:00,4308.4124,4318.91086,4307.99402,4309.91085
2026-09-11 03:40:00+00:00,4309.59589,4312.76146,4308.00431,4312.51345
2026-09-11 03:45:00+00:00,4312.11042,4312.11042,4303.45407,4303.63868
2026-09-11 03:50:00+00:00,4303.9595,4303.9595,4301.81537,4302.88807
2026-09-11 03:55:00+00:00,4302.72237,4307.37422,4301.81537,4304.19876
2026-09-11 04:00:00+00:00,4305.07151,4308.15227,4302.3809,4306.72253
2026-09-11 04:05:00+00:00,4303.15647,4317.45846,4303.15647,4316.53229
2026-09-11 04:10:00+00:00,4314.75127,4323.95036,4314.75127,4323.69778
2026-09-11 04:15:00+00:00,4323.12788,4323.42287,4319.69813,4320.86147
2026-09-11 04:20:00+00:00,4320.65318,4326.75959,4318.57348,4326.30626
2026-09-11 04:25:00+00:00,4325.12449,4328.61197,4325.12449,4328.44229
2026-09-11 04:30:00+00:00,4327.90952,4329.29607,4327.90952,4328.36948
2026-09-11 04:35:00+00:00,4328.85746,4329.10341,4325.25952,4327.70949
2026-09-11 04:40:00+00:00,4327.52482,4332.00485,4327.52482,4331.33041
2026-09-11 04:45:00+00:00,4331.0736,4333.55246,4329.37917,4329.67184
2026-09-11 04:50:00+00:00,4330.17654,4334.82162,4328.83,4332.131
2026-09-11 04:55:00+00:00,4332.65448,4335.38542,4332.65448,4333.36769
2026-09-11 05:00:00+00:00,4334.16859,4334.16859,4328.59707,4330.16213
2026-09-11 05:05:00+00:00,4329.92958,4334.98622,4329.30917,4330.31891
2026-09-11 05:10:00+00:00,4331.1002,4336.11187,4331.1002,4335.03924
2026-09-11 05:15:00+00:00,4334.98706,4339.04518,4334.21407,4338.34768
2026-09-11 05:20:00+00:00,4336.69248,4340.0728,4335.57338,4337.53438
2026-09-11 05:25:00+00:00,4337.32618,4337.87274,4333.69447,4334.18175
2026-09-11 05:30:00+00:00,4334.2936,4339.57046,4332.87867,4336.26271
2026-09-11 05:35:00+00:00,4337.35281,4340.65457,4337.26579,4338.17195
2026-09-11 05:40:00+00:00,4338.48628,4341.88296,4334.44584,4341.10431
2026-09-11 05:45:00+00:00,4339.8693,4346.31433,4339.8693,4344.89424
2026-09-11 05:50:00+00:00,4345.02909,4346.50324,4343.59862,4346.26834
2026-09-11 05:55:00+00:00,4346.17165,4353.83847,4345.93655,4347.23018
2026-09-11 06:00:00+00:00,4348.56642,4355.02134,4344.43091,4354.31375
2026-09-11 06:05:00+00:00,4354.1809,4359.38794,4351.81426,4358.9891
2026-09-11 06:10:00+00:00,4358.04776,4359.40364,4354.62286,4358.7147
2026-09-11 06:15:00+00:00,4357.79236,4360.33836,4357.10862,4357.26212
2026-09-11 06:20:00+00:00,4357.44068,4359.00789,4353.57329,4353.82249
2026-09-11 06:25:00+00:00,4354.29364,4354.29364,4351.24343,4352.11816
2026-09-11 06:30:00+00:00,4352.34252,4352.56595,4347.47047,4348.25509
2026-09-11 06:35:00+00:00,4349.5811,4352.04313,4346.69217,4351.06275
2026-09-11 06:40:00+00:00,4350.91525,4353.30017,4348.9606,4349.38377
2026-09-11 06:45:00+00:00,4350.20714,4355.78012,4350.20714,4355.35689
2026-09-11 06:50:00+00:00,4354.63457,4354.63457,4350.28494,4351.77225
2026-09-11 06:55:00+00:00,4351.19924,4352.93409,4351.04207,4352.78514
2026-09-11 07:00:00+00:00,4352.50258,4355.96986,4352.36573,4353.35523
2026-09-11 07:05:00+00:00,4353.60561,4357.05549,4350.80735,4351.30759
2026-09-11 07:10:00+00:00,4351.99134,4354.26282,4349.90648,4353.8347
2026-09-11 07:15:00+00:00,4353.52769,4353.52769,4351.03807,4351.61536
2026-09-11 07:20:00+00:00,4351.4702,4351.4702,4347.83512,4348.33481
2026-09-11 07:25:00+00:00,4349.32435,4351.79947,4346.96392,4347.31815
2026-09-11 07:30:00+00:00,4347.9877,4347.9877,4345.4645,4345.78622
2026-09-11 07:35:00+00:00,4346.31842,4346.31842,4343.67127,4343.82839
2026-09-11 07:40:00+00:00,4344.06846,4345.51919,4343.79318,4345.28408
2026-09-11 07:45:00+00:00,4344.76785,4345.55884,4342.53952,4343.17296
2026-09-11 07:50:00+00:00,4343.11489,4343.11489,4341.78534,4342.65622
2026-09-11 07:55:00+00:00,4342.47102,4344.80361,4341.95108,4343.96746
2026-09-11 08:00:00+00:00,4343.96788,4346.69217,4342.9167,4343.26979
2026-09-11 08:05:00+00:00,4343.89847,4348.20419,4343.4826,4346.43464
2026-09-11 08:10:00+00:00,4346.63454,4348.63319,4341.74697,4348.19459
2026-09-11 08:15:00+00:00,4347.33282,4350.66348,4346.50324,4349.83571
2026-09-11 08:20:00+00:00,4349.44475,4351.93376,4343.53679,4350.07455
2026-09-11 08:25:00+00:00,4346.14146,4354.64205,4346.14146,4350.15817
2026-09-11 08:30:00+00:00,4350.59522,4355.78012,4350.59522,4353.95381
2026-09-11 08:35:00+00:00,4354.41265,4355.64495,4352.55713,4355.17511
2026-09-11 08:40:00+00:00,4354.49762,4357.49174,4352.36769,4352.8098
2026-09-11 08:45:00+00:00,4353.64111,4354.07324,4352.47031,4352.54555
2026-09-11 08:50:00+00:00,4352.69064,4353.53874,4350.4742,4351.67577
2026-09-11 08:55:00+00:00,4351.52068,4351.82543,4346.12543,4346.28573
2026-09-11 09:00:00+00:00,4346.52424,4354.07324,4344.91721,4349.46804
2026-09-11 09:05:00+00:00,4349.96657,4349.96657,4346.05075,4346.48409
2026-09-11 09:10:00+00:00,4347.07783,4347.4332,4343.67127,4345.46664
2026-09-11 09:15:00+00:00,4345.17005,4345.17005,4341.97386,4344.07454
2026-09-11 09:20:00+00:00,4343.14205,4345.78982,4343.14205,4345.72237
2026-09-11 09:25:00+00:00,4345.52502,4345.74769,4343.52934,4344.34516
2026-09-11 09:30:00+00:00,4344.54314,4345.08112,4341.59684,4344.57559
2026-09-11 09:35:00+00:00,4344.00931,4344.45075,4342.15147,4343.17126
2026-09-11 09:40:00+00:00,4343.51436,4343.51436,4341.33415,4343.18156
2026-09-11 09:45:00+00:00,4342.84409,4343.67127,4342.84409,4343.47975
2026-09-11 09:50:00+00:00,4343.15457,4344.4261,4343.15457,4344.38825
2026-09-11 09:55:00+00:00,4344.25465,4347.15064,4343.4826,4346.45423
2026-09-11 10:00:00+00:00,4345.07347,4349.06568,4345.07347,4347.62644
2026-09-11 10:05:00+00:00,4347.35275,4349.90648,4346.32507,4346.77549
2026-09-11 10:10:00+00:00,4347.28623,4347.44805,4343.6191,4345.83326
2026-09-11 10:15:00+00:00,4345.97258,4348.82037,4345.8487,4348.12899
2026-09-11 10:20:00+00:00,4347.26998,4349.90648,4346.31433,4347.75695
2026-09-11 10:25:00+00:00,4347.58298,4349.3389,4345.81738,4347.89448
2026-09-11 10:30:00+00:00,4347.87757,4348.77147,4347.87757,4348.68075
2026-09-11 10:35:00+00:00,4348.50726,4348.9606,4344.04865,4344.30871
2026-09-11 10:40:00+00:00,4344.44072,4346.50324,4343.87014,4345.90915
2026-09-11 10:45:00+00:00,4345.61162,4346.12543,4342.53952,4343.08918
2026-09-11 10:50:00+00:00,4342.97208,4342.97208,4340.89261,4341.08085
2026-09-11 10:55:00+00:00,4341.3243,4341.3243,4337.64206,4337.80483
2026-09-11 11:00:00+00:00,4337.90477,4341.40835,4337.45391,4341.25834
2026-09-11 11:05:00+00:00,4340.9086,4340.9086,4337.45391,4338.18732
2026-09-11 11:10:00+00:00,4338.11163,4338.28345,4334.38259,4337.51369
2026-09-11 11:15:00+00:00,4336.67354,4338.71424,4336.67354,4338.38903
2026-09-11 11:20:00+00:00,4337.67453,4339.29102,4337.49421,4337.78167
2026-09-11 11:25:00+00:00,4338.42545,4340.27778,4336.74896,4337.19442
2026-09-11 11:30:00+00:00,4338.15613,4338.15613,4333.01664,4334.83093
2026-09-11 11:35:00+00:00,4335.00519,4335.00519,4329.79171,4334.36772
2026-09-11 11:40:00+00:00,4333.92896,4333.92896,4332.75563,4332.84577
